lat_bin,lon_bin,centroid_lat,centroid_lon,used_in_analysis
37.5,-122.5,37.75,-122.25,1
38.5,-77.5,38.75,-77.25,1
37.0,-122.5,37.25,-122.25,1
42.0,-71.5,42.25,-71.25,1
47.5,-122.5,47.75,-122.25,1
34.0,-118.5,34.25,-118.25,1
32.5,-117.5,32.75,-117.25,1
39.0,-77.0,39.25,-76.75,1
40.5,-74.0,40.75,-73.75,1
37.0,-122.0,37.25,-121.75,1
33.5,-118.0,33.75,-117.75,1
41.5,-88.0,41.75,-87.75,1
39.0,-77.5,39.25,-77.25,1
38.0,-123.0,38.25,-122.75,1
36.5,-122.0,36.75,-121.75,1
35.5,-79.0,35.75,-78.75,1
33.0,-117.5,33.25,-117.25,1
45.5,-123.0,45.75,-122.75,1
37.5,-123.0,37.75,-122.75,1
44.0,-73.0,44.25,-72.75,1
24.0,-125.0,24.25,-124.75,0
24.0,-124.5,24.25,-124.25,0
24.0,-124.0,24.25,-123.75,0
24.0,-123.5,24.25,-123.25,0
24.0,-123.0,24.25,-122.75,0
24.0,-122.5,24.25,-122.25,0
24.0,-122.0,24.25,-121.75,0
24.0,-121.5,24.25,-121.25,0
24.0,-121.0,24.25,-120.75,0
24.0,-120.5,24.25,-120.25,0
24.0,-120.0,24.25,-119.75,0
24.0,-119.5,24.25,-119.25,0
24.0,-119.0,24.25,-118.75,0
24.0,-118.5,24.25,-118.25,0
24.0,-118.0,24.25,-117.75,0
24.0,-117.5,24.25,-117.25,0
24.0,-117.0,24.25,-116.75,0
24.0,-116.5,24.25,-116.25,0
24.0,-116.0,24.25,-115.75,0
24.0,-115.5,24.25,-115.25,0
24.0,-115.0,24.25,-114.75,0
24.0,-114.5,24.25,-114.25,0
24.0,-114.0,24.25,-113.75,0
24.0,-113.5,24.25,-113.25,0
24.0,-113.0,24.25,-112.75,0
24.0,-112.5,24.25,-112.25,0
24.0,-112.0,24.25,-111.75,0
24.0,-111.5,24.25,-111.25,0
24.0,-111.0,24.25,-110.75,0
24.0,-110.5,24.25,-110.25,0
24.0,-110.0,24.25,-109.75,0
24.0,-109.5,24.25,-109.25,0
24.0,-109.0,24.25,-108.75,0
24.0,-108.5,24.25,-108.25,0
24.0,-108.0,24.25,-107.75,0
24.0,-107.5,24.25,-107.25,0
24.0,-107.0,24.25,-106.75,0
24.0,-106.5,24.25,-106.25,0
24.0,-106.0,24.25,-105.75,0
24.0,-105.5,24.25,-105.25,0
24.0,-105.0,24.25,-104.75,0
24.0,-104.5,24.25,-104.25,0
24.0,-104.0,24.25,-103.75,0
24.0,-103.5,24.25,-103.25,0
24.0,-103.0,24.25,-102.75,0
24.0,-102.5,24.25,-102.25,0
24.0,-102.0,24.25,-101.75,0
24.0,-101.5,24.25,-101.25,0
24.0,-101.0,24.25,-100.75,0
24.0,-100.5,24.25,-100.25,0
24.0,-100.0,24.25,-99.75,0
24.0,-99.5,24.25,-99.25,0
24.0,-99.0,24.25,-98.75,0
24.0,-98.5,24.25,-98.25,0
24.0,-98.0,24.25,-97.75,0
24.0,-97.5,24.25,-97.25,0
24.0,-97.0,24.25,-96.75,0
24.0,-96.5,24.25,-96.25,0
24.0,-96.0,24.25,-95.75,0
24.0,-95.5,24.25,-95.25,0
24.0,-95.0,24.25,-94.75,0
24.0,-94.5,24.25,-94.25,0
24.0,-94.0,24.25,-93.75,0
24.0,-93.5,24.25,-93.25,0
24.0,-93.0,24.25,-92.75,0
24.0,-92.5,24.25,-92.25,0
24.0,-92.0,24.25,-91.75,0
24.0,-91.5,24.25,-91.25,0
24.0,-91.0,24.25,-90.75,0
24.0,-90.5,24.25,-90.25,0
24.0,-90.0,24.25,-89.75,0
24.0,-89.5,24.25,-89.25,0
24.0,-89.0,24.25,-88.75,0
24.0,-88.5,24.25,-88.25,0
24.0,-88.0,24.25,-87.75,0
24.0,-87.5,24.25,-87.25,0
24.0,-87.0,24.25,-86.75,0
24.0,-86.5,24.25,-86.25,0
24.0,-86.0,24.25,-85.75,0
24.0,-85.5,24.25,-85.25,0
24.0,-85.0,24.25,-84.75,0
24.0,-84.5,24.25,-84.25,0
24.0,-84.0,24.25,-83.75,0
24.0,-83.5,24.25,-83.25,0
24.0,-83.0,24.25,-82.75,0
24.0,-82.5,24.25,-82.25,0
24.0,-82.0,24.25,-81.75,0
24.0,-81.5,24.25,-81.25,0
24.0,-81.0,24.25,-80.75,0
24.0,-80.5,24.25,-80.25,0
24.0,-80.0,24.25,-79.75,0
24.0,-79.5,24.25,-79.25,0
24.0,-79.0,24.25,-78.75,0
24.0,-78.5,24.25,-78.25,0
24.0,-78.0,24.25,-77.75,0
24.0,-77.5,24.25,-77.25,0
24.0,-77.0,24.25,-76.75,0
24.0,-76.5,24.25,-76.25,0
24.0,-76.0,24.25,-75.75,0
24.0,-75.5,24.25,-75.25,0
24.0,-75.0,24.25,-74.75,0
24.0,-74.5,24.25,-74.25,0
24.0,-74.0,24.25,-73.75,0
24.0,-73.5,24.25,-73.25,0
24.0,-73.0,24.25,-72.75,0
24.0,-72.5,24.25,-72.25,0
24.0,-72.0,24.25,-71.75,0
24.0,-71.5,24.25,-71.25,0
24.0,-71.0,24.25,-70.75,0
24.0,-70.5,24.25,-70.25,0
24.0,-70.0,24.25,-69.75,0
24.0,-69.5,24.25,-69.25,0
24.0,-69.0,24.25,-68.75,0
24.0,-68.5,24.25,-68.25,0
24.0,-68.0,24.25,-67.75,0
24.0,-67.5,24.25,-67.25,0
24.0,-67.0,24.25,-66.75,0
24.0,-66.5,24.25,-66.25,0
24.5,-125.0,24.75,-124.75,0
24.5,-124.5,24.75,-124.25,0
24.5,-124.0,24.75,-123.75,0
24.5,-123.5,24.75,-123.25,0
24.5,-123.0,24.75,-122.75,0
24.5,-122.5,24.75,-122.25,0
24.5,-122.0,24.75,-121.75,0
24.5,-121.5,24.75,-121.25,0
24.5,-121.0,24.75,-120.75,0
24.5,-120.5,24.75,-120.25,0
24.5,-120.0,24.75,-119.75,0
24.5,-119.5,24.75,-119.25,0
24.5,-119.0,24.75,-118.75,0
24.5,-118.5,24.75,-118.25,0
24.5,-118.0,24.75,-117.75,0
24.5,-117.5,24.75,-117.25,0
24.5,-117.0,24.75,-116.75,0
24.5,-116.5,24.75,-116.25,0
24.5,-116.0,24.75,-115.75,0
24.5,-115.5,24.75,-115.25,0
24.5,-115.0,24.75,-114.75,0
24.5,-114.5,24.75,-114.25,0
24.5,-114.0,24.75,-113.75,0
24.5,-113.5,24.75,-113.25,0
24.5,-113.0,24.75,-112.75,0
24.5,-112.5,24.75,-112.25,0
24.5,-112.0,24.75,-111.75,0
24.5,-111.5,24.75,-111.25,0
24.5,-111.0,24.75,-110.75,0
24.5,-110.5,24.75,-110.25,0
24.5,-110.0,24.75,-109.75,0
24.5,-109.5,24.75,-109.25,0
24.5,-109.0,24.75,-108.75,0
24.5,-108.5,24.75,-108.25,0
24.5,-108.0,24.75,-107.75,0
24.5,-107.5,24.75,-107.25,0
24.5,-107.0,24.75,-106.75,0
24.5,-106.5,24.75,-106.25,0
24.5,-106.0,24.75,-105.75,0
24.5,-105.5,24.75,-105.25,0
24.5,-105.0,24.75,-104.75,0
24.5,-104.5,24.75,-104.25,0
24.5,-104.0,24.75,-103.75,0
24.5,-103.5,24.75,-103.25,0
24.5,-103.0,24.75,-102.75,0
24.5,-102.5,24.75,-102.25,0
24.5,-102.0,24.75,-101.75,0
24.5,-101.5,24.75,-101.25,0
24.5,-101.0,24.75,-100.75,0
24.5,-100.5,24.75,-100.25,0
24.5,-100.0,24.75,-99.75,0
24.5,-99.5,24.75,-99.25,0
24.5,-99.0,24.75,-98.75,0
24.5,-98.5,24.75,-98.25,0
24.5,-98.0,24.75,-97.75,0
24.5,-97.5,24.75,-97.25,0
24.5,-97.0,24.75,-96.75,0
24.5,-96.5,24.75,-96.25,0
24.5,-96.0,24.75,-95.75,0
24.5,-95.5,24.75,-95.25,0
24.5,-95.0,24.75,-94.75,0
24.5,-94.5,24.75,-94.25,0
24.5,-94.0,24.75,-93.75,0
24.5,-93.5,24.75,-93.25,0
24.5,-93.0,24.75,-92.75,0
24.5,-92.5,24.75,-92.25,0
24.5,-92.0,24.75,-91.75,0
24.5,-91.5,24.75,-91.25,0
24.5,-91.0,24.75,-90.75,0
24.5,-90.5,24.75,-90.25,0
24.5,-90.0,24.75,-89.75,0
24.5,-89.5,24.75,-89.25,0
24.5,-89.0,24.75,-88.75,0
24.5,-88.5,24.75,-88.25,0
24.5,-88.0,24.75,-87.75,0
24.5,-87.5,24.75,-87.25,0
24.5,-87.0,24.75,-86.75,0
24.5,-86.5,24.75,-86.25,0
24.5,-86.0,24.75,-85.75,0
24.5,-85.5,24.75,-85.25,0
24.5,-85.0,24.75,-84.75,0
24.5,-84.5,24.75,-84.25,0
24.5,-84.0,24.75,-83.75,0
24.5,-83.5,24.75,-83.25,0
24.5,-83.0,24.75,-82.75,0
24.5,-82.5,24.75,-82.25,0
24.5,-82.0,24.75,-81.75,0
24.5,-81.5,24.75,-81.25,0
24.5,-81.0,24.75,-80.75,0
24.5,-80.5,24.75,-80.25,0
24.5,-80.0,24.75,-79.75,0
24.5,-79.5,24.75,-79.25,0
24.5,-79.0,24.75,-78.75,0
24.5,-78.5,24.75,-78.25,0
24.5,-78.0,24.75,-77.75,0
24.5,-77.5,24.75,-77.25,0
24.5,-77.0,24.75,-76.75,0
24.5,-76.5,24.75,-76.25,0
24.5,-76.0,24.75,-75.75,0
24.5,-75.5,24.75,-75.25,0
24.5,-75.0,24.75,-74.75,0
24.5,-74.5,24.75,-74.25,0
24.5,-74.0,24.75,-73.75,0
24.5,-73.5,24.75,-73.25,0
24.5,-73.0,24.75,-72.75,0
24.5,-72.5,24.75,-72.25,0
24.5,-72.0,24.75,-71.75,0
24.5,-71.5,24.75,-71.25,0
24.5,-71.0,24.75,-70.75,0
24.5,-70.5,24.75,-70.25,0
24.5,-70.0,24.75,-69.75,0
24.5,-69.5,24.75,-69.25,0
24.5,-69.0,24.75,-68.75,0
24.5,-68.5,24.75,-68.25,0
24.5,-68.0,24.75,-67.75,0
24.5,-67.5,24.75,-67.25,0
24.5,-67.0,24.75,-66.75,0
24.5,-66.5,24.75,-66.25,0
25.0,-125.0,25.25,-124.75,0
25.0,-124.5,25.25,-124.25,0
25.0,-124.0,25.25,-123.75,0
25.0,-123.5,25.25,-123.25,0
25.0,-123.0,25.25,-122.75,0
25.0,-122.5,25.25,-122.25,0
25.0,-122.0,25.25,-121.75,0
25.0,-121.5,25.25,-121.25,0
25.0,-121.0,25.25,-120.75,0
25.0,-120.5,25.25,-120.25,0
25.0,-120.0,25.25,-119.75,0
25.0,-119.5,25.25,-119.25,0
25.0,-119.0,25.25,-118.75,0
25.0,-118.5,25.25,-118.25,0
25.0,-118.0,25.25,-117.75,0
25.0,-117.5,25.25,-117.25,0
25.0,-117.0,25.25,-116.75,0
25.0,-116.5,25.25,-116.25,0
25.0,-116.0,25.25,-115.75,0
25.0,-115.5,25.25,-115.25,0
25.0,-115.0,25.25,-114.75,0
25.0,-114.5,25.25,-114.25,0
25.0,-114.0,25.25,-113.75,0
25.0,-113.5,25.25,-113.25,0
25.0,-113.0,25.25,-112.75,0
25.0,-112.5,25.25,-112.25,0
25.0,-112.0,25.25,-111.75,0
25.0,-111.5,25.25,-111.25,0
25.0,-111.0,25.25,-110.75,0
25.0,-110.5,25.25,-110.25,0
25.0,-110.0,25.25,-109.75,0
25.0,-109.5,25.25,-109.25,0
25.0,-109.0,25.25,-108.75,0
25.0,-108.5,25.25,-108.25,0
25.0,-108.0,25.25,-107.75,0
25.0,-107.5,25.25,-107.25,0
25.0,-107.0,25.25,-106.75,0
25.0,-106.5,25.25,-106.25,0
25.0,-106.0,25.25,-105.75,0
25.0,-105.5,25.25,-105.25,0
25.0,-105.0,25.25,-104.75,0
25.0,-104.5,25.25,-104.25,0
25.0,-104.0,25.25,-103.75,0
25.0,-103.5,25.25,-103.25,0
25.0,-103.0,25.25,-102.75,0
25.0,-102.5,25.25,-102.25,0
25.0,-102.0,25.25,-101.75,0
25.0,-101.5,25.25,-101.25,0
25.0,-101.0,25.25,-100.75,0
25.0,-100.5,25.25,-100.25,0
25.0,-100.0,25.25,-99.75,0
25.0,-99.5,25.25,-99.25,0
25.0,-99.0,25.25,-98.75,0
25.0,-98.5,25.25,-98.25,0
25.0,-98.0,25.25,-97.75,0
25.0,-97.5,25.25,-97.25,0
25.0,-97.0,25.25,-96.75,0
25.0,-96.5,25.25,-96.25,0
25.0,-96.0,25.25,-95.75,0
25.0,-95.5,25.25,-95.25,0
25.0,-95.0,25.25,-94.75,0
25.0,-94.5,25.25,-94.25,0
25.0,-94.0,25.25,-93.75,0
25.0,-93.5,25.25,-93.25,0
25.0,-93.0,25.25,-92.75,0
25.0,-92.5,25.25,-92.25,0
25.0,-92.0,25.25,-91.75,0
25.0,-91.5,25.25,-91.25,0
25.0,-91.0,25.25,-90.75,0
25.0,-90.5,25.25,-90.25,0
25.0,-90.0,25.25,-89.75,0
25.0,-89.5,25.25,-89.25,0
25.0,-89.0,25.25,-88.75,0
25.0,-88.5,25.25,-88.25,0
25.0,-88.0,25.25,-87.75,0
25.0,-87.5,25.25,-87.25,0
25.0,-87.0,25.25,-86.75,0
25.0,-86.5,25.25,-86.25,0
25.0,-86.0,25.25,-85.75,0
25.0,-85.5,25.25,-85.25,0
25.0,-85.0,25.25,-84.75,0
25.0,-84.5,25.25,-84.25,0
25.0,-84.0,25.25,-83.75,0
25.0,-83.5,25.25,-83.25,0
25.0,-83.0,25.25,-82.75,0
25.0,-82.5,25.25,-82.25,0
25.0,-82.0,25.25,-81.75,0
25.0,-81.5,25.25,-81.25,0
25.0,-81.0,25.25,-80.75,0
25.0,-80.5,25.25,-80.25,0
25.0,-80.0,25.25,-79.75,0
25.0,-79.5,25.25,-79.25,0
25.0,-79.0,25.25,-78.75,0
25.0,-78.5,25.25,-78.25,0
25.0,-78.0,25.25,-77.75,0
25.0,-77.5,25.25,-77.25,0
25.0,-77.0,25.25,-76.75,0
25.0,-76.5,25.25,-76.25,0
25.0,-76.0,25.25,-75.75,0
25.0,-75.5,25.25,-75.25,0
25.0,-75.0,25.25,-74.75,0
25.0,-74.5,25.25,-74.25,0
25.0,-74.0,25.25,-73.75,0
25.0,-73.5,25.25,-73.25,0
25.0,-73.0,25.25,-72.75,0
25.0,-72.5,25.25,-72.25,0
25.0,-72.0,25.25,-71.75,0
25.0,-71.5,25.25,-71.25,0
25.0,-71.0,25.25,-70.75,0
25.0,-70.5,25.25,-70.25,0
25.0,-70.0,25.25,-69.75,0
25.0,-69.5,25.25,-69.25,0
25.0,-69.0,25.25,-68.75,0
25.0,-68.5,25.25,-68.25,0
25.0,-68.0,25.25,-67.75,0
25.0,-67.5,25.25,-67.25,0
25.0,-67.0,25.25,-66.75,0
25.0,-66.5,25.25,-66.25,0
25.5,-125.0,25.75,-124.75,0
25.5,-124.5,25.75,-124.25,0
25.5,-124.0,25.75,-123.75,0
25.5,-123.5,25.75,-123.25,0
25.5,-123.0,25.75,-122.75,0
25.5,-122.5,25.75,-122.25,0
25.5,-122.0,25.75,-121.75,0
25.5,-121.5,25.75,-121.25,0
25.5,-121.0,25.75,-120.75,0
25.5,-120.5,25.75,-120.25,0
25.5,-120.0,25.75,-119.75,0
25.5,-119.5,25.75,-119.25,0
25.5,-119.0,25.75,-118.75,0
25.5,-118.5,25.75,-118.25,0
25.5,-118.0,25.75,-117.75,0
25.5,-117.5,25.75,-117.25,0
25.5,-117.0,25.75,-116.75,0
25.5,-116.5,25.75,-116.25,0
25.5,-116.0,25.75,-115.75,0
25.5,-115.5,25.75,-115.25,0
25.5,-115.0,25.75,-114.75,0
25.5,-114.5,25.75,-114.25,0
25.5,-114.0,25.75,-113.75,0
25.5,-113.5,25.75,-113.25,0
25.5,-113.0,25.75,-112.75,0
25.5,-112.5,25.75,-112.25,0
25.5,-112.0,25.75,-111.75,0
25.5,-111.5,25.75,-111.25,0
25.5,-111.0,25.75,-110.75,0
25.5,-110.5,25.75,-110.25,0
25.5,-110.0,25.75,-109.75,0
25.5,-109.5,25.75,-109.25,0
25.5,-109.0,25.75,-108.75,0
25.5,-108.5,25.75,-108.25,0
25.5,-108.0,25.75,-107.75,0
25.5,-107.5,25.75,-107.25,0
25.5,-107.0,25.75,-106.75,0
25.5,-106.5,25.75,-106.25,0
25.5,-106.0,25.75,-105.75,0
25.5,-105.5,25.75,-105.25,0
25.5,-105.0,25.75,-104.75,0
25.5,-104.5,25.75,-104.25,0
25.5,-104.0,25.75,-103.75,0
25.5,-103.5,25.75,-103.25,0
25.5,-103.0,25.75,-102.75,0
25.5,-102.5,25.75,-102.25,0
25.5,-102.0,25.75,-101.75,0
25.5,-101.5,25.75,-101.25,0
25.5,-101.0,25.75,-100.75,0
25.5,-100.5,25.75,-100.25,0
25.5,-100.0,25.75,-99.75,0
25.5,-99.5,25.75,-99.25,0
25.5,-99.0,25.75,-98.75,0
25.5,-98.5,25.75,-98.25,0
25.5,-98.0,25.75,-97.75,0
25.5,-97.5,25.75,-97.25,0
25.5,-97.0,25.75,-96.75,0
25.5,-96.5,25.75,-96.25,0
25.5,-96.0,25.75,-95.75,0
25.5,-95.5,25.75,-95.25,0
25.5,-95.0,25.75,-94.75,0
25.5,-94.5,25.75,-94.25,0
25.5,-94.0,25.75,-93.75,0
25.5,-93.5,25.75,-93.25,0
25.5,-93.0,25.75,-92.75,0
25.5,-92.5,25.75,-92.25,0
25.5,-92.0,25.75,-91.75,0
25.5,-91.5,25.75,-91.25,0
25.5,-91.0,25.75,-90.75,0
25.5,-90.5,25.75,-90.25,0
25.5,-90.0,25.75,-89.75,0
25.5,-89.5,25.75,-89.25,0
25.5,-89.0,25.75,-88.75,0
25.5,-88.5,25.75,-88.25,0
25.5,-88.0,25.75,-87.75,0
25.5,-87.5,25.75,-87.25,0
25.5,-87.0,25.75,-86.75,0
25.5,-86.5,25.75,-86.25,0
25.5,-86.0,25.75,-85.75,0
25.5,-85.5,25.75,-85.25,0
25.5,-85.0,25.75,-84.75,0
25.5,-84.5,25.75,-84.25,0
25.5,-84.0,25.75,-83.75,0
25.5,-83.5,25.75,-83.25,0
25.5,-83.0,25.75,-82.75,0
25.5,-82.5,25.75,-82.25,0
25.5,-82.0,25.75,-81.75,0
25.5,-81.5,25.75,-81.25,0
25.5,-81.0,25.75,-80.75,0
25.5,-80.5,25.75,-80.25,0
25.5,-80.0,25.75,-79.75,0
25.5,-79.5,25.75,-79.25,0
25.5,-79.0,25.75,-78.75,0
25.5,-78.5,25.75,-78.25,0
25.5,-78.0,25.75,-77.75,0
25.5,-77.5,25.75,-77.25,0
25.5,-77.0,25.75,-76.75,0
25.5,-76.5,25.75,-76.25,0
25.5,-76.0,25.75,-75.75,0
25.5,-75.5,25.75,-75.25,0
25.5,-75.0,25.75,-74.75,0
25.5,-74.5,25.75,-74.25,0
25.5,-74.0,25.75,-73.75,0
25.5,-73.5,25.75,-73.25,0
25.5,-73.0,25.75,-72.75,0
25.5,-72.5,25.75,-72.25,0
25.5,-72.0,25.75,-71.75,0
25.5,-71.5,25.75,-71.25,0
25.5,-71.0,25.75,-70.75,0
25.5,-70.5,25.75,-70.25,0
25.5,-70.0,25.75,-69.75,0
25.5,-69.5,25.75,-69.25,0
25.5,-69.0,25.75,-68.75,0
25.5,-68.5,25.75,-68.25,0
25.5,-68.0,25.75,-67.75,0
25.5,-67.5,25.75,-67.25,0
25.5,-67.0,25.75,-66.75,0
25.5,-66.5,25.75,-66.25,0
26.0,-125.0,26.25,-124.75,0
26.0,-124.5,26.25,-124.25,0
26.0,-124.0,26.25,-123.75,0
26.0,-123.5,26.25,-123.25,0
26.0,-123.0,26.25,-122.75,0
26.0,-122.5,26.25,-122.25,0
26.0,-122.0,26.25,-121.75,0
26.0,-121.5,26.25,-121.25,0
26.0,-121.0,26.25,-120.75,0
26.0,-120.5,26.25,-120.25,0
26.0,-120.0,26.25,-119.75,0
26.0,-119.5,26.25,-119.25,0
26.0,-119.0,26.25,-118.75,0
26.0,-118.5,26.25,-118.25,0
26.0,-118.0,26.25,-117.75,0
26.0,-117.5,26.25,-117.25,0
26.0,-117.0,26.25,-116.75,0
26.0,-116.5,26.25,-116.25,0
26.0,-116.0,26.25,-115.75,0
26.0,-115.5,26.25,-115.25,0
26.0,-115.0,26.25,-114.75,0
26.0,-114.5,26.25,-114.25,0
26.0,-114.0,26.25,-113.75,0
26.0,-113.5,26.25,-113.25,0
26.0,-113.0,26.25,-112.75,0
26.0,-112.5,26.25,-112.25,0
26.0,-112.0,26.25,-111.75,0
26.0,-111.5,26.25,-111.25,0
26.0,-111.0,26.25,-110.75,0
26.0,-110.5,26.25,-110.25,0
26.0,-110.0,26.25,-109.75,0
26.0,-109.5,26.25,-109.25,0
26.0,-109.0,26.25,-108.75,0
26.0,-108.5,26.25,-108.25,0
26.0,-108.0,26.25,-107.75,0
26.0,-107.5,26.25,-107.25,0
26.0,-107.0,26.25,-106.75,0
26.0,-106.5,26.25,-106.25,0
26.0,-106.0,26.25,-105.75,0
26.0,-105.5,26.25,-105.25,0
26.0,-105.0,26.25,-104.75,0
26.0,-104.5,26.25,-104.25,0
26.0,-104.0,26.25,-103.75,0
26.0,-103.5,26.25,-103.25,0
26.0,-103.0,26.25,-102.75,0
26.0,-102.5,26.25,-102.25,0
26.0,-102.0,26.25,-101.75,0
26.0,-101.5,26.25,-101.25,0
26.0,-101.0,26.25,-100.75,0
26.0,-100.5,26.25,-100.25,0
26.0,-100.0,26.25,-99.75,0
26.0,-99.5,26.25,-99.25,0
26.0,-99.0,26.25,-98.75,0
26.0,-98.5,26.25,-98.25,0
26.0,-98.0,26.25,-97.75,0
26.0,-97.5,26.25,-97.25,0
26.0,-97.0,26.25,-96.75,0
26.0,-96.5,26.25,-96.25,0
26.0,-96.0,26.25,-95.75,0
26.0,-95.5,26.25,-95.25,0
26.0,-95.0,26.25,-94.75,0
26.0,-94.5,26.25,-94.25,0
26.0,-94.0,26.25,-93.75,0
26.0,-93.5,26.25,-93.25,0
26.0,-93.0,26.25,-92.75,0
26.0,-92.5,26.25,-92.25,0
26.0,-92.0,26.25,-91.75,0
26.0,-91.5,26.25,-91.25,0
26.0,-91.0,26.25,-90.75,0
26.0,-90.5,26.25,-90.25,0
26.0,-90.0,26.25,-89.75,0
26.0,-89.5,26.25,-89.25,0
26.0,-89.0,26.25,-88.75,0
26.0,-88.5,26.25,-88.25,0
26.0,-88.0,26.25,-87.75,0
26.0,-87.5,26.25,-87.25,0
26.0,-87.0,26.25,-86.75,0
26.0,-86.5,26.25,-86.25,0
26.0,-86.0,26.25,-85.75,0
26.0,-85.5,26.25,-85.25,0
26.0,-85.0,26.25,-84.75,0
26.0,-84.5,26.25,-84.25,0
26.0,-84.0,26.25,-83.75,0
26.0,-83.5,26.25,-83.25,0
26.0,-83.0,26.25,-82.75,0
26.0,-82.5,26.25,-82.25,0
26.0,-82.0,26.25,-81.75,0
26.0,-81.5,26.25,-81.25,0
26.0,-81.0,26.25,-80.75,0
26.0,-80.5,26.25,-80.25,0
26.0,-80.0,26.25,-79.75,0
26.0,-79.5,26.25,-79.25,0
26.0,-79.0,26.25,-78.75,0
26.0,-78.5,26.25,-78.25,0
26.0,-78.0,26.25,-77.75,0
26.0,-77.5,26.25,-77.25,0
26.0,-77.0,26.25,-76.75,0
26.0,-76.5,26.25,-76.25,0
26.0,-76.0,26.25,-75.75,0
26.0,-75.5,26.25,-75.25,0
26.0,-75.0,26.25,-74.75,0
26.0,-74.5,26.25,-74.25,0
26.0,-74.0,26.25,-73.75,0
26.0,-73.5,26.25,-73.25,0
26.0,-73.0,26.25,-72.75,0
26.0,-72.5,26.25,-72.25,0
26.0,-72.0,26.25,-71.75,0
26.0,-71.5,26.25,-71.25,0
26.0,-71.0,26.25,-70.75,0
26.0,-70.5,26.25,-70.25,0
26.0,-70.0,26.25,-69.75,0
26.0,-69.5,26.25,-69.25,0
26.0,-69.0,26.25,-68.75,0
26.0,-68.5,26.25,-68.25,0
26.0,-68.0,26.25,-67.75,0
26.0,-67.5,26.25,-67.25,0
26.0,-67.0,26.25,-66.75,0
26.0,-66.5,26.25,-66.25,0
26.5,-125.0,26.75,-124.75,0
26.5,-124.5,26.75,-124.25,0
26.5,-124.0,26.75,-123.75,0
26.5,-123.5,26.75,-123.25,0
26.5,-123.0,26.75,-122.75,0
26.5,-122.5,26.75,-122.25,0
26.5,-122.0,26.75,-121.75,0
26.5,-121.5,26.75,-121.25,0
26.5,-121.0,26.75,-120.75,0
26.5,-120.5,26.75,-120.25,0
26.5,-120.0,26.75,-119.75,0
26.5,-119.5,26.75,-119.25,0
26.5,-119.0,26.75,-118.75,0
26.5,-118.5,26.75,-118.25,0
26.5,-118.0,26.75,-117.75,0
26.5,-117.5,26.75,-117.25,0
26.5,-117.0,26.75,-116.75,0
26.5,-116.5,26.75,-116.25,0
26.5,-116.0,26.75,-115.75,0
26.5,-115.5,26.75,-115.25,0
26.5,-115.0,26.75,-114.75,0
26.5,-114.5,26.75,-114.25,0
26.5,-114.0,26.75,-113.75,0
26.5,-113.5,26.75,-113.25,0
26.5,-113.0,26.75,-112.75,0
26.5,-112.5,26.75,-112.25,0
26.5,-112.0,26.75,-111.75,0
26.5,-111.5,26.75,-111.25,0
26.5,-111.0,26.75,-110.75,0
26.5,-110.5,26.75,-110.25,0
26.5,-110.0,26.75,-109.75,0
26.5,-109.5,26.75,-109.25,0
26.5,-109.0,26.75,-108.75,0
26.5,-108.5,26.75,-108.25,0
26.5,-108.0,26.75,-107.75,0
26.5,-107.5,26.75,-107.25,0
26.5,-107.0,26.75,-106.75,0
26.5,-106.5,26.75,-106.25,0
26.5,-106.0,26.75,-105.75,0
26.5,-105.5,26.75,-105.25,0
26.5,-105.0,26.75,-104.75,0
26.5,-104.5,26.75,-104.25,0
26.5,-104.0,26.75,-103.75,0
26.5,-103.5,26.75,-103.25,0
26.5,-103.0,26.75,-102.75,0
26.5,-102.5,26.75,-102.25,0
26.5,-102.0,26.75,-101.75,0
26.5,-101.5,26.75,-101.25,0
26.5,-101.0,26.75,-100.75,0
26.5,-100.5,26.75,-100.25,0
26.5,-100.0,26.75,-99.75,0
26.5,-99.5,26.75,-99.25,0
26.5,-99.0,26.75,-98.75,0
26.5,-98.5,26.75,-98.25,0
26.5,-98.0,26.75,-97.75,0
26.5,-97.5,26.75,-97.25,0
26.5,-97.0,26.75,-96.75,0
26.5,-96.5,26.75,-96.25,0
26.5,-96.0,26.75,-95.75,0
26.5,-95.5,26.75,-95.25,0
26.5,-95.0,26.75,-94.75,0
26.5,-94.5,26.75,-94.25,0
26.5,-94.0,26.75,-93.75,0
26.5,-93.5,26.75,-93.25,0
26.5,-93.0,26.75,-92.75,0
26.5,-92.5,26.75,-92.25,0
26.5,-92.0,26.75,-91.75,0
26.5,-91.5,26.75,-91.25,0
26.5,-91.0,26.75,-90.75,0
26.5,-90.5,26.75,-90.25,0
26.5,-90.0,26.75,-89.75,0
26.5,-89.5,26.75,-89.25,0
26.5,-89.0,26.75,-88.75,0
26.5,-88.5,26.75,-88.25,0
26.5,-88.0,26.75,-87.75,0
26.5,-87.5,26.75,-87.25,0
26.5,-87.0,26.75,-86.75,0
26.5,-86.5,26.75,-86.25,0
26.5,-86.0,26.75,-85.75,0
26.5,-85.5,26.75,-85.25,0
26.5,-85.0,26.75,-84.75,0
26.5,-84.5,26.75,-84.25,0
26.5,-84.0,26.75,-83.75,0
26.5,-83.5,26.75,-83.25,0
26.5,-83.0,26.75,-82.75,0
26.5,-82.5,26.75,-82.25,0
26.5,-82.0,26.75,-81.75,0
26.5,-81.5,26.75,-81.25,0
26.5,-81.0,26.75,-80.75,0
26.5,-80.5,26.75,-80.25,0
26.5,-80.0,26.75,-79.75,0
26.5,-79.5,26.75,-79.25,0
26.5,-79.0,26.75,-78.75,0
26.5,-78.5,26.75,-78.25,0
26.5,-78.0,26.75,-77.75,0
26.5,-77.5,26.75,-77.25,0
26.5,-77.0,26.75,-76.75,0
26.5,-76.5,26.75,-76.25,0
26.5,-76.0,26.75,-75.75,0
26.5,-75.5,26.75,-75.25,0
26.5,-75.0,26.75,-74.75,0
26.5,-74.5,26.75,-74.25,0
26.5,-74.0,26.75,-73.75,0
26.5,-73.5,26.75,-73.25,0
26.5,-73.0,26.75,-72.75,0
26.5,-72.5,26.75,-72.25,0
26.5,-72.0,26.75,-71.75,0
26.5,-71.5,26.75,-71.25,0
26.5,-71.0,26.75,-70.75,0
26.5,-70.5,26.75,-70.25,0
26.5,-70.0,26.75,-69.75,0
26.5,-69.5,26.75,-69.25,0
26.5,-69.0,26.75,-68.75,0
26.5,-68.5,26.75,-68.25,0
26.5,-68.0,26.75,-67.75,0
26.5,-67.5,26.75,-67.25,0
26.5,-67.0,26.75,-66.75,0
26.5,-66.5,26.75,-66.25,0
27.0,-125.0,27.25,-124.75,0
27.0,-124.5,27.25,-124.25,0
27.0,-124.0,27.25,-123.75,0
27.0,-123.5,27.25,-123.25,0
27.0,-123.0,27.25,-122.75,0
27.0,-122.5,27.25,-122.25,0
27.0,-122.0,27.25,-121.75,0
27.0,-121.5,27.25,-121.25,0
27.0,-121.0,27.25,-120.75,0
27.0,-120.5,27.25,-120.25,0
27.0,-120.0,27.25,-119.75,0
27.0,-119.5,27.25,-119.25,0
27.0,-119.0,27.25,-118.75,0
27.0,-118.5,27.25,-118.25,0
27.0,-118.0,27.25,-117.75,0
27.0,-117.5,27.25,-117.25,0
27.0,-117.0,27.25,-116.75,0
27.0,-116.5,27.25,-116.25,0
27.0,-116.0,27.25,-115.75,0
27.0,-115.5,27.25,-115.25,0
27.0,-115.0,27.25,-114.75,0
27.0,-114.5,27.25,-114.25,0
27.0,-114.0,27.25,-113.75,0
27.0,-113.5,27.25,-113.25,0
27.0,-113.0,27.25,-112.75,0
27.0,-112.5,27.25,-112.25,0
27.0,-112.0,27.25,-111.75,0
27.0,-111.5,27.25,-111.25,0
27.0,-111.0,27.25,-110.75,0
27.0,-110.5,27.25,-110.25,0
27.0,-110.0,27.25,-109.75,0
27.0,-109.5,27.25,-109.25,0
27.0,-109.0,27.25,-108.75,0
27.0,-108.5,27.25,-108.25,0
27.0,-108.0,27.25,-107.75,0
27.0,-107.5,27.25,-107.25,0
27.0,-107.0,27.25,-106.75,0
27.0,-106.5,27.25,-106.25,0
27.0,-106.0,27.25,-105.75,0
27.0,-105.5,27.25,-105.25,0
27.0,-105.0,27.25,-104.75,0
27.0,-104.5,27.25,-104.25,0
27.0,-104.0,27.25,-103.75,0
27.0,-103.5,27.25,-103.25,0
27.0,-103.0,27.25,-102.75,0
27.0,-102.5,27.25,-102.25,0
27.0,-102.0,27.25,-101.75,0
27.0,-101.5,27.25,-101.25,0
27.0,-101.0,27.25,-100.75,0
27.0,-100.5,27.25,-100.25,0
27.0,-100.0,27.25,-99.75,0
27.0,-99.5,27.25,-99.25,0
27.0,-99.0,27.25,-98.75,0
27.0,-98.5,27.25,-98.25,0
27.0,-98.0,27.25,-97.75,0
27.0,-97.5,27.25,-97.25,0
27.0,-97.0,27.25,-96.75,0
27.0,-96.5,27.25,-96.25,0
27.0,-96.0,27.25,-95.75,0
27.0,-95.5,27.25,-95.25,0
27.0,-95.0,27.25,-94.75,0
27.0,-94.5,27.25,-94.25,0
27.0,-94.0,27.25,-93.75,0
27.0,-93.5,27.25,-93.25,0
27.0,-93.0,27.25,-92.75,0
27.0,-92.5,27.25,-92.25,0
27.0,-92.0,27.25,-91.75,0
27.0,-91.5,27.25,-91.25,0
27.0,-91.0,27.25,-90.75,0
27.0,-90.5,27.25,-90.25,0
27.0,-90.0,27.25,-89.75,0
27.0,-89.5,27.25,-89.25,0
27.0,-89.0,27.25,-88.75,0
27.0,-88.5,27.25,-88.25,0
27.0,-88.0,27.25,-87.75,0
27.0,-87.5,27.25,-87.25,0
27.0,-87.0,27.25,-86.75,0
27.0,-86.5,27.25,-86.25,0
27.0,-86.0,27.25,-85.75,0
27.0,-85.5,27.25,-85.25,0
27.0,-85.0,27.25,-84.75,0
27.0,-84.5,27.25,-84.25,0
27.0,-84.0,27.25,-83.75,0
27.0,-83.5,27.25,-83.25,0
27.0,-83.0,27.25,-82.75,0
27.0,-82.5,27.25,-82.25,0
27.0,-82.0,27.25,-81.75,0
27.0,-81.5,27.25,-81.25,0
27.0,-81.0,27.25,-80.75,0
27.0,-80.5,27.25,-80.25,0
27.0,-80.0,27.25,-79.75,0
27.0,-79.5,27.25,-79.25,0
27.0,-79.0,27.25,-78.75,0
27.0,-78.5,27.25,-78.25,0
27.0,-78.0,27.25,-77.75,0
27.0,-77.5,27.25,-77.25,0
27.0,-77.0,27.25,-76.75,0
27.0,-76.5,27.25,-76.25,0
27.0,-76.0,27.25,-75.75,0
27.0,-75.5,27.25,-75.25,0
27.0,-75.0,27.25,-74.75,0
27.0,-74.5,27.25,-74.25,0
27.0,-74.0,27.25,-73.75,0
27.0,-73.5,27.25,-73.25,0
27.0,-73.0,27.25,-72.75,0
27.0,-72.5,27.25,-72.25,0
27.0,-72.0,27.25,-71.75,0
27.0,-71.5,27.25,-71.25,0
27.0,-71.0,27.25,-70.75,0
27.0,-70.5,27.25,-70.25,0
27.0,-70.0,27.25,-69.75,0
27.0,-69.5,27.25,-69.25,0
27.0,-69.0,27.25,-68.75,0
27.0,-68.5,27.25,-68.25,0
27.0,-68.0,27.25,-67.75,0
27.0,-67.5,27.25,-67.25,0
27.0,-67.0,27.25,-66.75,0
27.0,-66.5,27.25,-66.25,0
27.5,-125.0,27.75,-124.75,0
27.5,-124.5,27.75,-124.25,0
27.5,-124.0,27.75,-123.75,0
27.5,-123.5,27.75,-123.25,0
27.5,-123.0,27.75,-122.75,0
27.5,-122.5,27.75,-122.25,0
27.5,-122.0,27.75,-121.75,0
27.5,-121.5,27.75,-121.25,0
27.5,-121.0,27.75,-120.75,0
27.5,-120.5,27.75,-120.25,0
27.5,-120.0,27.75,-119.75,0
27.5,-119.5,27.75,-119.25,0
27.5,-119.0,27.75,-118.75,0
27.5,-118.5,27.75,-118.25,0
27.5,-118.0,27.75,-117.75,0
27.5,-117.5,27.75,-117.25,0
27.5,-117.0,27.75,-116.75,0
27.5,-116.5,27.75,-116.25,0
27.5,-116.0,27.75,-115.75,0
27.5,-115.5,27.75,-115.25,0
27.5,-115.0,27.75,-114.75,0
27.5,-114.5,27.75,-114.25,0
27.5,-114.0,27.75,-113.75,0
27.5,-113.5,27.75,-113.25,0
27.5,-113.0,27.75,-112.75,0
27.5,-112.5,27.75,-112.25,0
27.5,-112.0,27.75,-111.75,0
27.5,-111.5,27.75,-111.25,0
27.5,-111.0,27.75,-110.75,0
27.5,-110.5,27.75,-110.25,0
27.5,-110.0,27.75,-109.75,0
27.5,-109.5,27.75,-109.25,0
27.5,-109.0,27.75,-108.75,0
27.5,-108.5,27.75,-108.25,0
27.5,-108.0,27.75,-107.75,0
27.5,-107.5,27.75,-107.25,0
27.5,-107.0,27.75,-106.75,0
27.5,-106.5,27.75,-106.25,0
27.5,-106.0,27.75,-105.75,0
27.5,-105.5,27.75,-105.25,0
27.5,-105.0,27.75,-104.75,0
27.5,-104.5,27.75,-104.25,0
27.5,-104.0,27.75,-103.75,0
27.5,-103.5,27.75,-103.25,0
27.5,-103.0,27.75,-102.75,0
27.5,-102.5,27.75,-102.25,0
27.5,-102.0,27.75,-101.75,0
27.5,-101.5,27.75,-101.25,0
27.5,-101.0,27.75,-100.75,0
27.5,-100.5,27.75,-100.25,0
27.5,-100.0,27.75,-99.75,0
27.5,-99.5,27.75,-99.25,0
27.5,-99.0,27.75,-98.75,0
27.5,-98.5,27.75,-98.25,0
27.5,-98.0,27.75,-97.75,0
27.5,-97.5,27.75,-97.25,0
27.5,-97.0,27.75,-96.75,0
27.5,-96.5,27.75,-96.25,0
27.5,-96.0,27.75,-95.75,0
27.5,-95.5,27.75,-95.25,0
27.5,-95.0,27.75,-94.75,0
27.5,-94.5,27.75,-94.25,0
27.5,-94.0,27.75,-93.75,0
27.5,-93.5,27.75,-93.25,0
27.5,-93.0,27.75,-92.75,0
27.5,-92.5,27.75,-92.25,0
27.5,-92.0,27.75,-91.75,0
27.5,-91.5,27.75,-91.25,0
27.5,-91.0,27.75,-90.75,0
27.5,-90.5,27.75,-90.25,0
27.5,-90.0,27.75,-89.75,0
27.5,-89.5,27.75,-89.25,0
27.5,-89.0,27.75,-88.75,0
27.5,-88.5,27.75,-88.25,0
27.5,-88.0,27.75,-87.75,0
27.5,-87.5,27.75,-87.25,0
27.5,-87.0,27.75,-86.75,0
27.5,-86.5,27.75,-86.25,0
27.5,-86.0,27.75,-85.75,0
27.5,-85.5,27.75,-85.25,0
27.5,-85.0,27.75,-84.75,0
27.5,-84.5,27.75,-84.25,0
27.5,-84.0,27.75,-83.75,0
27.5,-83.5,27.75,-83.25,0
27.5,-83.0,27.75,-82.75,0
27.5,-82.5,27.75,-82.25,0
27.5,-82.0,27.75,-81.75,0
27.5,-81.5,27.75,-81.25,0
27.5,-81.0,27.75,-80.75,0
27.5,-80.5,27.75,-80.25,0
27.5,-80.0,27.75,-79.75,0
27.5,-79.5,27.75,-79.25,0
27.5,-79.0,27.75,-78.75,0
27.5,-78.5,27.75,-78.25,0
27.5,-78.0,27.75,-77.75,0
27.5,-77.5,27.75,-77.25,0
27.5,-77.0,27.75,-76.75,0
27.5,-76.5,27.75,-76.25,0
27.5,-76.0,27.75,-75.75,0
27.5,-75.5,27.75,-75.25,0
27.5,-75.0,27.75,-74.75,0
27.5,-74.5,27.75,-74.25,0
27.5,-74.0,27.75,-73.75,0
27.5,-73.5,27.75,-73.25,0
27.5,-73.0,27.75,-72.75,0
27.5,-72.5,27.75,-72.25,0
27.5,-72.0,27.75,-71.75,0
27.5,-71.5,27.75,-71.25,0
27.5,-71.0,27.75,-70.75,0
27.5,-70.5,27.75,-70.25,0
27.5,-70.0,27.75,-69.75,0
27.5,-69.5,27.75,-69.25,0
27.5,-69.0,27.75,-68.75,0
27.5,-68.5,27.75,-68.25,0
27.5,-68.0,27.75,-67.75,0
27.5,-67.5,27.75,-67.25,0
27.5,-67.0,27.75,-66.75,0
27.5,-66.5,27.75,-66.25,0
28.0,-125.0,28.25,-124.75,0
28.0,-124.5,28.25,-124.25,0
28.0,-124.0,28.25,-123.75,0
28.0,-123.5,28.25,-123.25,0
28.0,-123.0,28.25,-122.75,0
28.0,-122.5,28.25,-122.25,0
28.0,-122.0,28.25,-121.75,0
28.0,-121.5,28.25,-121.25,0
28.0,-121.0,28.25,-120.75,0
28.0,-120.5,28.25,-120.25,0
28.0,-120.0,28.25,-119.75,0
28.0,-119.5,28.25,-119.25,0
28.0,-119.0,28.25,-118.75,0
28.0,-118.5,28.25,-118.25,0
28.0,-118.0,28.25,-117.75,0
28.0,-117.5,28.25,-117.25,0
28.0,-117.0,28.25,-116.75,0
28.0,-116.5,28.25,-116.25,0
28.0,-116.0,28.25,-115.75,0
28.0,-115.5,28.25,-115.25,0
28.0,-115.0,28.25,-114.75,0
28.0,-114.5,28.25,-114.25,0
28.0,-114.0,28.25,-113.75,0
28.0,-113.5,28.25,-113.25,0
28.0,-113.0,28.25,-112.75,0
28.0,-112.5,28.25,-112.25,0
28.0,-112.0,28.25,-111.75,0
28.0,-111.5,28.25,-111.25,0
28.0,-111.0,28.25,-110.75,0
28.0,-110.5,28.25,-110.25,0
28.0,-110.0,28.25,-109.75,0
28.0,-109.5,28.25,-109.25,0
28.0,-109.0,28.25,-108.75,0
28.0,-108.5,28.25,-108.25,0
28.0,-108.0,28.25,-107.75,0
28.0,-107.5,28.25,-107.25,0
28.0,-107.0,28.25,-106.75,0
28.0,-106.5,28.25,-106.25,0
28.0,-106.0,28.25,-105.75,0
28.0,-105.5,28.25,-105.25,0
28.0,-105.0,28.25,-104.75,0
28.0,-104.5,28.25,-104.25,0
28.0,-104.0,28.25,-103.75,0
28.0,-103.5,28.25,-103.25,0
28.0,-103.0,28.25,-102.75,0
28.0,-102.5,28.25,-102.25,0
28.0,-102.0,28.25,-101.75,0
28.0,-101.5,28.25,-101.25,0
28.0,-101.0,28.25,-100.75,0
28.0,-100.5,28.25,-100.25,0
28.0,-100.0,28.25,-99.75,0
28.0,-99.5,28.25,-99.25,0
28.0,-99.0,28.25,-98.75,0
28.0,-98.5,28.25,-98.25,0
28.0,-98.0,28.25,-97.75,0
28.0,-97.5,28.25,-97.25,0
28.0,-97.0,28.25,-96.75,0
28.0,-96.5,28.25,-96.25,0
28.0,-96.0,28.25,-95.75,0
28.0,-95.5,28.25,-95.25,0
28.0,-95.0,28.25,-94.75,0
28.0,-94.5,28.25,-94.25,0
28.0,-94.0,28.25,-93.75,0
28.0,-93.5,28.25,-93.25,0
28.0,-93.0,28.25,-92.75,0
28.0,-92.5,28.25,-92.25,0
28.0,-92.0,28.25,-91.75,0
28.0,-91.5,28.25,-91.25,0
28.0,-91.0,28.25,-90.75,0
28.0,-90.5,28.25,-90.25,0
28.0,-90.0,28.25,-89.75,0
28.0,-89.5,28.25,-89.25,0
28.0,-89.0,28.25,-88.75,0
28.0,-88.5,28.25,-88.25,0
28.0,-88.0,28.25,-87.75,0
28.0,-87.5,28.25,-87.25,0
28.0,-87.0,28.25,-86.75,0
28.0,-86.5,28.25,-86.25,0
28.0,-86.0,28.25,-85.75,0
28.0,-85.5,28.25,-85.25,0
28.0,-85.0,28.25,-84.75,0
28.0,-84.5,28.25,-84.25,0
28.0,-84.0,28.25,-83.75,0
28.0,-83.5,28.25,-83.25,0
28.0,-83.0,28.25,-82.75,0
28.0,-82.5,28.25,-82.25,0
28.0,-82.0,28.25,-81.75,0
28.0,-81.5,28.25,-81.25,0
28.0,-81.0,28.25,-80.75,0
28.0,-80.5,28.25,-80.25,0
28.0,-80.0,28.25,-79.75,0
28.0,-79.5,28.25,-79.25,0
28.0,-79.0,28.25,-78.75,0
28.0,-78.5,28.25,-78.25,0
28.0,-78.0,28.25,-77.75,0
28.0,-77.5,28.25,-77.25,0
28.0,-77.0,28.25,-76.75,0
28.0,-76.5,28.25,-76.25,0
28.0,-76.0,28.25,-75.75,0
28.0,-75.5,28.25,-75.25,0
28.0,-75.0,28.25,-74.75,0
28.0,-74.5,28.25,-74.25,0
28.0,-74.0,28.25,-73.75,0
28.0,-73.5,28.25,-73.25,0
28.0,-73.0,28.25,-72.75,0
28.0,-72.5,28.25,-72.25,0
28.0,-72.0,28.25,-71.75,0
28.0,-71.5,28.25,-71.25,0
28.0,-71.0,28.25,-70.75,0
28.0,-70.5,28.25,-70.25,0
28.0,-70.0,28.25,-69.75,0
28.0,-69.5,28.25,-69.25,0
28.0,-69.0,28.25,-68.75,0
28.0,-68.5,28.25,-68.25,0
28.0,-68.0,28.25,-67.75,0
28.0,-67.5,28.25,-67.25,0
28.0,-67.0,28.25,-66.75,0
28.0,-66.5,28.25,-66.25,0
28.5,-125.0,28.75,-124.75,0
28.5,-124.5,28.75,-124.25,0
28.5,-124.0,28.75,-123.75,0
28.5,-123.5,28.75,-123.25,0
28.5,-123.0,28.75,-122.75,0
28.5,-122.5,28.75,-122.25,0
28.5,-122.0,28.75,-121.75,0
28.5,-121.5,28.75,-121.25,0
28.5,-121.0,28.75,-120.75,0
28.5,-120.5,28.75,-120.25,0
28.5,-120.0,28.75,-119.75,0
28.5,-119.5,28.75,-119.25,0
28.5,-119.0,28.75,-118.75,0
28.5,-118.5,28.75,-118.25,0
28.5,-118.0,28.75,-117.75,0
28.5,-117.5,28.75,-117.25,0
28.5,-117.0,28.75,-116.75,0
28.5,-116.5,28.75,-116.25,0
28.5,-116.0,28.75,-115.75,0
28.5,-115.5,28.75,-115.25,0
28.5,-115.0,28.75,-114.75,0
28.5,-114.5,28.75,-114.25,0
28.5,-114.0,28.75,-113.75,0
28.5,-113.5,28.75,-113.25,0
28.5,-113.0,28.75,-112.75,0
28.5,-112.5,28.75,-112.25,0
28.5,-112.0,28.75,-111.75,0
28.5,-111.5,28.75,-111.25,0
28.5,-111.0,28.75,-110.75,0
28.5,-110.5,28.75,-110.25,0
28.5,-110.0,28.75,-109.75,0
28.5,-109.5,28.75,-109.25,0
28.5,-109.0,28.75,-108.75,0
28.5,-108.5,28.75,-108.25,0
28.5,-108.0,28.75,-107.75,0
28.5,-107.5,28.75,-107.25,0
28.5,-107.0,28.75,-106.75,0
28.5,-106.5,28.75,-106.25,0
28.5,-106.0,28.75,-105.75,0
28.5,-105.5,28.75,-105.25,0
28.5,-105.0,28.75,-104.75,0
28.5,-104.5,28.75,-104.25,0
28.5,-104.0,28.75,-103.75,0
28.5,-103.5,28.75,-103.25,0
28.5,-103.0,28.75,-102.75,0
28.5,-102.5,28.75,-102.25,0
28.5,-102.0,28.75,-101.75,0
28.5,-101.5,28.75,-101.25,0
28.5,-101.0,28.75,-100.75,0
28.5,-100.5,28.75,-100.25,0
28.5,-100.0,28.75,-99.75,0
28.5,-99.5,28.75,-99.25,0
28.5,-99.0,28.75,-98.75,0
28.5,-98.5,28.75,-98.25,0
28.5,-98.0,28.75,-97.75,0
28.5,-97.5,28.75,-97.25,0
28.5,-97.0,28.75,-96.75,0
28.5,-96.5,28.75,-96.25,0
28.5,-96.0,28.75,-95.75,0
28.5,-95.5,28.75,-95.25,0
28.5,-95.0,28.75,-94.75,0
28.5,-94.5,28.75,-94.25,0
28.5,-94.0,28.75,-93.75,0
28.5,-93.5,28.75,-93.25,0
28.5,-93.0,28.75,-92.75,0
28.5,-92.5,28.75,-92.25,0
28.5,-92.0,28.75,-91.75,0
28.5,-91.5,28.75,-91.25,0
28.5,-91.0,28.75,-90.75,0
28.5,-90.5,28.75,-90.25,0
28.5,-90.0,28.75,-89.75,0
28.5,-89.5,28.75,-89.25,0
28.5,-89.0,28.75,-88.75,0
28.5,-88.5,28.75,-88.25,0
28.5,-88.0,28.75,-87.75,0
28.5,-87.5,28.75,-87.25,0
28.5,-87.0,28.75,-86.75,0
28.5,-86.5,28.75,-86.25,0
28.5,-86.0,28.75,-85.75,0
28.5,-85.5,28.75,-85.25,0
28.5,-85.0,28.75,-84.75,0
28.5,-84.5,28.75,-84.25,0
28.5,-84.0,28.75,-83.75,0
28.5,-83.5,28.75,-83.25,0
28.5,-83.0,28.75,-82.75,0
28.5,-82.5,28.75,-82.25,0
28.5,-82.0,28.75,-81.75,0
28.5,-81.5,28.75,-81.25,0
28.5,-81.0,28.75,-80.75,0
28.5,-80.5,28.75,-80.25,0
28.5,-80.0,28.75,-79.75,0
28.5,-79.5,28.75,-79.25,0
28.5,-79.0,28.75,-78.75,0
28.5,-78.5,28.75,-78.25,0
28.5,-78.0,28.75,-77.75,0
28.5,-77.5,28.75,-77.25,0
28.5,-77.0,28.75,-76.75,0
28.5,-76.5,28.75,-76.25,0
28.5,-76.0,28.75,-75.75,0
28.5,-75.5,28.75,-75.25,0
28.5,-75.0,28.75,-74.75,0
28.5,-74.5,28.75,-74.25,0
28.5,-74.0,28.75,-73.75,0
28.5,-73.5,28.75,-73.25,0
28.5,-73.0,28.75,-72.75,0
28.5,-72.5,28.75,-72.25,0
28.5,-72.0,28.75,-71.75,0
28.5,-71.5,28.75,-71.25,0
28.5,-71.0,28.75,-70.75,0
28.5,-70.5,28.75,-70.25,0
28.5,-70.0,28.75,-69.75,0
28.5,-69.5,28.75,-69.25,0
28.5,-69.0,28.75,-68.75,0
28.5,-68.5,28.75,-68.25,0
28.5,-68.0,28.75,-67.75,0
28.5,-67.5,28.75,-67.25,0
28.5,-67.0,28.75,-66.75,0
28.5,-66.5,28.75,-66.25,0
29.0,-125.0,29.25,-124.75,0
29.0,-124.5,29.25,-124.25,0
29.0,-124.0,29.25,-123.75,0
29.0,-123.5,29.25,-123.25,0
29.0,-123.0,29.25,-122.75,0
29.0,-122.5,29.25,-122.25,0
29.0,-122.0,29.25,-121.75,0
29.0,-121.5,29.25,-121.25,0
29.0,-121.0,29.25,-120.75,0
29.0,-120.5,29.25,-120.25,0
29.0,-120.0,29.25,-119.75,0
29.0,-119.5,29.25,-119.25,0
29.0,-119.0,29.25,-118.75,0
29.0,-118.5,29.25,-118.25,0
29.0,-118.0,29.25,-117.75,0
29.0,-117.5,29.25,-117.25,0
29.0,-117.0,29.25,-116.75,0
29.0,-116.5,29.25,-116.25,0
29.0,-116.0,29.25,-115.75,0
29.0,-115.5,29.25,-115.25,0
29.0,-115.0,29.25,-114.75,0
29.0,-114.5,29.25,-114.25,0
29.0,-114.0,29.25,-113.75,0
29.0,-113.5,29.25,-113.25,0
29.0,-113.0,29.25,-112.75,0
29.0,-112.5,29.25,-112.25,0
29.0,-112.0,29.25,-111.75,0
29.0,-111.5,29.25,-111.25,0
29.0,-111.0,29.25,-110.75,0
29.0,-110.5,29.25,-110.25,0
29.0,-110.0,29.25,-109.75,0
29.0,-109.5,29.25,-109.25,0
29.0,-109.0,29.25,-108.75,0
29.0,-108.5,29.25,-108.25,0
29.0,-108.0,29.25,-107.75,0
29.0,-107.5,29.25,-107.25,0
29.0,-107.0,29.25,-106.75,0
29.0,-106.5,29.25,-106.25,0
29.0,-106.0,29.25,-105.75,0
29.0,-105.5,29.25,-105.25,0
29.0,-105.0,29.25,-104.75,0
29.0,-104.5,29.25,-104.25,0
29.0,-104.0,29.25,-103.75,0
29.0,-103.5,29.25,-103.25,0
29.0,-103.0,29.25,-102.75,0
29.0,-102.5,29.25,-102.25,0
29.0,-102.0,29.25,-101.75,0
29.0,-101.5,29.25,-101.25,0
29.0,-101.0,29.25,-100.75,0
29.0,-100.5,29.25,-100.25,0
29.0,-100.0,29.25,-99.75,0
29.0,-99.5,29.25,-99.25,0
29.0,-99.0,29.25,-98.75,0
29.0,-98.5,29.25,-98.25,0
29.0,-98.0,29.25,-97.75,0
29.0,-97.5,29.25,-97.25,0
29.0,-97.0,29.25,-96.75,0
29.0,-96.5,29.25,-96.25,0
29.0,-96.0,29.25,-95.75,0
29.0,-95.5,29.25,-95.25,0
29.0,-95.0,29.25,-94.75,0
29.0,-94.5,29.25,-94.25,0
29.0,-94.0,29.25,-93.75,0
29.0,-93.5,29.25,-93.25,0
29.0,-93.0,29.25,-92.75,0
29.0,-92.5,29.25,-92.25,0
29.0,-92.0,29.25,-91.75,0
29.0,-91.5,29.25,-91.25,0
29.0,-91.0,29.25,-90.75,0
29.0,-90.5,29.25,-90.25,0
29.0,-90.0,29.25,-89.75,0
29.0,-89.5,29.25,-89.25,0
29.0,-89.0,29.25,-88.75,0
29.0,-88.5,29.25,-88.25,0
29.0,-88.0,29.25,-87.75,0
29.0,-87.5,29.25,-87.25,0
29.0,-87.0,29.25,-86.75,0
29.0,-86.5,29.25,-86.25,0
29.0,-86.0,29.25,-85.75,0
29.0,-85.5,29.25,-85.25,0
29.0,-85.0,29.25,-84.75,0
29.0,-84.5,29.25,-84.25,0
29.0,-84.0,29.25,-83.75,0
29.0,-83.5,29.25,-83.25,0
29.0,-83.0,29.25,-82.75,0
29.0,-82.5,29.25,-82.25,0
29.0,-82.0,29.25,-81.75,0
29.0,-81.5,29.25,-81.25,0
29.0,-81.0,29.25,-80.75,0
29.0,-80.5,29.25,-80.25,0
29.0,-80.0,29.25,-79.75,0
29.0,-79.5,29.25,-79.25,0
29.0,-79.0,29.25,-78.75,0
29.0,-78.5,29.25,-78.25,0
29.0,-78.0,29.25,-77.75,0
29.0,-77.5,29.25,-77.25,0
29.0,-77.0,29.25,-76.75,0
29.0,-76.5,29.25,-76.25,0
29.0,-76.0,29.25,-75.75,0
29.0,-75.5,29.25,-75.25,0
29.0,-75.0,29.25,-74.75,0
29.0,-74.5,29.25,-74.25,0
29.0,-74.0,29.25,-73.75,0
29.0,-73.5,29.25,-73.25,0
29.0,-73.0,29.25,-72.75,0
29.0,-72.5,29.25,-72.25,0
29.0,-72.0,29.25,-71.75,0
29.0,-71.5,29.25,-71.25,0
29.0,-71.0,29.25,-70.75,0
29.0,-70.5,29.25,-70.25,0
29.0,-70.0,29.25,-69.75,0
29.0,-69.5,29.25,-69.25,0
29.0,-69.0,29.25,-68.75,0
29.0,-68.5,29.25,-68.25,0
29.0,-68.0,29.25,-67.75,0
29.0,-67.5,29.25,-67.25,0
29.0,-67.0,29.25,-66.75,0
29.0,-66.5,29.25,-66.25,0
29.5,-125.0,29.75,-124.75,0
29.5,-124.5,29.75,-124.25,0
29.5,-124.0,29.75,-123.75,0
29.5,-123.5,29.75,-123.25,0
29.5,-123.0,29.75,-122.75,0
29.5,-122.5,29.75,-122.25,0
29.5,-122.0,29.75,-121.75,0
29.5,-121.5,29.75,-121.25,0
29.5,-121.0,29.75,-120.75,0
29.5,-120.5,29.75,-120.25,0
29.5,-120.0,29.75,-119.75,0
29.5,-119.5,29.75,-119.25,0
29.5,-119.0,29.75,-118.75,0
29.5,-118.5,29.75,-118.25,0
29.5,-118.0,29.75,-117.75,0
29.5,-117.5,29.75,-117.25,0
29.5,-117.0,29.75,-116.75,0
29.5,-116.5,29.75,-116.25,0
29.5,-116.0,29.75,-115.75,0
29.5,-115.5,29.75,-115.25,0
29.5,-115.0,29.75,-114.75,0
29.5,-114.5,29.75,-114.25,0
29.5,-114.0,29.75,-113.75,0
29.5,-113.5,29.75,-113.25,0
29.5,-113.0,29.75,-112.75,0
29.5,-112.5,29.75,-112.25,0
29.5,-112.0,29.75,-111.75,0
29.5,-111.5,29.75,-111.25,0
29.5,-111.0,29.75,-110.75,0
29.5,-110.5,29.75,-110.25,0
29.5,-110.0,29.75,-109.75,0
29.5,-109.5,29.75,-109.25,0
29.5,-109.0,29.75,-108.75,0
29.5,-108.5,29.75,-108.25,0
29.5,-108.0,29.75,-107.75,0
29.5,-107.5,29.75,-107.25,0
29.5,-107.0,29.75,-106.75,0
29.5,-106.5,29.75,-106.25,0
29.5,-106.0,29.75,-105.75,0
29.5,-105.5,29.75,-105.25,0
29.5,-105.0,29.75,-104.75,0
29.5,-104.5,29.75,-104.25,0
29.5,-104.0,29.75,-103.75,0
29.5,-103.5,29.75,-103.25,0
29.5,-103.0,29.75,-102.75,0
29.5,-102.5,29.75,-102.25,0
29.5,-102.0,29.75,-101.75,0
29.5,-101.5,29.75,-101.25,0
29.5,-101.0,29.75,-100.75,0
29.5,-100.5,29.75,-100.25,0
29.5,-100.0,29.75,-99.75,0
29.5,-99.5,29.75,-99.25,0
29.5,-99.0,29.75,-98.75,0
29.5,-98.5,29.75,-98.25,0
29.5,-98.0,29.75,-97.75,0
29.5,-97.5,29.75,-97.25,0
29.5,-97.0,29.75,-96.75,0
29.5,-96.5,29.75,-96.25,0
29.5,-96.0,29.75,-95.75,0
29.5,-95.5,29.75,-95.25,0
29.5,-95.0,29.75,-94.75,0
29.5,-94.5,29.75,-94.25,0
29.5,-94.0,29.75,-93.75,0
29.5,-93.5,29.75,-93.25,0
29.5,-93.0,29.75,-92.75,0
29.5,-92.5,29.75,-92.25,0
29.5,-92.0,29.75,-91.75,0
29.5,-91.5,29.75,-91.25,0
29.5,-91.0,29.75,-90.75,0
29.5,-90.5,29.75,-90.25,0
29.5,-90.0,29.75,-89.75,0
29.5,-89.5,29.75,-89.25,0
29.5,-89.0,29.75,-88.75,0
29.5,-88.5,29.75,-88.25,0
29.5,-88.0,29.75,-87.75,0
29.5,-87.5,29.75,-87.25,0
29.5,-87.0,29.75,-86.75,0
29.5,-86.5,29.75,-86.25,0
29.5,-86.0,29.75,-85.75,0
29.5,-85.5,29.75,-85.25,0
29.5,-85.0,29.75,-84.75,0
29.5,-84.5,29.75,-84.25,0
29.5,-84.0,29.75,-83.75,0
29.5,-83.5,29.75,-83.25,0
29.5,-83.0,29.75,-82.75,0
29.5,-82.5,29.75,-82.25,0
29.5,-82.0,29.75,-81.75,0
29.5,-81.5,29.75,-81.25,0
29.5,-81.0,29.75,-80.75,0
29.5,-80.5,29.75,-80.25,0
29.5,-80.0,29.75,-79.75,0
29.5,-79.5,29.75,-79.25,0
29.5,-79.0,29.75,-78.75,0
29.5,-78.5,29.75,-78.25,0
29.5,-78.0,29.75,-77.75,0
29.5,-77.5,29.75,-77.25,0
29.5,-77.0,29.75,-76.75,0
29.5,-76.5,29.75,-76.25,0
29.5,-76.0,29.75,-75.75,0
29.5,-75.5,29.75,-75.25,0
29.5,-75.0,29.75,-74.75,0
29.5,-74.5,29.75,-74.25,0
29.5,-74.0,29.75,-73.75,0
29.5,-73.5,29.75,-73.25,0
29.5,-73.0,29.75,-72.75,0
29.5,-72.5,29.75,-72.25,0
29.5,-72.0,29.75,-71.75,0
29.5,-71.5,29.75,-71.25,0
29.5,-71.0,29.75,-70.75,0
29.5,-70.5,29.75,-70.25,0
29.5,-70.0,29.75,-69.75,0
29.5,-69.5,29.75,-69.25,0
29.5,-69.0,29.75,-68.75,0
29.5,-68.5,29.75,-68.25,0
29.5,-68.0,29.75,-67.75,0
29.5,-67.5,29.75,-67.25,0
29.5,-67.0,29.75,-66.75,0
29.5,-66.5,29.75,-66.25,0
30.0,-125.0,30.25,-124.75,0
30.0,-124.5,30.25,-124.25,0
30.0,-124.0,30.25,-123.75,0
30.0,-123.5,30.25,-123.25,0
30.0,-123.0,30.25,-122.75,0
30.0,-122.5,30.25,-122.25,0
30.0,-122.0,30.25,-121.75,0
30.0,-121.5,30.25,-121.25,0
30.0,-121.0,30.25,-120.75,0
30.0,-120.5,30.25,-120.25,0
30.0,-120.0,30.25,-119.75,0
30.0,-119.5,30.25,-119.25,0
30.0,-119.0,30.25,-118.75,0
30.0,-118.5,30.25,-118.25,0
30.0,-118.0,30.25,-117.75,0
30.0,-117.5,30.25,-117.25,0
30.0,-117.0,30.25,-116.75,0
30.0,-116.5,30.25,-116.25,0
30.0,-116.0,30.25,-115.75,0
30.0,-115.5,30.25,-115.25,0
30.0,-115.0,30.25,-114.75,0
30.0,-114.5,30.25,-114.25,0
30.0,-114.0,30.25,-113.75,0
30.0,-113.5,30.25,-113.25,0
30.0,-113.0,30.25,-112.75,0
30.0,-112.5,30.25,-112.25,0
30.0,-112.0,30.25,-111.75,0
30.0,-111.5,30.25,-111.25,0
30.0,-111.0,30.25,-110.75,0
30.0,-110.5,30.25,-110.25,0
30.0,-110.0,30.25,-109.75,0
30.0,-109.5,30.25,-109.25,0
30.0,-109.0,30.25,-108.75,0
30.0,-108.5,30.25,-108.25,0
30.0,-108.0,30.25,-107.75,0
30.0,-107.5,30.25,-107.25,0
30.0,-107.0,30.25,-106.75,0
30.0,-106.5,30.25,-106.25,0
30.0,-106.0,30.25,-105.75,0
30.0,-105.5,30.25,-105.25,0
30.0,-105.0,30.25,-104.75,0
30.0,-104.5,30.25,-104.25,0
30.0,-104.0,30.25,-103.75,0
30.0,-103.5,30.25,-103.25,0
30.0,-103.0,30.25,-102.75,0
30.0,-102.5,30.25,-102.25,0
30.0,-102.0,30.25,-101.75,0
30.0,-101.5,30.25,-101.25,0
30.0,-101.0,30.25,-100.75,0
30.0,-100.5,30.25,-100.25,0
30.0,-100.0,30.25,-99.75,0
30.0,-99.5,30.25,-99.25,0
30.0,-99.0,30.25,-98.75,0
30.0,-98.5,30.25,-98.25,0
30.0,-98.0,30.25,-97.75,0
30.0,-97.5,30.25,-97.25,0
30.0,-97.0,30.25,-96.75,0
30.0,-96.5,30.25,-96.25,0
30.0,-96.0,30.25,-95.75,0
30.0,-95.5,30.25,-95.25,0
30.0,-95.0,30.25,-94.75,0
30.0,-94.5,30.25,-94.25,0
30.0,-94.0,30.25,-93.75,0
30.0,-93.5,30.25,-93.25,0
30.0,-93.0,30.25,-92.75,0
30.0,-92.5,30.25,-92.25,0
30.0,-92.0,30.25,-91.75,0
30.0,-91.5,30.25,-91.25,0
30.0,-91.0,30.25,-90.75,0
30.0,-90.5,30.25,-90.25,0
30.0,-90.0,30.25,-89.75,0
30.0,-89.5,30.25,-89.25,0
30.0,-89.0,30.25,-88.75,0
30.0,-88.5,30.25,-88.25,0
30.0,-88.0,30.25,-87.75,0
30.0,-87.5,30.25,-87.25,0
30.0,-87.0,30.25,-86.75,0
30.0,-86.5,30.25,-86.25,0
30.0,-86.0,30.25,-85.75,0
30.0,-85.5,30.25,-85.25,0
30.0,-85.0,30.25,-84.75,0
30.0,-84.5,30.25,-84.25,0
30.0,-84.0,30.25,-83.75,0
30.0,-83.5,30.25,-83.25,0
30.0,-83.0,30.25,-82.75,0
30.0,-82.5,30.25,-82.25,0
30.0,-82.0,30.25,-81.75,0
30.0,-81.5,30.25,-81.25,0
30.0,-81.0,30.25,-80.75,0
30.0,-80.5,30.25,-80.25,0
30.0,-80.0,30.25,-79.75,0
30.0,-79.5,30.25,-79.25,0
30.0,-79.0,30.25,-78.75,0
30.0,-78.5,30.25,-78.25,0
30.0,-78.0,30.25,-77.75,0
30.0,-77.5,30.25,-77.25,0
30.0,-77.0,30.25,-76.75,0
30.0,-76.5,30.25,-76.25,0
30.0,-76.0,30.25,-75.75,0
30.0,-75.5,30.25,-75.25,0
30.0,-75.0,30.25,-74.75,0
30.0,-74.5,30.25,-74.25,0
30.0,-74.0,30.25,-73.75,0
30.0,-73.5,30.25,-73.25,0
30.0,-73.0,30.25,-72.75,0
30.0,-72.5,30.25,-72.25,0
30.0,-72.0,30.25,-71.75,0
30.0,-71.5,30.25,-71.25,0
30.0,-71.0,30.25,-70.75,0
30.0,-70.5,30.25,-70.25,0
30.0,-70.0,30.25,-69.75,0
30.0,-69.5,30.25,-69.25,0
30.0,-69.0,30.25,-68.75,0
30.0,-68.5,30.25,-68.25,0
30.0,-68.0,30.25,-67.75,0
30.0,-67.5,30.25,-67.25,0
30.0,-67.0,30.25,-66.75,0
30.0,-66.5,30.25,-66.25,0
30.5,-125.0,30.75,-124.75,0
30.5,-124.5,30.75,-124.25,0
30.5,-124.0,30.75,-123.75,0
30.5,-123.5,30.75,-123.25,0
30.5,-123.0,30.75,-122.75,0
30.5,-122.5,30.75,-122.25,0
30.5,-122.0,30.75,-121.75,0
30.5,-121.5,30.75,-121.25,0
30.5,-121.0,30.75,-120.75,0
30.5,-120.5,30.75,-120.25,0
30.5,-120.0,30.75,-119.75,0
30.5,-119.5,30.75,-119.25,0
30.5,-119.0,30.75,-118.75,0
30.5,-118.5,30.75,-118.25,0
30.5,-118.0,30.75,-117.75,0
30.5,-117.5,30.75,-117.25,0
30.5,-117.0,30.75,-116.75,0
30.5,-116.5,30.75,-116.25,0
30.5,-116.0,30.75,-115.75,0
30.5,-115.5,30.75,-115.25,0
30.5,-115.0,30.75,-114.75,0
30.5,-114.5,30.75,-114.25,0
30.5,-114.0,30.75,-113.75,0
30.5,-113.5,30.75,-113.25,0
30.5,-113.0,30.75,-112.75,0
30.5,-112.5,30.75,-112.25,0
30.5,-112.0,30.75,-111.75,0
30.5,-111.5,30.75,-111.25,0
30.5,-111.0,30.75,-110.75,0
30.5,-110.5,30.75,-110.25,0
30.5,-110.0,30.75,-109.75,0
30.5,-109.5,30.75,-109.25,0
30.5,-109.0,30.75,-108.75,0
30.5,-108.5,30.75,-108.25,0
30.5,-108.0,30.75,-107.75,0
30.5,-107.5,30.75,-107.25,0
30.5,-107.0,30.75,-106.75,0
30.5,-106.5,30.75,-106.25,0
30.5,-106.0,30.75,-105.75,0
30.5,-105.5,30.75,-105.25,0
30.5,-105.0,30.75,-104.75,0
30.5,-104.5,30.75,-104.25,0
30.5,-104.0,30.75,-103.75,0
30.5,-103.5,30.75,-103.25,0
30.5,-103.0,30.75,-102.75,0
30.5,-102.5,30.75,-102.25,0
30.5,-102.0,30.75,-101.75,0
30.5,-101.5,30.75,-101.25,0
30.5,-101.0,30.75,-100.75,0
30.5,-100.5,30.75,-100.25,0
30.5,-100.0,30.75,-99.75,0
30.5,-99.5,30.75,-99.25,0
30.5,-99.0,30.75,-98.75,0
30.5,-98.5,30.75,-98.25,0
30.5,-98.0,30.75,-97.75,0
30.5,-97.5,30.75,-97.25,0
30.5,-97.0,30.75,-96.75,0
30.5,-96.5,30.75,-96.25,0
30.5,-96.0,30.75,-95.75,0
30.5,-95.5,30.75,-95.25,0
30.5,-95.0,30.75,-94.75,0
30.5,-94.5,30.75,-94.25,0
30.5,-94.0,30.75,-93.75,0
30.5,-93.5,30.75,-93.25,0
30.5,-93.0,30.75,-92.75,0
30.5,-92.5,30.75,-92.25,0
30.5,-92.0,30.75,-91.75,0
30.5,-91.5,30.75,-91.25,0
30.5,-91.0,30.75,-90.75,0
30.5,-90.5,30.75,-90.25,0
30.5,-90.0,30.75,-89.75,0
30.5,-89.5,30.75,-89.25,0
30.5,-89.0,30.75,-88.75,0
30.5,-88.5,30.75,-88.25,0
30.5,-88.0,30.75,-87.75,0
30.5,-87.5,30.75,-87.25,0
30.5,-87.0,30.75,-86.75,0
30.5,-86.5,30.75,-86.25,0
30.5,-86.0,30.75,-85.75,0
30.5,-85.5,30.75,-85.25,0
30.5,-85.0,30.75,-84.75,0
30.5,-84.5,30.75,-84.25,0
30.5,-84.0,30.75,-83.75,0
30.5,-83.5,30.75,-83.25,0
30.5,-83.0,30.75,-82.75,0
30.5,-82.5,30.75,-82.25,0
30.5,-82.0,30.75,-81.75,0
30.5,-81.5,30.75,-81.25,0
30.5,-81.0,30.75,-80.75,0
30.5,-80.5,30.75,-80.25,0
30.5,-80.0,30.75,-79.75,0
30.5,-79.5,30.75,-79.25,0
30.5,-79.0,30.75,-78.75,0
30.5,-78.5,30.75,-78.25,0
30.5,-78.0,30.75,-77.75,0
30.5,-77.5,30.75,-77.25,0
30.5,-77.0,30.75,-76.75,0
30.5,-76.5,30.75,-76.25,0
30.5,-76.0,30.75,-75.75,0
30.5,-75.5,30.75,-75.25,0
30.5,-75.0,30.75,-74.75,0
30.5,-74.5,30.75,-74.25,0
30.5,-74.0,30.75,-73.75,0
30.5,-73.5,30.75,-73.25,0
30.5,-73.0,30.75,-72.75,0
30.5,-72.5,30.75,-72.25,0
30.5,-72.0,30.75,-71.75,0
30.5,-71.5,30.75,-71.25,0
30.5,-71.0,30.75,-70.75,0
30.5,-70.5,30.75,-70.25,0
30.5,-70.0,30.75,-69.75,0
30.5,-69.5,30.75,-69.25,0
30.5,-69.0,30.75,-68.75,0
30.5,-68.5,30.75,-68.25,0
30.5,-68.0,30.75,-67.75,0
30.5,-67.5,30.75,-67.25,0
30.5,-67.0,30.75,-66.75,0
30.5,-66.5,30.75,-66.25,0
31.0,-125.0,31.25,-124.75,0
31.0,-124.5,31.25,-124.25,0
31.0,-124.0,31.25,-123.75,0
31.0,-123.5,31.25,-123.25,0
31.0,-123.0,31.25,-122.75,0
31.0,-122.5,31.25,-122.25,0
31.0,-122.0,31.25,-121.75,0
31.0,-121.5,31.25,-121.25,0
31.0,-121.0,31.25,-120.75,0
31.0,-120.5,31.25,-120.25,0
31.0,-120.0,31.25,-119.75,0
31.0,-119.5,31.25,-119.25,0
31.0,-119.0,31.25,-118.75,0
31.0,-118.5,31.25,-118.25,0
31.0,-118.0,31.25,-117.75,0
31.0,-117.5,31.25,-117.25,0
31.0,-117.0,31.25,-116.75,0
31.0,-116.5,31.25,-116.25,0
31.0,-116.0,31.25,-115.75,0
31.0,-115.5,31.25,-115.25,0
31.0,-115.0,31.25,-114.75,0
31.0,-114.5,31.25,-114.25,0
31.0,-114.0,31.25,-113.75,0
31.0,-113.5,31.25,-113.25,0
31.0,-113.0,31.25,-112.75,0
31.0,-112.5,31.25,-112.25,0
31.0,-112.0,31.25,-111.75,0
31.0,-111.5,31.25,-111.25,0
31.0,-111.0,31.25,-110.75,0
31.0,-110.5,31.25,-110.25,0
31.0,-110.0,31.25,-109.75,0
31.0,-109.5,31.25,-109.25,0
31.0,-109.0,31.25,-108.75,0
31.0,-108.5,31.25,-108.25,0
31.0,-108.0,31.25,-107.75,0
31.0,-107.5,31.25,-107.25,0
31.0,-107.0,31.25,-106.75,0
31.0,-106.5,31.25,-106.25,0
31.0,-106.0,31.25,-105.75,0
31.0,-105.5,31.25,-105.25,0
31.0,-105.0,31.25,-104.75,0
31.0,-104.5,31.25,-104.25,0
31.0,-104.0,31.25,-103.75,0
31.0,-103.5,31.25,-103.25,0
31.0,-103.0,31.25,-102.75,0
31.0,-102.5,31.25,-102.25,0
31.0,-102.0,31.25,-101.75,0
31.0,-101.5,31.25,-101.25,0
31.0,-101.0,31.25,-100.75,0
31.0,-100.5,31.25,-100.25,0
31.0,-100.0,31.25,-99.75,0
31.0,-99.5,31.25,-99.25,0
31.0,-99.0,31.25,-98.75,0
31.0,-98.5,31.25,-98.25,0
31.0,-98.0,31.25,-97.75,0
31.0,-97.5,31.25,-97.25,0
31.0,-97.0,31.25,-96.75,0
31.0,-96.5,31.25,-96.25,0
31.0,-96.0,31.25,-95.75,0
31.0,-95.5,31.25,-95.25,0
31.0,-95.0,31.25,-94.75,0
31.0,-94.5,31.25,-94.25,0
31.0,-94.0,31.25,-93.75,0
31.0,-93.5,31.25,-93.25,0
31.0,-93.0,31.25,-92.75,0
31.0,-92.5,31.25,-92.25,0
31.0,-92.0,31.25,-91.75,0
31.0,-91.5,31.25,-91.25,0
31.0,-91.0,31.25,-90.75,0
31.0,-90.5,31.25,-90.25,0
31.0,-90.0,31.25,-89.75,0
31.0,-89.5,31.25,-89.25,0
31.0,-89.0,31.25,-88.75,0
31.0,-88.5,31.25,-88.25,0
31.0,-88.0,31.25,-87.75,0
31.0,-87.5,31.25,-87.25,0
31.0,-87.0,31.25,-86.75,0
31.0,-86.5,31.25,-86.25,0
31.0,-86.0,31.25,-85.75,0
31.0,-85.5,31.25,-85.25,0
31.0,-85.0,31.25,-84.75,0
31.0,-84.5,31.25,-84.25,0
31.0,-84.0,31.25,-83.75,0
31.0,-83.5,31.25,-83.25,0
31.0,-83.0,31.25,-82.75,0
31.0,-82.5,31.25,-82.25,0
31.0,-82.0,31.25,-81.75,0
31.0,-81.5,31.25,-81.25,0
31.0,-81.0,31.25,-80.75,0
31.0,-80.5,31.25,-80.25,0
31.0,-80.0,31.25,-79.75,0
31.0,-79.5,31.25,-79.25,0
31.0,-79.0,31.25,-78.75,0
31.0,-78.5,31.25,-78.25,0
31.0,-78.0,31.25,-77.75,0
31.0,-77.5,31.25,-77.25,0
31.0,-77.0,31.25,-76.75,0
31.0,-76.5,31.25,-76.25,0
31.0,-76.0,31.25,-75.75,0
31.0,-75.5,31.25,-75.25,0
31.0,-75.0,31.25,-74.75,0
31.0,-74.5,31.25,-74.25,0
31.0,-74.0,31.25,-73.75,0
31.0,-73.5,31.25,-73.25,0
31.0,-73.0,31.25,-72.75,0
31.0,-72.5,31.25,-72.25,0
31.0,-72.0,31.25,-71.75,0
31.0,-71.5,31.25,-71.25,0
31.0,-71.0,31.25,-70.75,0
31.0,-70.5,31.25,-70.25,0
31.0,-70.0,31.25,-69.75,0
31.0,-69.5,31.25,-69.25,0
31.0,-69.0,31.25,-68.75,0
31.0,-68.5,31.25,-68.25,0
31.0,-68.0,31.25,-67.75,0
31.0,-67.5,31.25,-67.25,0
31.0,-67.0,31.25,-66.75,0
31.0,-66.5,31.25,-66.25,0
31.5,-125.0,31.75,-124.75,0
31.5,-124.5,31.75,-124.25,0
31.5,-124.0,31.75,-123.75,0
31.5,-123.5,31.75,-123.25,0
31.5,-123.0,31.75,-122.75,0
31.5,-122.5,31.75,-122.25,0
31.5,-122.0,31.75,-121.75,0
31.5,-121.5,31.75,-121.25,0
31.5,-121.0,31.75,-120.75,0
31.5,-120.5,31.75,-120.25,0
31.5,-120.0,31.75,-119.75,0
31.5,-119.5,31.75,-119.25,0
31.5,-119.0,31.75,-118.75,0
31.5,-118.5,31.75,-118.25,0
31.5,-118.0,31.75,-117.75,0
31.5,-117.5,31.75,-117.25,0
31.5,-117.0,31.75,-116.75,0
31.5,-116.5,31.75,-116.25,0
31.5,-116.0,31.75,-115.75,0
31.5,-115.5,31.75,-115.25,0
31.5,-115.0,31.75,-114.75,0
31.5,-114.5,31.75,-114.25,0
31.5,-114.0,31.75,-113.75,0
31.5,-113.5,31.75,-113.25,0
31.5,-113.0,31.75,-112.75,0
31.5,-112.5,31.75,-112.25,0
31.5,-112.0,31.75,-111.75,0
31.5,-111.5,31.75,-111.25,0
31.5,-111.0,31.75,-110.75,0
31.5,-110.5,31.75,-110.25,0
31.5,-110.0,31.75,-109.75,0
31.5,-109.5,31.75,-109.25,0
31.5,-109.0,31.75,-108.75,0
31.5,-108.5,31.75,-108.25,0
31.5,-108.0,31.75,-107.75,0
31.5,-107.5,31.75,-107.25,0
31.5,-107.0,31.75,-106.75,0
31.5,-106.5,31.75,-106.25,0
31.5,-106.0,31.75,-105.75,0
31.5,-105.5,31.75,-105.25,0
31.5,-105.0,31.75,-104.75,0
31.5,-104.5,31.75,-104.25,0
31.5,-104.0,31.75,-103.75,0
31.5,-103.5,31.75,-103.25,0
31.5,-103.0,31.75,-102.75,0
31.5,-102.5,31.75,-102.25,0
31.5,-102.0,31.75,-101.75,0
31.5,-101.5,31.75,-101.25,0
31.5,-101.0,31.75,-100.75,0
31.5,-100.5,31.75,-100.25,0
31.5,-100.0,31.75,-99.75,0
31.5,-99.5,31.75,-99.25,0
31.5,-99.0,31.75,-98.75,0
31.5,-98.5,31.75,-98.25,0
31.5,-98.0,31.75,-97.75,0
31.5,-97.5,31.75,-97.25,0
31.5,-97.0,31.75,-96.75,0
31.5,-96.5,31.75,-96.25,0
31.5,-96.0,31.75,-95.75,0
31.5,-95.5,31.75,-95.25,0
31.5,-95.0,31.75,-94.75,0
31.5,-94.5,31.75,-94.25,0
31.5,-94.0,31.75,-93.75,0
31.5,-93.5,31.75,-93.25,0
31.5,-93.0,31.75,-92.75,0
31.5,-92.5,31.75,-92.25,0
31.5,-92.0,31.75,-91.75,0
31.5,-91.5,31.75,-91.25,0
31.5,-91.0,31.75,-90.75,0
31.5,-90.5,31.75,-90.25,0
31.5,-90.0,31.75,-89.75,0
31.5,-89.5,31.75,-89.25,0
31.5,-89.0,31.75,-88.75,0
31.5,-88.5,31.75,-88.25,0
31.5,-88.0,31.75,-87.75,0
31.5,-87.5,31.75,-87.25,0
31.5,-87.0,31.75,-86.75,0
31.5,-86.5,31.75,-86.25,0
31.5,-86.0,31.75,-85.75,0
31.5,-85.5,31.75,-85.25,0
31.5,-85.0,31.75,-84.75,0
31.5,-84.5,31.75,-84.25,0
31.5,-84.0,31.75,-83.75,0
31.5,-83.5,31.75,-83.25,0
31.5,-83.0,31.75,-82.75,0
31.5,-82.5,31.75,-82.25,0
31.5,-82.0,31.75,-81.75,0
31.5,-81.5,31.75,-81.25,0
31.5,-81.0,31.75,-80.75,0
31.5,-80.5,31.75,-80.25,0
31.5,-80.0,31.75,-79.75,0
31.5,-79.5,31.75,-79.25,0
31.5,-79.0,31.75,-78.75,0
31.5,-78.5,31.75,-78.25,0
31.5,-78.0,31.75,-77.75,0
31.5,-77.5,31.75,-77.25,0
31.5,-77.0,31.75,-76.75,0
31.5,-76.5,31.75,-76.25,0
31.5,-76.0,31.75,-75.75,0
31.5,-75.5,31.75,-75.25,0
31.5,-75.0,31.75,-74.75,0
31.5,-74.5,31.75,-74.25,0
31.5,-74.0,31.75,-73.75,0
31.5,-73.5,31.75,-73.25,0
31.5,-73.0,31.75,-72.75,0
31.5,-72.5,31.75,-72.25,0
31.5,-72.0,31.75,-71.75,0
31.5,-71.5,31.75,-71.25,0
31.5,-71.0,31.75,-70.75,0
31.5,-70.5,31.75,-70.25,0
31.5,-70.0,31.75,-69.75,0
31.5,-69.5,31.75,-69.25,0
31.5,-69.0,31.75,-68.75,0
31.5,-68.5,31.75,-68.25,0
31.5,-68.0,31.75,-67.75,0
31.5,-67.5,31.75,-67.25,0
31.5,-67.0,31.75,-66.75,0
31.5,-66.5,31.75,-66.25,0
32.0,-125.0,32.25,-124.75,0
32.0,-124.5,32.25,-124.25,0
32.0,-124.0,32.25,-123.75,0
32.0,-123.5,32.25,-123.25,0
32.0,-123.0,32.25,-122.75,0
32.0,-122.5,32.25,-122.25,0
32.0,-122.0,32.25,-121.75,0
32.0,-121.5,32.25,-121.25,0
32.0,-121.0,32.25,-120.75,0
32.0,-120.5,32.25,-120.25,0
32.0,-120.0,32.25,-119.75,0
32.0,-119.5,32.25,-119.25,0
32.0,-119.0,32.25,-118.75,0
32.0,-118.5,32.25,-118.25,0
32.0,-118.0,32.25,-117.75,0
32.0,-117.5,32.25,-117.25,0
32.0,-117.0,32.25,-116.75,0
32.0,-116.5,32.25,-116.25,0
32.0,-116.0,32.25,-115.75,0
32.0,-115.5,32.25,-115.25,0
32.0,-115.0,32.25,-114.75,0
32.0,-114.5,32.25,-114.25,0
32.0,-114.0,32.25,-113.75,0
32.0,-113.5,32.25,-113.25,0
32.0,-113.0,32.25,-112.75,0
32.0,-112.5,32.25,-112.25,0
32.0,-112.0,32.25,-111.75,0
32.0,-111.5,32.25,-111.25,0
32.0,-111.0,32.25,-110.75,0
32.0,-110.5,32.25,-110.25,0
32.0,-110.0,32.25,-109.75,0
32.0,-109.5,32.25,-109.25,0
32.0,-109.0,32.25,-108.75,0
32.0,-108.5,32.25,-108.25,0
32.0,-108.0,32.25,-107.75,0
32.0,-107.5,32.25,-107.25,0
32.0,-107.0,32.25,-106.75,0
32.0,-106.5,32.25,-106.25,0
32.0,-106.0,32.25,-105.75,0
32.0,-105.5,32.25,-105.25,0
32.0,-105.0,32.25,-104.75,0
32.0,-104.5,32.25,-104.25,0
32.0,-104.0,32.25,-103.75,0
32.0,-103.5,32.25,-103.25,0
32.0,-103.0,32.25,-102.75,0
32.0,-102.5,32.25,-102.25,0
32.0,-102.0,32.25,-101.75,0
32.0,-101.5,32.25,-101.25,0
32.0,-101.0,32.25,-100.75,0
32.0,-100.5,32.25,-100.25,0
32.0,-100.0,32.25,-99.75,0
32.0,-99.5,32.25,-99.25,0
32.0,-99.0,32.25,-98.75,0
32.0,-98.5,32.25,-98.25,0
32.0,-98.0,32.25,-97.75,0
32.0,-97.5,32.25,-97.25,0
32.0,-97.0,32.25,-96.75,0
32.0,-96.5,32.25,-96.25,0
32.0,-96.0,32.25,-95.75,0
32.0,-95.5,32.25,-95.25,0
32.0,-95.0,32.25,-94.75,0
32.0,-94.5,32.25,-94.25,0
32.0,-94.0,32.25,-93.75,0
32.0,-93.5,32.25,-93.25,0
32.0,-93.0,32.25,-92.75,0
32.0,-92.5,32.25,-92.25,0
32.0,-92.0,32.25,-91.75,0
32.0,-91.5,32.25,-91.25,0
32.0,-91.0,32.25,-90.75,0
32.0,-90.5,32.25,-90.25,0
32.0,-90.0,32.25,-89.75,0
32.0,-89.5,32.25,-89.25,0
32.0,-89.0,32.25,-88.75,0
32.0,-88.5,32.25,-88.25,0
32.0,-88.0,32.25,-87.75,0
32.0,-87.5,32.25,-87.25,0
32.0,-87.0,32.25,-86.75,0
32.0,-86.5,32.25,-86.25,0
32.0,-86.0,32.25,-85.75,0
32.0,-85.5,32.25,-85.25,0
32.0,-85.0,32.25,-84.75,0
32.0,-84.5,32.25,-84.25,0
32.0,-84.0,32.25,-83.75,0
32.0,-83.5,32.25,-83.25,0
32.0,-83.0,32.25,-82.75,0
32.0,-82.5,32.25,-82.25,0
32.0,-82.0,32.25,-81.75,0
32.0,-81.5,32.25,-81.25,0
32.0,-81.0,32.25,-80.75,0
32.0,-80.5,32.25,-80.25,0
32.0,-80.0,32.25,-79.75,0
32.0,-79.5,32.25,-79.25,0
32.0,-79.0,32.25,-78.75,0
32.0,-78.5,32.25,-78.25,0
32.0,-78.0,32.25,-77.75,0
32.0,-77.5,32.25,-77.25,0
32.0,-77.0,32.25,-76.75,0
32.0,-76.5,32.25,-76.25,0
32.0,-76.0,32.25,-75.75,0
32.0,-75.5,32.25,-75.25,0
32.0,-75.0,32.25,-74.75,0
32.0,-74.5,32.25,-74.25,0
32.0,-74.0,32.25,-73.75,0
32.0,-73.5,32.25,-73.25,0
32.0,-73.0,32.25,-72.75,0
32.0,-72.5,32.25,-72.25,0
32.0,-72.0,32.25,-71.75,0
32.0,-71.5,32.25,-71.25,0
32.0,-71.0,32.25,-70.75,0
32.0,-70.5,32.25,-70.25,0
32.0,-70.0,32.25,-69.75,0
32.0,-69.5,32.25,-69.25,0
32.0,-69.0,32.25,-68.75,0
32.0,-68.5,32.25,-68.25,0
32.0,-68.0,32.25,-67.75,0
32.0,-67.5,32.25,-67.25,0
32.0,-67.0,32.25,-66.75,0
32.0,-66.5,32.25,-66.25,0
32.5,-125.0,32.75,-124.75,0
32.5,-124.5,32.75,-124.25,0
32.5,-124.0,32.75,-123.75,0
32.5,-123.5,32.75,-123.25,0
32.5,-123.0,32.75,-122.75,0
32.5,-122.5,32.75,-122.25,0
32.5,-122.0,32.75,-121.75,0
32.5,-121.5,32.75,-121.25,0
32.5,-121.0,32.75,-120.75,0
32.5,-120.5,32.75,-120.25,0
32.5,-120.0,32.75,-119.75,0
32.5,-119.5,32.75,-119.25,0
32.5,-119.0,32.75,-118.75,0
32.5,-118.5,32.75,-118.25,0
32.5,-118.0,32.75,-117.75,0
32.5,-117.0,32.75,-116.75,0
32.5,-116.5,32.75,-116.25,0
32.5,-116.0,32.75,-115.75,0
32.5,-115.5,32.75,-115.25,0
32.5,-115.0,32.75,-114.75,0
32.5,-114.5,32.75,-114.25,0
32.5,-114.0,32.75,-113.75,0
32.5,-113.5,32.75,-113.25,0
32.5,-113.0,32.75,-112.75,0
32.5,-112.5,32.75,-112.25,0
32.5,-112.0,32.75,-111.75,0
32.5,-111.5,32.75,-111.25,0
32.5,-111.0,32.75,-110.75,0
32.5,-110.5,32.75,-110.25,0
32.5,-110.0,32.75,-109.75,0
32.5,-109.5,32.75,-109.25,0
32.5,-109.0,32.75,-108.75,0
32.5,-108.5,32.75,-108.25,0
32.5,-108.0,32.75,-107.75,0
32.5,-107.5,32.75,-107.25,0
32.5,-107.0,32.75,-106.75,0
32.5,-106.5,32.75,-106.25,0
32.5,-106.0,32.75,-105.75,0
32.5,-105.5,32.75,-105.25,0
32.5,-105.0,32.75,-104.75,0
32.5,-104.5,32.75,-104.25,0
32.5,-104.0,32.75,-103.75,0
32.5,-103.5,32.75,-103.25,0
32.5,-103.0,32.75,-102.75,0
32.5,-102.5,32.75,-102.25,0
32.5,-102.0,32.75,-101.75,0
32.5,-101.5,32.75,-101.25,0
32.5,-101.0,32.75,-100.75,0
32.5,-100.5,32.75,-100.25,0
32.5,-100.0,32.75,-99.75,0
32.5,-99.5,32.75,-99.25,0
32.5,-99.0,32.75,-98.75,0
32.5,-98.5,32.75,-98.25,0
32.5,-98.0,32.75,-97.75,0
32.5,-97.5,32.75,-97.25,0
32.5,-97.0,32.75,-96.75,0
32.5,-96.5,32.75,-96.25,0
32.5,-96.0,32.75,-95.75,0
32.5,-95.5,32.75,-95.25,0
32.5,-95.0,32.75,-94.75,0
32.5,-94.5,32.75,-94.25,0
32.5,-94.0,32.75,-93.75,0
32.5,-93.5,32.75,-93.25,0
32.5,-93.0,32.75,-92.75,0
32.5,-92.5,32.75,-92.25,0
32.5,-92.0,32.75,-91.75,0
32.5,-91.5,32.75,-91.25,0
32.5,-91.0,32.75,-90.75,0
32.5,-90.5,32.75,-90.25,0
32.5,-90.0,32.75,-89.75,0
32.5,-89.5,32.75,-89.25,0
32.5,-89.0,32.75,-88.75,0
32.5,-88.5,32.75,-88.25,0
32.5,-88.0,32.75,-87.75,0
32.5,-87.5,32.75,-87.25,0
32.5,-87.0,32.75,-86.75,0
32.5,-86.5,32.75,-86.25,0
32.5,-86.0,32.75,-85.75,0
32.5,-85.5,32.75,-85.25,0
32.5,-85.0,32.75,-84.75,0
32.5,-84.5,32.75,-84.25,0
32.5,-84.0,32.75,-83.75,0
32.5,-83.5,32.75,-83.25,0
32.5,-83.0,32.75,-82.75,0
32.5,-82.5,32.75,-82.25,0
32.5,-82.0,32.75,-81.75,0
32.5,-81.5,32.75,-81.25,0
32.5,-81.0,32.75,-80.75,0
32.5,-80.5,32.75,-80.25,0
32.5,-80.0,32.75,-79.75,0
32.5,-79.5,32.75,-79.25,0
32.5,-79.0,32.75,-78.75,0
32.5,-78.5,32.75,-78.25,0
32.5,-78.0,32.75,-77.75,0
32.5,-77.5,32.75,-77.25,0
32.5,-77.0,32.75,-76.75,0
32.5,-76.5,32.75,-76.25,0
32.5,-76.0,32.75,-75.75,0
32.5,-75.5,32.75,-75.25,0
32.5,-75.0,32.75,-74.75,0
32.5,-74.5,32.75,-74.25,0
32.5,-74.0,32.75,-73.75,0
32.5,-73.5,32.75,-73.25,0
32.5,-73.0,32.75,-72.75,0
32.5,-72.5,32.75,-72.25,0
32.5,-72.0,32.75,-71.75,0
32.5,-71.5,32.75,-71.25,0
32.5,-71.0,32.75,-70.75,0
32.5,-70.5,32.75,-70.25,0
32.5,-70.0,32.75,-69.75,0
32.5,-69.5,32.75,-69.25,0
32.5,-69.0,32.75,-68.75,0
32.5,-68.5,32.75,-68.25,0
32.5,-68.0,32.75,-67.75,0
32.5,-67.5,32.75,-67.25,0
32.5,-67.0,32.75,-66.75,0
32.5,-66.5,32.75,-66.25,0
33.0,-125.0,33.25,-124.75,0
33.0,-124.5,33.25,-124.25,0
33.0,-124.0,33.25,-123.75,0
33.0,-123.5,33.25,-123.25,0
33.0,-123.0,33.25,-122.75,0
33.0,-122.5,33.25,-122.25,0
33.0,-122.0,33.25,-121.75,0
33.0,-121.5,33.25,-121.25,0
33.0,-121.0,33.25,-120.75,0
33.0,-120.5,33.25,-120.25,0
33.0,-120.0,33.25,-119.75,0
33.0,-119.5,33.25,-119.25,0
33.0,-119.0,33.25,-118.75,0
33.0,-118.5,33.25,-118.25,0
33.0,-118.0,33.25,-117.75,0
33.0,-117.0,33.25,-116.75,0
33.0,-116.5,33.25,-116.25,0
33.0,-116.0,33.25,-115.75,0
33.0,-115.5,33.25,-115.25,0
33.0,-115.0,33.25,-114.75,0
33.0,-114.5,33.25,-114.25,0
33.0,-114.0,33.25,-113.75,0
33.0,-113.5,33.25,-113.25,0
33.0,-113.0,33.25,-112.75,0
33.0,-112.5,33.25,-112.25,0
33.0,-112.0,33.25,-111.75,0
33.0,-111.5,33.25,-111.25,0
33.0,-111.0,33.25,-110.75,0
33.0,-110.5,33.25,-110.25,0
33.0,-110.0,33.25,-109.75,0
33.0,-109.5,33.25,-109.25,0
33.0,-109.0,33.25,-108.75,0
33.0,-108.5,33.25,-108.25,0
33.0,-108.0,33.25,-107.75,0
33.0,-107.5,33.25,-107.25,0
33.0,-107.0,33.25,-106.75,0
33.0,-106.5,33.25,-106.25,0
33.0,-106.0,33.25,-105.75,0
33.0,-105.5,33.25,-105.25,0
33.0,-105.0,33.25,-104.75,0
33.0,-104.5,33.25,-104.25,0
33.0,-104.0,33.25,-103.75,0
33.0,-103.5,33.25,-103.25,0
33.0,-103.0,33.25,-102.75,0
33.0,-102.5,33.25,-102.25,0
33.0,-102.0,33.25,-101.75,0
33.0,-101.5,33.25,-101.25,0
33.0,-101.0,33.25,-100.75,0
33.0,-100.5,33.25,-100.25,0
33.0,-100.0,33.25,-99.75,0
33.0,-99.5,33.25,-99.25,0
33.0,-99.0,33.25,-98.75,0
33.0,-98.5,33.25,-98.25,0
33.0,-98.0,33.25,-97.75,0
33.0,-97.5,33.25,-97.25,0
33.0,-97.0,33.25,-96.75,0
33.0,-96.5,33.25,-96.25,0
33.0,-96.0,33.25,-95.75,0
33.0,-95.5,33.25,-95.25,0
33.0,-95.0,33.25,-94.75,0
33.0,-94.5,33.25,-94.25,0
33.0,-94.0,33.25,-93.75,0
33.0,-93.5,33.25,-93.25,0
33.0,-93.0,33.25,-92.75,0
33.0,-92.5,33.25,-92.25,0
33.0,-92.0,33.25,-91.75,0
33.0,-91.5,33.25,-91.25,0
33.0,-91.0,33.25,-90.75,0
33.0,-90.5,33.25,-90.25,0
33.0,-90.0,33.25,-89.75,0
33.0,-89.5,33.25,-89.25,0
33.0,-89.0,33.25,-88.75,0
33.0,-88.5,33.25,-88.25,0
33.0,-88.0,33.25,-87.75,0
33.0,-87.5,33.25,-87.25,0
33.0,-87.0,33.25,-86.75,0
33.0,-86.5,33.25,-86.25,0
33.0,-86.0,33.25,-85.75,0
33.0,-85.5,33.25,-85.25,0
33.0,-85.0,33.25,-84.75,0
33.0,-84.5,33.25,-84.25,0
33.0,-84.0,33.25,-83.75,0
33.0,-83.5,33.25,-83.25,0
33.0,-83.0,33.25,-82.75,0
33.0,-82.5,33.25,-82.25,0
33.0,-82.0,33.25,-81.75,0
33.0,-81.5,33.25,-81.25,0
33.0,-81.0,33.25,-80.75,0
33.0,-80.5,33.25,-80.25,0
33.0,-80.0,33.25,-79.75,0
33.0,-79.5,33.25,-79.25,0
33.0,-79.0,33.25,-78.75,0
33.0,-78.5,33.25,-78.25,0
33.0,-78.0,33.25,-77.75,0
33.0,-77.5,33.25,-77.25,0
33.0,-77.0,33.25,-76.75,0
33.0,-76.5,33.25,-76.25,0
33.0,-76.0,33.25,-75.75,0
33.0,-75.5,33.25,-75.25,0
33.0,-75.0,33.25,-74.75,0
33.0,-74.5,33.25,-74.25,0
33.0,-74.0,33.25,-73.75,0
33.0,-73.5,33.25,-73.25,0
33.0,-73.0,33.25,-72.75,0
33.0,-72.5,33.25,-72.25,0
33.0,-72.0,33.25,-71.75,0
33.0,-71.5,33.25,-71.25,0
33.0,-71.0,33.25,-70.75,0
33.0,-70.5,33.25,-70.25,0
33.0,-70.0,33.25,-69.75,0
33.0,-69.5,33.25,-69.25,0
33.0,-69.0,33.25,-68.75,0
33.0,-68.5,33.25,-68.25,0
33.0,-68.0,33.25,-67.75,0
33.0,-67.5,33.25,-67.25,0
33.0,-67.0,33.25,-66.75,0
33.0,-66.5,33.25,-66.25,0
33.5,-125.0,33.75,-124.75,0
33.5,-124.5,33.75,-124.25,0
33.5,-124.0,33.75,-123.75,0
33.5,-123.5,33.75,-123.25,0
33.5,-123.0,33.75,-122.75,0
33.5,-122.5,33.75,-122.25,0
33.5,-122.0,33.75,-121.75,0
33.5,-121.5,33.75,-121.25,0
33.5,-121.0,33.75,-120.75,0
33.5,-120.5,33.75,-120.25,0
33.5,-120.0,33.75,-119.75,0
33.5,-119.5,33.75,-119.25,0
33.5,-119.0,33.75,-118.75,0
33.5,-118.5,33.75,-118.25,0
33.5,-117.5,33.75,-117.25,0
33.5,-117.0,33.75,-116.75,0
33.5,-116.5,33.75,-116.25,0
33.5,-116.0,33.75,-115.75,0
33.5,-115.5,33.75,-115.25,0
33.5,-115.0,33.75,-114.75,0
33.5,-114.5,33.75,-114.25,0
33.5,-114.0,33.75,-113.75,0
33.5,-113.5,33.75,-113.25,0
33.5,-113.0,33.75,-112.75,0
33.5,-112.5,33.75,-112.25,0
33.5,-112.0,33.75,-111.75,0
33.5,-111.5,33.75,-111.25,0
33.5,-111.0,33.75,-110.75,0
33.5,-110.5,33.75,-110.25,0
33.5,-110.0,33.75,-109.75,0
33.5,-109.5,33.75,-109.25,0
33.5,-109.0,33.75,-108.75,0
33.5,-108.5,33.75,-108.25,0
33.5,-108.0,33.75,-107.75,0
33.5,-107.5,33.75,-107.25,0
33.5,-107.0,33.75,-106.75,0
33.5,-106.5,33.75,-106.25,0
33.5,-106.0,33.75,-105.75,0
33.5,-105.5,33.75,-105.25,0
33.5,-105.0,33.75,-104.75,0
33.5,-104.5,33.75,-104.25,0
33.5,-104.0,33.75,-103.75,0
33.5,-103.5,33.75,-103.25,0
33.5,-103.0,33.75,-102.75,0
33.5,-102.5,33.75,-102.25,0
33.5,-102.0,33.75,-101.75,0
33.5,-101.5,33.75,-101.25,0
33.5,-101.0,33.75,-100.75,0
33.5,-100.5,33.75,-100.25,0
33.5,-100.0,33.75,-99.75,0
33.5,-99.5,33.75,-99.25,0
33.5,-99.0,33.75,-98.75,0
33.5,-98.5,33.75,-98.25,0
33.5,-98.0,33.75,-97.75,0
33.5,-97.5,33.75,-97.25,0
33.5,-97.0,33.75,-96.75,0
33.5,-96.5,33.75,-96.25,0
33.5,-96.0,33.75,-95.75,0
33.5,-95.5,33.75,-95.25,0
33.5,-95.0,33.75,-94.75,0
33.5,-94.5,33.75,-94.25,0
33.5,-94.0,33.75,-93.75,0
33.5,-93.5,33.75,-93.25,0
33.5,-93.0,33.75,-92.75,0
33.5,-92.5,33.75,-92.25,0
33.5,-92.0,33.75,-91.75,0
33.5,-91.5,33.75,-91.25,0
33.5,-91.0,33.75,-90.75,0
33.5,-90.5,33.75,-90.25,0
33.5,-90.0,33.75,-89.75,0
33.5,-89.5,33.75,-89.25,0
33.5,-89.0,33.75,-88.75,0
33.5,-88.5,33.75,-88.25,0
33.5,-88.0,33.75,-87.75,0
33.5,-87.5,33.75,-87.25,0
33.5,-87.0,33.75,-86.75,0
33.5,-86.5,33.75,-86.25,0
33.5,-86.0,33.75,-85.75,0
33.5,-85.5,33.75,-85.25,0
33.5,-85.0,33.75,-84.75,0
33.5,-84.5,33.75,-84.25,0
33.5,-84.0,33.75,-83.75,0
33.5,-83.5,33.75,-83.25,0
33.5,-83.0,33.75,-82.75,0
33.5,-82.5,33.75,-82.25,0
33.5,-82.0,33.75,-81.75,0
33.5,-81.5,33.75,-81.25,0
33.5,-81.0,33.75,-80.75,0
33.5,-80.5,33.75,-80.25,0
33.5,-80.0,33.75,-79.75,0
33.5,-79.5,33.75,-79.25,0
33.5,-79.0,33.75,-78.75,0
33.5,-78.5,33.75,-78.25,0
33.5,-78.0,33.75,-77.75,0
33.5,-77.5,33.75,-77.25,0
33.5,-77.0,33.75,-76.75,0
33.5,-76.5,33.75,-76.25,0
33.5,-76.0,33.75,-75.75,0
33.5,-75.5,33.75,-75.25,0
33.5,-75.0,33.75,-74.75,0
33.5,-74.5,33.75,-74.25,0
33.5,-74.0,33.75,-73.75,0
33.5,-73.5,33.75,-73.25,0
33.5,-73.0,33.75,-72.75,0
33.5,-72.5,33.75,-72.25,0
33.5,-72.0,33.75,-71.75,0
33.5,-71.5,33.75,-71.25,0
33.5,-71.0,33.75,-70.75,0
33.5,-70.5,33.75,-70.25,0
33.5,-70.0,33.75,-69.75,0
33.5,-69.5,33.75,-69.25,0
33.5,-69.0,33.75,-68.75,0
33.5,-68.5,33.75,-68.25,0
33.5,-68.0,33.75,-67.75,0
33.5,-67.5,33.75,-67.25,0
33.5,-67.0,33.75,-66.75,0
33.5,-66.5,33.75,-66.25,0
34.0,-125.0,34.25,-124.75,0
34.0,-124.5,34.25,-124.25,0
34.0,-124.0,34.25,-123.75,0
34.0,-123.5,34.25,-123.25,0
34.0,-123.0,34.25,-122.75,0
34.0,-122.5,34.25,-122.25,0
34.0,-122.0,34.25,-121.75,0
34.0,-121.5,34.25,-121.25,0
34.0,-121.0,34.25,-120.75,0
34.0,-120.5,34.25,-120.25,0
34.0,-120.0,34.25,-119.75,0
34.0,-119.5,34.25,-119.25,0
34.0,-119.0,34.25,-118.75,0
34.0,-118.0,34.25,-117.75,0
34.0,-117.5,34.25,-117.25,0
34.0,-117.0,34.25,-116.75,0
34.0,-116.5,34.25,-116.25,0
34.0,-116.0,34.25,-115.75,0
34.0,-115.5,34.25,-115.25,0
34.0,-115.0,34.25,-114.75,0
34.0,-114.5,34.25,-114.25,0
34.0,-114.0,34.25,-113.75,0
34.0,-113.5,34.25,-113.25,0
34.0,-113.0,34.25,-112.75,0
34.0,-112.5,34.25,-112.25,0
34.0,-112.0,34.25,-111.75,0
34.0,-111.5,34.25,-111.25,0
34.0,-111.0,34.25,-110.75,0
34.0,-110.5,34.25,-110.25,0
34.0,-110.0,34.25,-109.75,0
34.0,-109.5,34.25,-109.25,0
34.0,-109.0,34.25,-108.75,0
34.0,-108.5,34.25,-108.25,0
34.0,-108.0,34.25,-107.75,0
34.0,-107.5,34.25,-107.25,0
34.0,-107.0,34.25,-106.75,0
34.0,-106.5,34.25,-106.25,0
34.0,-106.0,34.25,-105.75,0
34.0,-105.5,34.25,-105.25,0
34.0,-105.0,34.25,-104.75,0
34.0,-104.5,34.25,-104.25,0
34.0,-104.0,34.25,-103.75,0
34.0,-103.5,34.25,-103.25,0
34.0,-103.0,34.25,-102.75,0
34.0,-102.5,34.25,-102.25,0
34.0,-102.0,34.25,-101.75,0
34.0,-101.5,34.25,-101.25,0
34.0,-101.0,34.25,-100.75,0
34.0,-100.5,34.25,-100.25,0
34.0,-100.0,34.25,-99.75,0
34.0,-99.5,34.25,-99.25,0
34.0,-99.0,34.25,-98.75,0
34.0,-98.5,34.25,-98.25,0
34.0,-98.0,34.25,-97.75,0
34.0,-97.5,34.25,-97.25,0
34.0,-97.0,34.25,-96.75,0
34.0,-96.5,34.25,-96.25,0
34.0,-96.0,34.25,-95.75,0
34.0,-95.5,34.25,-95.25,0
34.0,-95.0,34.25,-94.75,0
34.0,-94.5,34.25,-94.25,0
34.0,-94.0,34.25,-93.75,0
34.0,-93.5,34.25,-93.25,0
34.0,-93.0,34.25,-92.75,0
34.0,-92.5,34.25,-92.25,0
34.0,-92.0,34.25,-91.75,0
34.0,-91.5,34.25,-91.25,0
34.0,-91.0,34.25,-90.75,0
34.0,-90.5,34.25,-90.25,0
34.0,-90.0,34.25,-89.75,0
34.0,-89.5,34.25,-89.25,0
34.0,-89.0,34.25,-88.75,0
34.0,-88.5,34.25,-88.25,0
34.0,-88.0,34.25,-87.75,0
34.0,-87.5,34.25,-87.25,0
34.0,-87.0,34.25,-86.75,0
34.0,-86.5,34.25,-86.25,0
34.0,-86.0,34.25,-85.75,0
34.0,-85.5,34.25,-85.25,0
34.0,-85.0,34.25,-84.75,0
34.0,-84.5,34.25,-84.25,0
34.0,-84.0,34.25,-83.75,0
34.0,-83.5,34.25,-83.25,0
34.0,-83.0,34.25,-82.75,0
34.0,-82.5,34.25,-82.25,0
34.0,-82.0,34.25,-81.75,0
34.0,-81.5,34.25,-81.25,0
34.0,-81.0,34.25,-80.75,0
34.0,-80.5,34.25,-80.25,0
34.0,-80.0,34.25,-79.75,0
34.0,-79.5,34.25,-79.25,0
34.0,-79.0,34.25,-78.75,0
34.0,-78.5,34.25,-78.25,0
34.0,-78.0,34.25,-77.75,0
34.0,-77.5,34.25,-77.25,0
34.0,-77.0,34.25,-76.75,0
34.0,-76.5,34.25,-76.25,0
34.0,-76.0,34.25,-75.75,0
34.0,-75.5,34.25,-75.25,0
34.0,-75.0,34.25,-74.75,0
34.0,-74.5,34.25,-74.25,0
34.0,-74.0,34.25,-73.75,0
34.0,-73.5,34.25,-73.25,0
34.0,-73.0,34.25,-72.75,0
34.0,-72.5,34.25,-72.25,0
34.0,-72.0,34.25,-71.75,0
34.0,-71.5,34.25,-71.25,0
34.0,-71.0,34.25,-70.75,0
34.0,-70.5,34.25,-70.25,0
34.0,-70.0,34.25,-69.75,0
34.0,-69.5,34.25,-69.25,0
34.0,-69.0,34.25,-68.75,0
34.0,-68.5,34.25,-68.25,0
34.0,-68.0,34.25,-67.75,0
34.0,-67.5,34.25,-67.25,0
34.0,-67.0,34.25,-66.75,0
34.0,-66.5,34.25,-66.25,0
34.5,-125.0,34.75,-124.75,0
34.5,-124.5,34.75,-124.25,0
34.5,-124.0,34.75,-123.75,0
34.5,-123.5,34.75,-123.25,0
34.5,-123.0,34.75,-122.75,0
34.5,-122.5,34.75,-122.25,0
34.5,-122.0,34.75,-121.75,0
34.5,-121.5,34.75,-121.25,0
34.5,-121.0,34.75,-120.75,0
34.5,-120.5,34.75,-120.25,0
34.5,-120.0,34.75,-119.75,0
34.5,-119.5,34.75,-119.25,0
34.5,-119.0,34.75,-118.75,0
34.5,-118.5,34.75,-118.25,0
34.5,-118.0,34.75,-117.75,0
34.5,-117.5,34.75,-117.25,0
34.5,-117.0,34.75,-116.75,0
34.5,-116.5,34.75,-116.25,0
34.5,-116.0,34.75,-115.75,0
34.5,-115.5,34.75,-115.25,0
34.5,-115.0,34.75,-114.75,0
34.5,-114.5,34.75,-114.25,0
34.5,-114.0,34.75,-113.75,0
34.5,-113.5,34.75,-113.25,0
34.5,-113.0,34.75,-112.75,0
34.5,-112.5,34.75,-112.25,0
34.5,-112.0,34.75,-111.75,0
34.5,-111.5,34.75,-111.25,0
34.5,-111.0,34.75,-110.75,0
34.5,-110.5,34.75,-110.25,0
34.5,-110.0,34.75,-109.75,0
34.5,-109.5,34.75,-109.25,0
34.5,-109.0,34.75,-108.75,0
34.5,-108.5,34.75,-108.25,0
34.5,-108.0,34.75,-107.75,0
34.5,-107.5,34.75,-107.25,0
34.5,-107.0,34.75,-106.75,0
34.5,-106.5,34.75,-106.25,0
34.5,-106.0,34.75,-105.75,0
34.5,-105.5,34.75,-105.25,0
34.5,-105.0,34.75,-104.75,0
34.5,-104.5,34.75,-104.25,0
34.5,-104.0,34.75,-103.75,0
34.5,-103.5,34.75,-103.25,0
34.5,-103.0,34.75,-102.75,0
34.5,-102.5,34.75,-102.25,0
34.5,-102.0,34.75,-101.75,0
34.5,-101.5,34.75,-101.25,0
34.5,-101.0,34.75,-100.75,0
34.5,-100.5,34.75,-100.25,0
34.5,-100.0,34.75,-99.75,0
34.5,-99.5,34.75,-99.25,0
34.5,-99.0,34.75,-98.75,0
34.5,-98.5,34.75,-98.25,0
34.5,-98.0,34.75,-97.75,0
34.5,-97.5,34.75,-97.25,0
34.5,-97.0,34.75,-96.75,0
34.5,-96.5,34.75,-96.25,0
34.5,-96.0,34.75,-95.75,0
34.5,-95.5,34.75,-95.25,0
34.5,-95.0,34.75,-94.75,0
34.5,-94.5,34.75,-94.25,0
34.5,-94.0,34.75,-93.75,0
34.5,-93.5,34.75,-93.25,0
34.5,-93.0,34.75,-92.75,0
34.5,-92.5,34.75,-92.25,0
34.5,-92.0,34.75,-91.75,0
34.5,-91.5,34.75,-91.25,0
34.5,-91.0,34.75,-90.75,0
34.5,-90.5,34.75,-90.25,0
34.5,-90.0,34.75,-89.75,0
34.5,-89.5,34.75,-89.25,0
34.5,-89.0,34.75,-88.75,0
34.5,-88.5,34.75,-88.25,0
34.5,-88.0,34.75,-87.75,0
34.5,-87.5,34.75,-87.25,0
34.5,-87.0,34.75,-86.75,0
34.5,-86.5,34.75,-86.25,0
34.5,-86.0,34.75,-85.75,0
34.5,-85.5,34.75,-85.25,0
34.5,-85.0,34.75,-84.75,0
34.5,-84.5,34.75,-84.25,0
34.5,-84.0,34.75,-83.75,0
34.5,-83.5,34.75,-83.25,0
34.5,-83.0,34.75,-82.75,0
34.5,-82.5,34.75,-82.25,0
34.5,-82.0,34.75,-81.75,0
34.5,-81.5,34.75,-81.25,0
34.5,-81.0,34.75,-80.75,0
34.5,-80.5,34.75,-80.25,0
34.5,-80.0,34.75,-79.75,0
34.5,-79.5,34.75,-79.25,0
34.5,-79.0,34.75,-78.75,0
34.5,-78.5,34.75,-78.25,0
34.5,-78.0,34.75,-77.75,0
34.5,-77.5,34.75,-77.25,0
34.5,-77.0,34.75,-76.75,0
34.5,-76.5,34.75,-76.25,0
34.5,-76.0,34.75,-75.75,0
34.5,-75.5,34.75,-75.25,0
34.5,-75.0,34.75,-74.75,0
34.5,-74.5,34.75,-74.25,0
34.5,-74.0,34.75,-73.75,0
34.5,-73.5,34.75,-73.25,0
34.5,-73.0,34.75,-72.75,0
34.5,-72.5,34.75,-72.25,0
34.5,-72.0,34.75,-71.75,0
34.5,-71.5,34.75,-71.25,0
34.5,-71.0,34.75,-70.75,0
34.5,-70.5,34.75,-70.25,0
34.5,-70.0,34.75,-69.75,0
34.5,-69.5,34.75,-69.25,0
34.5,-69.0,34.75,-68.75,0
34.5,-68.5,34.75,-68.25,0
34.5,-68.0,34.75,-67.75,0
34.5,-67.5,34.75,-67.25,0
34.5,-67.0,34.75,-66.75,0
34.5,-66.5,34.75,-66.25,0
35.0,-125.0,35.25,-124.75,0
35.0,-124.5,35.25,-124.25,0
35.0,-124.0,35.25,-123.75,0
35.0,-123.5,35.25,-123.25,0
35.0,-123.0,35.25,-122.75,0
35.0,-122.5,35.25,-122.25,0
35.0,-122.0,35.25,-121.75,0
35.0,-121.5,35.25,-121.25,0
35.0,-121.0,35.25,-120.75,0
35.0,-120.5,35.25,-120.25,0
35.0,-120.0,35.25,-119.75,0
35.0,-119.5,35.25,-119.25,0
35.0,-119.0,35.25,-118.75,0
35.0,-118.5,35.25,-118.25,0
35.0,-118.0,35.25,-117.75,0
35.0,-117.5,35.25,-117.25,0
35.0,-117.0,35.25,-116.75,0
35.0,-116.5,35.25,-116.25,0
35.0,-116.0,35.25,-115.75,0
35.0,-115.5,35.25,-115.25,0
35.0,-115.0,35.25,-114.75,0
35.0,-114.5,35.25,-114.25,0
35.0,-114.0,35.25,-113.75,0
35.0,-113.5,35.25,-113.25,0
35.0,-113.0,35.25,-112.75,0
35.0,-112.5,35.25,-112.25,0
35.0,-112.0,35.25,-111.75,0
35.0,-111.5,35.25,-111.25,0
35.0,-111.0,35.25,-110.75,0
35.0,-110.5,35.25,-110.25,0
35.0,-110.0,35.25,-109.75,0
35.0,-109.5,35.25,-109.25,0
35.0,-109.0,35.25,-108.75,0
35.0,-108.5,35.25,-108.25,0
35.0,-108.0,35.25,-107.75,0
35.0,-107.5,35.25,-107.25,0
35.0,-107.0,35.25,-106.75,0
35.0,-106.5,35.25,-106.25,0
35.0,-106.0,35.25,-105.75,0
35.0,-105.5,35.25,-105.25,0
35.0,-105.0,35.25,-104.75,0
35.0,-104.5,35.25,-104.25,0
35.0,-104.0,35.25,-103.75,0
35.0,-103.5,35.25,-103.25,0
35.0,-103.0,35.25,-102.75,0
35.0,-102.5,35.25,-102.25,0
35.0,-102.0,35.25,-101.75,0
35.0,-101.5,35.25,-101.25,0
35.0,-101.0,35.25,-100.75,0
35.0,-100.5,35.25,-100.25,0
35.0,-100.0,35.25,-99.75,0
35.0,-99.5,35.25,-99.25,0
35.0,-99.0,35.25,-98.75,0
35.0,-98.5,35.25,-98.25,0
35.0,-98.0,35.25,-97.75,0
35.0,-97.5,35.25,-97.25,0
35.0,-97.0,35.25,-96.75,0
35.0,-96.5,35.25,-96.25,0
35.0,-96.0,35.25,-95.75,0
35.0,-95.5,35.25,-95.25,0
35.0,-95.0,35.25,-94.75,0
35.0,-94.5,35.25,-94.25,0
35.0,-94.0,35.25,-93.75,0
35.0,-93.5,35.25,-93.25,0
35.0,-93.0,35.25,-92.75,0
35.0,-92.5,35.25,-92.25,0
35.0,-92.0,35.25,-91.75,0
35.0,-91.5,35.25,-91.25,0
35.0,-91.0,35.25,-90.75,0
35.0,-90.5,35.25,-90.25,0
35.0,-90.0,35.25,-89.75,0
35.0,-89.5,35.25,-89.25,0
35.0,-89.0,35.25,-88.75,0
35.0,-88.5,35.25,-88.25,0
35.0,-88.0,35.25,-87.75,0
35.0,-87.5,35.25,-87.25,0
35.0,-87.0,35.25,-86.75,0
35.0,-86.5,35.25,-86.25,0
35.0,-86.0,35.25,-85.75,0
35.0,-85.5,35.25,-85.25,0
35.0,-85.0,35.25,-84.75,0
35.0,-84.5,35.25,-84.25,0
35.0,-84.0,35.25,-83.75,0
35.0,-83.5,35.25,-83.25,0
35.0,-83.0,35.25,-82.75,0
35.0,-82.5,35.25,-82.25,0
35.0,-82.0,35.25,-81.75,0
35.0,-81.5,35.25,-81.25,0
35.0,-81.0,35.25,-80.75,0
35.0,-80.5,35.25,-80.25,0
35.0,-80.0,35.25,-79.75,0
35.0,-79.5,35.25,-79.25,0
35.0,-79.0,35.25,-78.75,0
35.0,-78.5,35.25,-78.25,0
35.0,-78.0,35.25,-77.75,0
35.0,-77.5,35.25,-77.25,0
35.0,-77.0,35.25,-76.75,0
35.0,-76.5,35.25,-76.25,0
35.0,-76.0,35.25,-75.75,0
35.0,-75.5,35.25,-75.25,0
35.0,-75.0,35.25,-74.75,0
35.0,-74.5,35.25,-74.25,0
35.0,-74.0,35.25,-73.75,0
35.0,-73.5,35.25,-73.25,0
35.0,-73.0,35.25,-72.75,0
35.0,-72.5,35.25,-72.25,0
35.0,-72.0,35.25,-71.75,0
35.0,-71.5,35.25,-71.25,0
35.0,-71.0,35.25,-70.75,0
35.0,-70.5,35.25,-70.25,0
35.0,-70.0,35.25,-69.75,0
35.0,-69.5,35.25,-69.25,0
35.0,-69.0,35.25,-68.75,0
35.0,-68.5,35.25,-68.25,0
35.0,-68.0,35.25,-67.75,0
35.0,-67.5,35.25,-67.25,0
35.0,-67.0,35.25,-66.75,0
35.0,-66.5,35.25,-66.25,0
35.5,-125.0,35.75,-124.75,0
35.5,-124.5,35.75,-124.25,0
35.5,-124.0,35.75,-123.75,0
35.5,-123.5,35.75,-123.25,0
35.5,-123.0,35.75,-122.75,0
35.5,-122.5,35.75,-122.25,0
35.5,-122.0,35.75,-121.75,0
35.5,-121.5,35.75,-121.25,0
35.5,-121.0,35.75,-120.75,0
35.5,-120.5,35.75,-120.25,0
35.5,-120.0,35.75,-119.75,0
35.5,-119.5,35.75,-119.25,0
35.5,-119.0,35.75,-118.75,0
35.5,-118.5,35.75,-118.25,0
35.5,-118.0,35.75,-117.75,0
35.5,-117.5,35.75,-117.25,0
35.5,-117.0,35.75,-116.75,0
35.5,-116.5,35.75,-116.25,0
35.5,-116.0,35.75,-115.75,0
35.5,-115.5,35.75,-115.25,0
35.5,-115.0,35.75,-114.75,0
35.5,-114.5,35.75,-114.25,0
35.5,-114.0,35.75,-113.75,0
35.5,-113.5,35.75,-113.25,0
35.5,-113.0,35.75,-112.75,0
35.5,-112.5,35.75,-112.25,0
35.5,-112.0,35.75,-111.75,0
35.5,-111.5,35.75,-111.25,0
35.5,-111.0,35.75,-110.75,0
35.5,-110.5,35.75,-110.25,0
35.5,-110.0,35.75,-109.75,0
35.5,-109.5,35.75,-109.25,0
35.5,-109.0,35.75,-108.75,0
35.5,-108.5,35.75,-108.25,0
35.5,-108.0,35.75,-107.75,0
35.5,-107.5,35.75,-107.25,0
35.5,-107.0,35.75,-106.75,0
35.5,-106.5,35.75,-106.25,0
35.5,-106.0,35.75,-105.75,0
35.5,-105.5,35.75,-105.25,0
35.5,-105.0,35.75,-104.75,0
35.5,-104.5,35.75,-104.25,0
35.5,-104.0,35.75,-103.75,0
35.5,-103.5,35.75,-103.25,0
35.5,-103.0,35.75,-102.75,0
35.5,-102.5,35.75,-102.25,0
35.5,-102.0,35.75,-101.75,0
35.5,-101.5,35.75,-101.25,0
35.5,-101.0,35.75,-100.75,0
35.5,-100.5,35.75,-100.25,0
35.5,-100.0,35.75,-99.75,0
35.5,-99.5,35.75,-99.25,0
35.5,-99.0,35.75,-98.75,0
35.5,-98.5,35.75,-98.25,0
35.5,-98.0,35.75,-97.75,0
35.5,-97.5,35.75,-97.25,0
35.5,-97.0,35.75,-96.75,0
35.5,-96.5,35.75,-96.25,0
35.5,-96.0,35.75,-95.75,0
35.5,-95.5,35.75,-95.25,0
35.5,-95.0,35.75,-94.75,0
35.5,-94.5,35.75,-94.25,0
35.5,-94.0,35.75,-93.75,0
35.5,-93.5,35.75,-93.25,0
35.5,-93.0,35.75,-92.75,0
35.5,-92.5,35.75,-92.25,0
35.5,-92.0,35.75,-91.75,0
35.5,-91.5,35.75,-91.25,0
35.5,-91.0,35.75,-90.75,0
35.5,-90.5,35.75,-90.25,0
35.5,-90.0,35.75,-89.75,0
35.5,-89.5,35.75,-89.25,0
35.5,-89.0,35.75,-88.75,0
35.5,-88.5,35.75,-88.25,0
35.5,-88.0,35.75,-87.75,0
35.5,-87.5,35.75,-87.25,0
35.5,-87.0,35.75,-86.75,0
35.5,-86.5,35.75,-86.25,0
35.5,-86.0,35.75,-85.75,0
35.5,-85.5,35.75,-85.25,0
35.5,-85.0,35.75,-84.75,0
35.5,-84.5,35.75,-84.25,0
35.5,-84.0,35.75,-83.75,0
35.5,-83.5,35.75,-83.25,0
35.5,-83.0,35.75,-82.75,0
35.5,-82.5,35.75,-82.25,0
35.5,-82.0,35.75,-81.75,0
35.5,-81.5,35.75,-81.25,0
35.5,-81.0,35.75,-80.75,0
35.5,-80.5,35.75,-80.25,0
35.5,-80.0,35.75,-79.75,0
35.5,-79.5,35.75,-79.25,0
35.5,-78.5,35.75,-78.25,0
35.5,-78.0,35.75,-77.75,0
35.5,-77.5,35.75,-77.25,0
35.5,-77.0,35.75,-76.75,0
35.5,-76.5,35.75,-76.25,0
35.5,-76.0,35.75,-75.75,0
35.5,-75.5,35.75,-75.25,0
35.5,-75.0,35.75,-74.75,0
35.5,-74.5,35.75,-74.25,0
35.5,-74.0,35.75,-73.75,0
35.5,-73.5,35.75,-73.25,0
35.5,-73.0,35.75,-72.75,0
35.5,-72.5,35.75,-72.25,0
35.5,-72.0,35.75,-71.75,0
35.5,-71.5,35.75,-71.25,0
35.5,-71.0,35.75,-70.75,0
35.5,-70.5,35.75,-70.25,0
35.5,-70.0,35.75,-69.75,0
35.5,-69.5,35.75,-69.25,0
35.5,-69.0,35.75,-68.75,0
35.5,-68.5,35.75,-68.25,0
35.5,-68.0,35.75,-67.75,0
35.5,-67.5,35.75,-67.25,0
35.5,-67.0,35.75,-66.75,0
35.5,-66.5,35.75,-66.25,0
36.0,-125.0,36.25,-124.75,0
36.0,-124.5,36.25,-124.25,0
36.0,-124.0,36.25,-123.75,0
36.0,-123.5,36.25,-123.25,0
36.0,-123.0,36.25,-122.75,0
36.0,-122.5,36.25,-122.25,0
36.0,-122.0,36.25,-121.75,0
36.0,-121.5,36.25,-121.25,0
36.0,-121.0,36.25,-120.75,0
36.0,-120.5,36.25,-120.25,0
36.0,-120.0,36.25,-119.75,0
36.0,-119.5,36.25,-119.25,0
36.0,-119.0,36.25,-118.75,0
36.0,-118.5,36.25,-118.25,0
36.0,-118.0,36.25,-117.75,0
36.0,-117.5,36.25,-117.25,0
36.0,-117.0,36.25,-116.75,0
36.0,-116.5,36.25,-116.25,0
36.0,-116.0,36.25,-115.75,0
36.0,-115.5,36.25,-115.25,0
36.0,-115.0,36.25,-114.75,0
36.0,-114.5,36.25,-114.25,0
36.0,-114.0,36.25,-113.75,0
36.0,-113.5,36.25,-113.25,0
36.0,-113.0,36.25,-112.75,0
36.0,-112.5,36.25,-112.25,0
36.0,-112.0,36.25,-111.75,0
36.0,-111.5,36.25,-111.25,0
36.0,-111.0,36.25,-110.75,0
36.0,-110.5,36.25,-110.25,0
36.0,-110.0,36.25,-109.75,0
36.0,-109.5,36.25,-109.25,0
36.0,-109.0,36.25,-108.75,0
36.0,-108.5,36.25,-108.25,0
36.0,-108.0,36.25,-107.75,0
36.0,-107.5,36.25,-107.25,0
36.0,-107.0,36.25,-106.75,0
36.0,-106.5,36.25,-106.25,0
36.0,-106.0,36.25,-105.75,0
36.0,-105.5,36.25,-105.25,0
36.0,-105.0,36.25,-104.75,0
36.0,-104.5,36.25,-104.25,0
36.0,-104.0,36.25,-103.75,0
36.0,-103.5,36.25,-103.25,0
36.0,-103.0,36.25,-102.75,0
36.0,-102.5,36.25,-102.25,0
36.0,-102.0,36.25,-101.75,0
36.0,-101.5,36.25,-101.25,0
36.0,-101.0,36.25,-100.75,0
36.0,-100.5,36.25,-100.25,0
36.0,-100.0,36.25,-99.75,0
36.0,-99.5,36.25,-99.25,0
36.0,-99.0,36.25,-98.75,0
36.0,-98.5,36.25,-98.25,0
36.0,-98.0,36.25,-97.75,0
36.0,-97.5,36.25,-97.25,0
36.0,-97.0,36.25,-96.75,0
36.0,-96.5,36.25,-96.25,0
36.0,-96.0,36.25,-95.75,0
36.0,-95.5,36.25,-95.25,0
36.0,-95.0,36.25,-94.75,0
36.0,-94.5,36.25,-94.25,0
36.0,-94.0,36.25,-93.75,0
36.0,-93.5,36.25,-93.25,0
36.0,-93.0,36.25,-92.75,0
36.0,-92.5,36.25,-92.25,0
36.0,-92.0,36.25,-91.75,0
36.0,-91.5,36.25,-91.25,0
36.0,-91.0,36.25,-90.75,0
36.0,-90.5,36.25,-90.25,0
36.0,-90.0,36.25,-89.75,0
36.0,-89.5,36.25,-89.25,0
36.0,-89.0,36.25,-88.75,0
36.0,-88.5,36.25,-88.25,0
36.0,-88.0,36.25,-87.75,0
36.0,-87.5,36.25,-87.25,0
36.0,-87.0,36.25,-86.75,0
36.0,-86.5,36.25,-86.25,0
36.0,-86.0,36.25,-85.75,0
36.0,-85.5,36.25,-85.25,0
36.0,-85.0,36.25,-84.75,0
36.0,-84.5,36.25,-84.25,0
36.0,-84.0,36.25,-83.75,0
36.0,-83.5,36.25,-83.25,0
36.0,-83.0,36.25,-82.75,0
36.0,-82.5,36.25,-82.25,0
36.0,-82.0,36.25,-81.75,0
36.0,-81.5,36.25,-81.25,0
36.0,-81.0,36.25,-80.75,0
36.0,-80.5,36.25,-80.25,0
36.0,-80.0,36.25,-79.75,0
36.0,-79.5,36.25,-79.25,0
36.0,-79.0,36.25,-78.75,0
36.0,-78.5,36.25,-78.25,0
36.0,-78.0,36.25,-77.75,0
36.0,-77.5,36.25,-77.25,0
36.0,-77.0,36.25,-76.75,0
36.0,-76.5,36.25,-76.25,0
36.0,-76.0,36.25,-75.75,0
36.0,-75.5,36.25,-75.25,0
36.0,-75.0,36.25,-74.75,0
36.0,-74.5,36.25,-74.25,0
36.0,-74.0,36.25,-73.75,0
36.0,-73.5,36.25,-73.25,0
36.0,-73.0,36.25,-72.75,0
36.0,-72.5,36.25,-72.25,0
36.0,-72.0,36.25,-71.75,0
36.0,-71.5,36.25,-71.25,0
36.0,-71.0,36.25,-70.75,0
36.0,-70.5,36.25,-70.25,0
36.0,-70.0,36.25,-69.75,0
36.0,-69.5,36.25,-69.25,0
36.0,-69.0,36.25,-68.75,0
36.0,-68.5,36.25,-68.25,0
36.0,-68.0,36.25,-67.75,0
36.0,-67.5,36.25,-67.25,0
36.0,-67.0,36.25,-66.75,0
36.0,-66.5,36.25,-66.25,0
36.5,-125.0,36.75,-124.75,0
36.5,-124.5,36.75,-124.25,0
36.5,-124.0,36.75,-123.75,0
36.5,-123.5,36.75,-123.25,0
36.5,-123.0,36.75,-122.75,0
36.5,-122.5,36.75,-122.25,0
36.5,-121.5,36.75,-121.25,0
36.5,-121.0,36.75,-120.75,0
36.5,-120.5,36.75,-120.25,0
36.5,-120.0,36.75,-119.75,0
36.5,-119.5,36.75,-119.25,0
36.5,-119.0,36.75,-118.75,0
36.5,-118.5,36.75,-118.25,0
36.5,-118.0,36.75,-117.75,0
36.5,-117.5,36.75,-117.25,0
36.5,-117.0,36.75,-116.75,0
36.5,-116.5,36.75,-116.25,0
36.5,-116.0,36.75,-115.75,0
36.5,-115.5,36.75,-115.25,0
36.5,-115.0,36.75,-114.75,0
36.5,-114.5,36.75,-114.25,0
36.5,-114.0,36.75,-113.75,0
36.5,-113.5,36.75,-113.25,0
36.5,-113.0,36.75,-112.75,0
36.5,-112.5,36.75,-112.25,0
36.5,-112.0,36.75,-111.75,0
36.5,-111.5,36.75,-111.25,0
36.5,-111.0,36.75,-110.75,0
36.5,-110.5,36.75,-110.25,0
36.5,-110.0,36.75,-109.75,0
36.5,-109.5,36.75,-109.25,0
36.5,-109.0,36.75,-108.75,0
36.5,-108.5,36.75,-108.25,0
36.5,-108.0,36.75,-107.75,0
36.5,-107.5,36.75,-107.25,0
36.5,-107.0,36.75,-106.75,0
36.5,-106.5,36.75,-106.25,0
36.5,-106.0,36.75,-105.75,0
36.5,-105.5,36.75,-105.25,0
36.5,-105.0,36.75,-104.75,0
36.5,-104.5,36.75,-104.25,0
36.5,-104.0,36.75,-103.75,0
36.5,-103.5,36.75,-103.25,0
36.5,-103.0,36.75,-102.75,0
36.5,-102.5,36.75,-102.25,0
36.5,-102.0,36.75,-101.75,0
36.5,-101.5,36.75,-101.25,0
36.5,-101.0,36.75,-100.75,0
36.5,-100.5,36.75,-100.25,0
36.5,-100.0,36.75,-99.75,0
36.5,-99.5,36.75,-99.25,0
36.5,-99.0,36.75,-98.75,0
36.5,-98.5,36.75,-98.25,0
36.5,-98.0,36.75,-97.75,0
36.5,-97.5,36.75,-97.25,0
36.5,-97.0,36.75,-96.75,0
36.5,-96.5,36.75,-96.25,0
36.5,-96.0,36.75,-95.75,0
36.5,-95.5,36.75,-95.25,0
36.5,-95.0,36.75,-94.75,0
36.5,-94.5,36.75,-94.25,0
36.5,-94.0,36.75,-93.75,0
36.5,-93.5,36.75,-93.25,0
36.5,-93.0,36.75,-92.75,0
36.5,-92.5,36.75,-92.25,0
36.5,-92.0,36.75,-91.75,0
36.5,-91.5,36.75,-91.25,0
36.5,-91.0,36.75,-90.75,0
36.5,-90.5,36.75,-90.25,0
36.5,-90.0,36.75,-89.75,0
36.5,-89.5,36.75,-89.25,0
36.5,-89.0,36.75,-88.75,0
36.5,-88.5,36.75,-88.25,0
36.5,-88.0,36.75,-87.75,0
36.5,-87.5,36.75,-87.25,0
36.5,-87.0,36.75,-86.75,0
36.5,-86.5,36.75,-86.25,0
36.5,-86.0,36.75,-85.75,0
36.5,-85.5,36.75,-85.25,0
36.5,-85.0,36.75,-84.75,0
36.5,-84.5,36.75,-84.25,0
36.5,-84.0,36.75,-83.75,0
36.5,-83.5,36.75,-83.25,0
36.5,-83.0,36.75,-82.75,0
36.5,-82.5,36.75,-82.25,0
36.5,-82.0,36.75,-81.75,0
36.5,-81.5,36.75,-81.25,0
36.5,-81.0,36.75,-80.75,0
36.5,-80.5,36.75,-80.25,0
36.5,-80.0,36.75,-79.75,0
36.5,-79.5,36.75,-79.25,0
36.5,-79.0,36.75,-78.75,0
36.5,-78.5,36.75,-78.25,0
36.5,-78.0,36.75,-77.75,0
36.5,-77.5,36.75,-77.25,0
36.5,-77.0,36.75,-76.75,0
36.5,-76.5,36.75,-76.25,0
36.5,-76.0,36.75,-75.75,0
36.5,-75.5,36.75,-75.25,0
36.5,-75.0,36.75,-74.75,0
36.5,-74.5,36.75,-74.25,0
36.5,-74.0,36.75,-73.75,0
36.5,-73.5,36.75,-73.25,0
36.5,-73.0,36.75,-72.75,0
36.5,-72.5,36.75,-72.25,0
36.5,-72.0,36.75,-71.75,0
36.5,-71.5,36.75,-71.25,0
36.5,-71.0,36.75,-70.75,0
36.5,-70.5,36.75,-70.25,0
36.5,-70.0,36.75,-69.75,0
36.5,-69.5,36.75,-69.25,0
36.5,-69.0,36.75,-68.75,0
36.5,-68.5,36.75,-68.25,0
36.5,-68.0,36.75,-67.75,0
36.5,-67.5,36.75,-67.25,0
36.5,-67.0,36.75,-66.75,0
36.5,-66.5,36.75,-66.25,0
37.0,-125.0,37.25,-124.75,0
37.0,-124.5,37.25,-124.25,0
37.0,-124.0,37.25,-123.75,0
37.0,-123.5,37.25,-123.25,0
37.0,-123.0,37.25,-122.75,0
37.0,-121.5,37.25,-121.25,0
37.0,-121.0,37.25,-120.75,0
37.0,-120.5,37.25,-120.25,0
37.0,-120.0,37.25,-119.75,0
37.0,-119.5,37.25,-119.25,0
37.0,-119.0,37.25,-118.75,0
37.0,-118.5,37.25,-118.25,0
37.0,-118.0,37.25,-117.75,0
37.0,-117.5,37.25,-117.25,0
37.0,-117.0,37.25,-116.75,0
37.0,-116.5,37.25,-116.25,0
37.0,-116.0,37.25,-115.75,0
37.0,-115.5,37.25,-115.25,0
37.0,-115.0,37.25,-114.75,0
37.0,-114.5,37.25,-114.25,0
37.0,-114.0,37.25,-113.75,0
37.0,-113.5,37.25,-113.25,0
37.0,-113.0,37.25,-112.75,0
37.0,-112.5,37.25,-112.25,0
37.0,-112.0,37.25,-111.75,0
37.0,-111.5,37.25,-111.25,0
37.0,-111.0,37.25,-110.75,0
37.0,-110.5,37.25,-110.25,0
37.0,-110.0,37.25,-109.75,0
37.0,-109.5,37.25,-109.25,0
37.0,-109.0,37.25,-108.75,0
37.0,-108.5,37.25,-108.25,0
37.0,-108.0,37.25,-107.75,0
37.0,-107.5,37.25,-107.25,0
37.0,-107.0,37.25,-106.75,0
37.0,-106.5,37.25,-106.25,0
37.0,-106.0,37.25,-105.75,0
37.0,-105.5,37.25,-105.25,0
37.0,-105.0,37.25,-104.75,0
37.0,-104.5,37.25,-104.25,0
37.0,-104.0,37.25,-103.75,0
37.0,-103.5,37.25,-103.25,0
37.0,-103.0,37.25,-102.75,0
37.0,-102.5,37.25,-102.25,0
37.0,-102.0,37.25,-101.75,0
37.0,-101.5,37.25,-101.25,0
37.0,-101.0,37.25,-100.75,0
37.0,-100.5,37.25,-100.25,0
37.0,-100.0,37.25,-99.75,0
37.0,-99.5,37.25,-99.25,0
37.0,-99.0,37.25,-98.75,0
37.0,-98.5,37.25,-98.25,0
37.0,-98.0,37.25,-97.75,0
37.0,-97.5,37.25,-97.25,0
37.0,-97.0,37.25,-96.75,0
37.0,-96.5,37.25,-96.25,0
37.0,-96.0,37.25,-95.75,0
37.0,-95.5,37.25,-95.25,0
37.0,-95.0,37.25,-94.75,0
37.0,-94.5,37.25,-94.25,0
37.0,-94.0,37.25,-93.75,0
37.0,-93.5,37.25,-93.25,0
37.0,-93.0,37.25,-92.75,0
37.0,-92.5,37.25,-92.25,0
37.0,-92.0,37.25,-91.75,0
37.0,-91.5,37.25,-91.25,0
37.0,-91.0,37.25,-90.75,0
37.0,-90.5,37.25,-90.25,0
37.0,-90.0,37.25,-89.75,0
37.0,-89.5,37.25,-89.25,0
37.0,-89.0,37.25,-88.75,0
37.0,-88.5,37.25,-88.25,0
37.0,-88.0,37.25,-87.75,0
37.0,-87.5,37.25,-87.25,0
37.0,-87.0,37.25,-86.75,0
37.0,-86.5,37.25,-86.25,0
37.0,-86.0,37.25,-85.75,0
37.0,-85.5,37.25,-85.25,0
37.0,-85.0,37.25,-84.75,0
37.0,-84.5,37.25,-84.25,0
37.0,-84.0,37.25,-83.75,0
37.0,-83.5,37.25,-83.25,0
37.0,-83.0,37.25,-82.75,0
37.0,-82.5,37.25,-82.25,0
37.0,-82.0,37.25,-81.75,0
37.0,-81.5,37.25,-81.25,0
37.0,-81.0,37.25,-80.75,0
37.0,-80.5,37.25,-80.25,0
37.0,-80.0,37.25,-79.75,0
37.0,-79.5,37.25,-79.25,0
37.0,-79.0,37.25,-78.75,0
37.0,-78.5,37.25,-78.25,0
37.0,-78.0,37.25,-77.75,0
37.0,-77.5,37.25,-77.25,0
37.0,-77.0,37.25,-76.75,0
37.0,-76.5,37.25,-76.25,0
37.0,-76.0,37.25,-75.75,0
37.0,-75.5,37.25,-75.25,0
37.0,-75.0,37.25,-74.75,0
37.0,-74.5,37.25,-74.25,0
37.0,-74.0,37.25,-73.75,0
37.0,-73.5,37.25,-73.25,0
37.0,-73.0,37.25,-72.75,0
37.0,-72.5,37.25,-72.25,0
37.0,-72.0,37.25,-71.75,0
37.0,-71.5,37.25,-71.25,0
37.0,-71.0,37.25,-70.75,0
37.0,-70.5,37.25,-70.25,0
37.0,-70.0,37.25,-69.75,0
37.0,-69.5,37.25,-69.25,0
37.0,-69.0,37.25,-68.75,0
37.0,-68.5,37.25,-68.25,0
37.0,-68.0,37.25,-67.75,0
37.0,-67.5,37.25,-67.25,0
37.0,-67.0,37.25,-66.75,0
37.0,-66.5,37.25,-66.25,0
37.5,-125.0,37.75,-124.75,0
37.5,-124.5,37.75,-124.25,0
37.5,-124.0,37.75,-123.75,0
37.5,-123.5,37.75,-123.25,0
37.5,-122.0,37.75,-121.75,0
37.5,-121.5,37.75,-121.25,0
37.5,-121.0,37.75,-120.75,0
37.5,-120.5,37.75,-120.25,0
37.5,-120.0,37.75,-119.75,0
37.5,-119.5,37.75,-119.25,0
37.5,-119.0,37.75,-118.75,0
37.5,-118.5,37.75,-118.25,0
37.5,-118.0,37.75,-117.75,0
37.5,-117.5,37.75,-117.25,0
37.5,-117.0,37.75,-116.75,0
37.5,-116.5,37.75,-116.25,0
37.5,-116.0,37.75,-115.75,0
37.5,-115.5,37.75,-115.25,0
37.5,-115.0,37.75,-114.75,0
37.5,-114.5,37.75,-114.25,0
37.5,-114.0,37.75,-113.75,0
37.5,-113.5,37.75,-113.25,0
37.5,-113.0,37.75,-112.75,0
37.5,-112.5,37.75,-112.25,0
37.5,-112.0,37.75,-111.75,0
37.5,-111.5,37.75,-111.25,0
37.5,-111.0,37.75,-110.75,0
37.5,-110.5,37.75,-110.25,0
37.5,-110.0,37.75,-109.75,0
37.5,-109.5,37.75,-109.25,0
37.5,-109.0,37.75,-108.75,0
37.5,-108.5,37.75,-108.25,0
37.5,-108.0,37.75,-107.75,0
37.5,-107.5,37.75,-107.25,0
37.5,-107.0,37.75,-106.75,0
37.5,-106.5,37.75,-106.25,0
37.5,-106.0,37.75,-105.75,0
37.5,-105.5,37.75,-105.25,0
37.5,-105.0,37.75,-104.75,0
37.5,-104.5,37.75,-104.25,0
37.5,-104.0,37.75,-103.75,0
37.5,-103.5,37.75,-103.25,0
37.5,-103.0,37.75,-102.75,0
37.5,-102.5,37.75,-102.25,0
37.5,-102.0,37.75,-101.75,0
37.5,-101.5,37.75,-101.25,0
37.5,-101.0,37.75,-100.75,0
37.5,-100.5,37.75,-100.25,0
37.5,-100.0,37.75,-99.75,0
37.5,-99.5,37.75,-99.25,0
37.5,-99.0,37.75,-98.75,0
37.5,-98.5,37.75,-98.25,0
37.5,-98.0,37.75,-97.75,0
37.5,-97.5,37.75,-97.25,0
37.5,-97.0,37.75,-96.75,0
37.5,-96.5,37.75,-96.25,0
37.5,-96.0,37.75,-95.75,0
37.5,-95.5,37.75,-95.25,0
37.5,-95.0,37.75,-94.75,0
37.5,-94.5,37.75,-94.25,0
37.5,-94.0,37.75,-93.75,0
37.5,-93.5,37.75,-93.25,0
37.5,-93.0,37.75,-92.75,0
37.5,-92.5,37.75,-92.25,0
37.5,-92.0,37.75,-91.75,0
37.5,-91.5,37.75,-91.25,0
37.5,-91.0,37.75,-90.75,0
37.5,-90.5,37.75,-90.25,0
37.5,-90.0,37.75,-89.75,0
37.5,-89.5,37.75,-89.25,0
37.5,-89.0,37.75,-88.75,0
37.5,-88.5,37.75,-88.25,0
37.5,-88.0,37.75,-87.75,0
37.5,-87.5,37.75,-87.25,0
37.5,-87.0,37.75,-86.75,0
37.5,-86.5,37.75,-86.25,0
37.5,-86.0,37.75,-85.75,0
37.5,-85.5,37.75,-85.25,0
37.5,-85.0,37.75,-84.75,0
37.5,-84.5,37.75,-84.25,0
37.5,-84.0,37.75,-83.75,0
37.5,-83.5,37.75,-83.25,0
37.5,-83.0,37.75,-82.75,0
37.5,-82.5,37.75,-82.25,0
37.5,-82.0,37.75,-81.75,0
37.5,-81.5,37.75,-81.25,0
37.5,-81.0,37.75,-80.75,0
37.5,-80.5,37.75,-80.25,0
37.5,-80.0,37.75,-79.75,0
37.5,-79.5,37.75,-79.25,0
37.5,-79.0,37.75,-78.75,0
37.5,-78.5,37.75,-78.25,0
37.5,-78.0,37.75,-77.75,0
37.5,-77.5,37.75,-77.25,0
37.5,-77.0,37.75,-76.75,0
37.5,-76.5,37.75,-76.25,0
37.5,-76.0,37.75,-75.75,0
37.5,-75.5,37.75,-75.25,0
37.5,-75.0,37.75,-74.75,0
37.5,-74.5,37.75,-74.25,0
37.5,-74.0,37.75,-73.75,0
37.5,-73.5,37.75,-73.25,0
37.5,-73.0,37.75,-72.75,0
37.5,-72.5,37.75,-72.25,0
37.5,-72.0,37.75,-71.75,0
37.5,-71.5,37.75,-71.25,0
37.5,-71.0,37.75,-70.75,0
37.5,-70.5,37.75,-70.25,0
37.5,-70.0,37.75,-69.75,0
37.5,-69.5,37.75,-69.25,0
37.5,-69.0,37.75,-68.75,0
37.5,-68.5,37.75,-68.25,0
37.5,-68.0,37.75,-67.75,0
37.5,-67.5,37.75,-67.25,0
37.5,-67.0,37.75,-66.75,0
37.5,-66.5,37.75,-66.25,0
38.0,-125.0,38.25,-124.75,0
38.0,-124.5,38.25,-124.25,0
38.0,-124.0,38.25,-123.75,0
38.0,-123.5,38.25,-123.25,0
38.0,-122.5,38.25,-122.25,0
38.0,-122.0,38.25,-121.75,0
38.0,-121.5,38.25,-121.25,0
38.0,-121.0,38.25,-120.75,0
38.0,-120.5,38.25,-120.25,0
38.0,-120.0,38.25,-119.75,0
38.0,-119.5,38.25,-119.25,0
38.0,-119.0,38.25,-118.75,0
38.0,-118.5,38.25,-118.25,0
38.0,-118.0,38.25,-117.75,0
38.0,-117.5,38.25,-117.25,0
38.0,-117.0,38.25,-116.75,0
38.0,-116.5,38.25,-116.25,0
38.0,-116.0,38.25,-115.75,0
38.0,-115.5,38.25,-115.25,0
38.0,-115.0,38.25,-114.75,0
38.0,-114.5,38.25,-114.25,0
38.0,-114.0,38.25,-113.75,0
38.0,-113.5,38.25,-113.25,0
38.0,-113.0,38.25,-112.75,0
38.0,-112.5,38.25,-112.25,0
38.0,-112.0,38.25,-111.75,0
38.0,-111.5,38.25,-111.25,0
38.0,-111.0,38.25,-110.75,0
38.0,-110.5,38.25,-110.25,0
38.0,-110.0,38.25,-109.75,0
38.0,-109.5,38.25,-109.25,0
38.0,-109.0,38.25,-108.75,0
38.0,-108.5,38.25,-108.25,0
38.0,-108.0,38.25,-107.75,0
38.0,-107.5,38.25,-107.25,0
38.0,-107.0,38.25,-106.75,0
38.0,-106.5,38.25,-106.25,0
38.0,-106.0,38.25,-105.75,0
38.0,-105.5,38.25,-105.25,0
38.0,-105.0,38.25,-104.75,0
38.0,-104.5,38.25,-104.25,0
38.0,-104.0,38.25,-103.75,0
38.0,-103.5,38.25,-103.25,0
38.0,-103.0,38.25,-102.75,0
38.0,-102.5,38.25,-102.25,0
38.0,-102.0,38.25,-101.75,0
38.0,-101.5,38.25,-101.25,0
38.0,-101.0,38.25,-100.75,0
38.0,-100.5,38.25,-100.25,0
38.0,-100.0,38.25,-99.75,0
38.0,-99.5,38.25,-99.25,0
38.0,-99.0,38.25,-98.75,0
38.0,-98.5,38.25,-98.25,0
38.0,-98.0,38.25,-97.75,0
38.0,-97.5,38.25,-97.25,0
38.0,-97.0,38.25,-96.75,0
38.0,-96.5,38.25,-96.25,0
38.0,-96.0,38.25,-95.75,0
38.0,-95.5,38.25,-95.25,0
38.0,-95.0,38.25,-94.75,0
38.0,-94.5,38.25,-94.25,0
38.0,-94.0,38.25,-93.75,0
38.0,-93.5,38.25,-93.25,0
38.0,-93.0,38.25,-92.75,0
38.0,-92.5,38.25,-92.25,0
38.0,-92.0,38.25,-91.75,0
38.0,-91.5,38.25,-91.25,0
38.0,-91.0,38.25,-90.75,0
38.0,-90.5,38.25,-90.25,0
38.0,-90.0,38.25,-89.75,0
38.0,-89.5,38.25,-89.25,0
38.0,-89.0,38.25,-88.75,0
38.0,-88.5,38.25,-88.25,0
38.0,-88.0,38.25,-87.75,0
38.0,-87.5,38.25,-87.25,0
38.0,-87.0,38.25,-86.75,0
38.0,-86.5,38.25,-86.25,0
38.0,-86.0,38.25,-85.75,0
38.0,-85.5,38.25,-85.25,0
38.0,-85.0,38.25,-84.75,0
38.0,-84.5,38.25,-84.25,0
38.0,-84.0,38.25,-83.75,0
38.0,-83.5,38.25,-83.25,0
38.0,-83.0,38.25,-82.75,0
38.0,-82.5,38.25,-82.25,0
38.0,-82.0,38.25,-81.75,0
38.0,-81.5,38.25,-81.25,0
38.0,-81.0,38.25,-80.75,0
38.0,-80.5,38.25,-80.25,0
38.0,-80.0,38.25,-79.75,0
38.0,-79.5,38.25,-79.25,0
38.0,-79.0,38.25,-78.75,0
38.0,-78.5,38.25,-78.25,0
38.0,-78.0,38.25,-77.75,0
38.0,-77.5,38.25,-77.25,0
38.0,-77.0,38.25,-76.75,0
38.0,-76.5,38.25,-76.25,0
38.0,-76.0,38.25,-75.75,0
38.0,-75.5,38.25,-75.25,0
38.0,-75.0,38.25,-74.75,0
38.0,-74.5,38.25,-74.25,0
38.0,-74.0,38.25,-73.75,0
38.0,-73.5,38.25,-73.25,0
38.0,-73.0,38.25,-72.75,0
38.0,-72.5,38.25,-72.25,0
38.0,-72.0,38.25,-71.75,0
38.0,-71.5,38.25,-71.25,0
38.0,-71.0,38.25,-70.75,0
38.0,-70.5,38.25,-70.25,0
38.0,-70.0,38.25,-69.75,0
38.0,-69.5,38.25,-69.25,0
38.0,-69.0,38.25,-68.75,0
38.0,-68.5,38.25,-68.25,0
38.0,-68.0,38.25,-67.75,0
38.0,-67.5,38.25,-67.25,0
38.0,-67.0,38.25,-66.75,0
38.0,-66.5,38.25,-66.25,0
38.5,-125.0,38.75,-124.75,0
38.5,-124.5,38.75,-124.25,0
38.5,-124.0,38.75,-123.75,0
38.5,-123.5,38.75,-123.25,0
38.5,-123.0,38.75,-122.75,0
38.5,-122.5,38.75,-122.25,0
38.5,-122.0,38.75,-121.75,0
38.5,-121.5,38.75,-121.25,0
38.5,-121.0,38.75,-120.75,0
38.5,-120.5,38.75,-120.25,0
38.5,-120.0,38.75,-119.75,0
38.5,-119.5,38.75,-119.25,0
38.5,-119.0,38.75,-118.75,0
38.5,-118.5,38.75,-118.25,0
38.5,-118.0,38.75,-117.75,0
38.5,-117.5,38.75,-117.25,0
38.5,-117.0,38.75,-116.75,0
38.5,-116.5,38.75,-116.25,0
38.5,-116.0,38.75,-115.75,0
38.5,-115.5,38.75,-115.25,0
38.5,-115.0,38.75,-114.75,0
38.5,-114.5,38.75,-114.25,0
38.5,-114.0,38.75,-113.75,0
38.5,-113.5,38.75,-113.25,0
38.5,-113.0,38.75,-112.75,0
38.5,-112.5,38.75,-112.25,0
38.5,-112.0,38.75,-111.75,0
38.5,-111.5,38.75,-111.25,0
38.5,-111.0,38.75,-110.75,0
38.5,-110.5,38.75,-110.25,0
38.5,-110.0,38.75,-109.75,0
38.5,-109.5,38.75,-109.25,0
38.5,-109.0,38.75,-108.75,0
38.5,-108.5,38.75,-108.25,0
38.5,-108.0,38.75,-107.75,0
38.5,-107.5,38.75,-107.25,0
38.5,-107.0,38.75,-106.75,0
38.5,-106.5,38.75,-106.25,0
38.5,-106.0,38.75,-105.75,0
38.5,-105.5,38.75,-105.25,0
38.5,-105.0,38.75,-104.75,0
38.5,-104.5,38.75,-104.25,0
38.5,-104.0,38.75,-103.75,0
38.5,-103.5,38.75,-103.25,0
38.5,-103.0,38.75,-102.75,0
38.5,-102.5,38.75,-102.25,0
38.5,-102.0,38.75,-101.75,0
38.5,-101.5,38.75,-101.25,0
38.5,-101.0,38.75,-100.75,0
38.5,-100.5,38.75,-100.25,0
38.5,-100.0,38.75,-99.75,0
38.5,-99.5,38.75,-99.25,0
38.5,-99.0,38.75,-98.75,0
38.5,-98.5,38.75,-98.25,0
38.5,-98.0,38.75,-97.75,0
38.5,-97.5,38.75,-97.25,0
38.5,-97.0,38.75,-96.75,0
38.5,-96.5,38.75,-96.25,0
38.5,-96.0,38.75,-95.75,0
38.5,-95.5,38.75,-95.25,0
38.5,-95.0,38.75,-94.75,0
38.5,-94.5,38.75,-94.25,0
38.5,-94.0,38.75,-93.75,0
38.5,-93.5,38.75,-93.25,0
38.5,-93.0,38.75,-92.75,0
38.5,-92.5,38.75,-92.25,0
38.5,-92.0,38.75,-91.75,0
38.5,-91.5,38.75,-91.25,0
38.5,-91.0,38.75,-90.75,0
38.5,-90.5,38.75,-90.25,0
38.5,-90.0,38.75,-89.75,0
38.5,-89.5,38.75,-89.25,0
38.5,-89.0,38.75,-88.75,0
38.5,-88.5,38.75,-88.25,0
38.5,-88.0,38.75,-87.75,0
38.5,-87.5,38.75,-87.25,0
38.5,-87.0,38.75,-86.75,0
38.5,-86.5,38.75,-86.25,0
38.5,-86.0,38.75,-85.75,0
38.5,-85.5,38.75,-85.25,0
38.5,-85.0,38.75,-84.75,0
38.5,-84.5,38.75,-84.25,0
38.5,-84.0,38.75,-83.75,0
38.5,-83.5,38.75,-83.25,0
38.5,-83.0,38.75,-82.75,0
38.5,-82.5,38.75,-82.25,0
38.5,-82.0,38.75,-81.75,0
38.5,-81.5,38.75,-81.25,0
38.5,-81.0,38.75,-80.75,0
38.5,-80.5,38.75,-80.25,0
38.5,-80.0,38.75,-79.75,0
38.5,-79.5,38.75,-79.25,0
38.5,-79.0,38.75,-78.75,0
38.5,-78.5,38.75,-78.25,0
38.5,-78.0,38.75,-77.75,0
38.5,-77.0,38.75,-76.75,0
38.5,-76.5,38.75,-76.25,0
38.5,-76.0,38.75,-75.75,0
38.5,-75.5,38.75,-75.25,0
38.5,-75.0,38.75,-74.75,0
38.5,-74.5,38.75,-74.25,0
38.5,-74.0,38.75,-73.75,0
38.5,-73.5,38.75,-73.25,0
38.5,-73.0,38.75,-72.75,0
38.5,-72.5,38.75,-72.25,0
38.5,-72.0,38.75,-71.75,0
38.5,-71.5,38.75,-71.25,0
38.5,-71.0,38.75,-70.75,0
38.5,-70.5,38.75,-70.25,0
38.5,-70.0,38.75,-69.75,0
38.5,-69.5,38.75,-69.25,0
38.5,-69.0,38.75,-68.75,0
38.5,-68.5,38.75,-68.25,0
38.5,-68.0,38.75,-67.75,0
38.5,-67.5,38.75,-67.25,0
38.5,-67.0,38.75,-66.75,0
38.5,-66.5,38.75,-66.25,0
39.0,-125.0,39.25,-124.75,0
39.0,-124.5,39.25,-124.25,0
39.0,-124.0,39.25,-123.75,0
39.0,-123.5,39.25,-123.25,0
39.0,-123.0,39.25,-122.75,0
39.0,-122.5,39.25,-122.25,0
39.0,-122.0,39.25,-121.75,0
39.0,-121.5,39.25,-121.25,0
39.0,-121.0,39.25,-120.75,0
39.0,-120.5,39.25,-120.25,0
39.0,-120.0,39.25,-119.75,0
39.0,-119.5,39.25,-119.25,0
39.0,-119.0,39.25,-118.75,0
39.0,-118.5,39.25,-118.25,0
39.0,-118.0,39.25,-117.75,0
39.0,-117.5,39.25,-117.25,0
39.0,-117.0,39.25,-116.75,0
39.0,-116.5,39.25,-116.25,0
39.0,-116.0,39.25,-115.75,0
39.0,-115.5,39.25,-115.25,0
39.0,-115.0,39.25,-114.75,0
39.0,-114.5,39.25,-114.25,0
39.0,-114.0,39.25,-113.75,0
39.0,-113.5,39.25,-113.25,0
39.0,-113.0,39.25,-112.75,0
39.0,-112.5,39.25,-112.25,0
39.0,-112.0,39.25,-111.75,0
39.0,-111.5,39.25,-111.25,0
39.0,-111.0,39.25,-110.75,0
39.0,-110.5,39.25,-110.25,0
39.0,-110.0,39.25,-109.75,0
39.0,-109.5,39.25,-109.25,0
39.0,-109.0,39.25,-108.75,0
39.0,-108.5,39.25,-108.25,0
39.0,-108.0,39.25,-107.75,0
39.0,-107.5,39.25,-107.25,0
39.0,-107.0,39.25,-106.75,0
39.0,-106.5,39.25,-106.25,0
39.0,-106.0,39.25,-105.75,0
39.0,-105.5,39.25,-105.25,0
39.0,-105.0,39.25,-104.75,0
39.0,-104.5,39.25,-104.25,0
39.0,-104.0,39.25,-103.75,0
39.0,-103.5,39.25,-103.25,0
39.0,-103.0,39.25,-102.75,0
39.0,-102.5,39.25,-102.25,0
39.0,-102.0,39.25,-101.75,0
39.0,-101.5,39.25,-101.25,0
39.0,-101.0,39.25,-100.75,0
39.0,-100.5,39.25,-100.25,0
39.0,-100.0,39.25,-99.75,0
39.0,-99.5,39.25,-99.25,0
39.0,-99.0,39.25,-98.75,0
39.0,-98.5,39.25,-98.25,0
39.0,-98.0,39.25,-97.75,0
39.0,-97.5,39.25,-97.25,0
39.0,-97.0,39.25,-96.75,0
39.0,-96.5,39.25,-96.25,0
39.0,-96.0,39.25,-95.75,0
39.0,-95.5,39.25,-95.25,0
39.0,-95.0,39.25,-94.75,0
39.0,-94.5,39.25,-94.25,0
39.0,-94.0,39.25,-93.75,0
39.0,-93.5,39.25,-93.25,0
39.0,-93.0,39.25,-92.75,0
39.0,-92.5,39.25,-92.25,0
39.0,-92.0,39.25,-91.75,0
39.0,-91.5,39.25,-91.25,0
39.0,-91.0,39.25,-90.75,0
39.0,-90.5,39.25,-90.25,0
39.0,-90.0,39.25,-89.75,0
39.0,-89.5,39.25,-89.25,0
39.0,-89.0,39.25,-88.75,0
39.0,-88.5,39.25,-88.25,0
39.0,-88.0,39.25,-87.75,0
39.0,-87.5,39.25,-87.25,0
39.0,-87.0,39.25,-86.75,0
39.0,-86.5,39.25,-86.25,0
39.0,-86.0,39.25,-85.75,0
39.0,-85.5,39.25,-85.25,0
39.0,-85.0,39.25,-84.75,0
39.0,-84.5,39.25,-84.25,0
39.0,-84.0,39.25,-83.75,0
39.0,-83.5,39.25,-83.25,0
39.0,-83.0,39.25,-82.75,0
39.0,-82.5,39.25,-82.25,0
39.0,-82.0,39.25,-81.75,0
39.0,-81.5,39.25,-81.25,0
39.0,-81.0,39.25,-80.75,0
39.0,-80.5,39.25,-80.25,0
39.0,-80.0,39.25,-79.75,0
39.0,-79.5,39.25,-79.25,0
39.0,-79.0,39.25,-78.75,0
39.0,-78.5,39.25,-78.25,0
39.0,-78.0,39.25,-77.75,0
39.0,-76.5,39.25,-76.25,0
39.0,-76.0,39.25,-75.75,0
39.0,-75.5,39.25,-75.25,0
39.0,-75.0,39.25,-74.75,0
39.0,-74.5,39.25,-74.25,0
39.0,-74.0,39.25,-73.75,0
39.0,-73.5,39.25,-73.25,0
39.0,-73.0,39.25,-72.75,0
39.0,-72.5,39.25,-72.25,0
39.0,-72.0,39.25,-71.75,0
39.0,-71.5,39.25,-71.25,0
39.0,-71.0,39.25,-70.75,0
39.0,-70.5,39.25,-70.25,0
39.0,-70.0,39.25,-69.75,0
39.0,-69.5,39.25,-69.25,0
39.0,-69.0,39.25,-68.75,0
39.0,-68.5,39.25,-68.25,0
39.0,-68.0,39.25,-67.75,0
39.0,-67.5,39.25,-67.25,0
39.0,-67.0,39.25,-66.75,0
39.0,-66.5,39.25,-66.25,0
39.5,-125.0,39.75,-124.75,0
39.5,-124.5,39.75,-124.25,0
39.5,-124.0,39.75,-123.75,0
39.5,-123.5,39.75,-123.25,0
39.5,-123.0,39.75,-122.75,0
39.5,-122.5,39.75,-122.25,0
39.5,-122.0,39.75,-121.75,0
39.5,-121.5,39.75,-121.25,0
39.5,-121.0,39.75,-120.75,0
39.5,-120.5,39.75,-120.25,0
39.5,-120.0,39.75,-119.75,0
39.5,-119.5,39.75,-119.25,0
39.5,-119.0,39.75,-118.75,0
39.5,-118.5,39.75,-118.25,0
39.5,-118.0,39.75,-117.75,0
39.5,-117.5,39.75,-117.25,0
39.5,-117.0,39.75,-116.75,0
39.5,-116.5,39.75,-116.25,0
39.5,-116.0,39.75,-115.75,0
39.5,-115.5,39.75,-115.25,0
39.5,-115.0,39.75,-114.75,0
39.5,-114.5,39.75,-114.25,0
39.5,-114.0,39.75,-113.75,0
39.5,-113.5,39.75,-113.25,0
39.5,-113.0,39.75,-112.75,0
39.5,-112.5,39.75,-112.25,0
39.5,-112.0,39.75,-111.75,0
39.5,-111.5,39.75,-111.25,0
39.5,-111.0,39.75,-110.75,0
39.5,-110.5,39.75,-110.25,0
39.5,-110.0,39.75,-109.75,0
39.5,-109.5,39.75,-109.25,0
39.5,-109.0,39.75,-108.75,0
39.5,-108.5,39.75,-108.25,0
39.5,-108.0,39.75,-107.75,0
39.5,-107.5,39.75,-107.25,0
39.5,-107.0,39.75,-106.75,0
39.5,-106.5,39.75,-106.25,0
39.5,-106.0,39.75,-105.75,0
39.5,-105.5,39.75,-105.25,0
39.5,-105.0,39.75,-104.75,0
39.5,-104.5,39.75,-104.25,0
39.5,-104.0,39.75,-103.75,0
39.5,-103.5,39.75,-103.25,0
39.5,-103.0,39.75,-102.75,0
39.5,-102.5,39.75,-102.25,0
39.5,-102.0,39.75,-101.75,0
39.5,-101.5,39.75,-101.25,0
39.5,-101.0,39.75,-100.75,0
39.5,-100.5,39.75,-100.25,0
39.5,-100.0,39.75,-99.75,0
39.5,-99.5,39.75,-99.25,0
39.5,-99.0,39.75,-98.75,0
39.5,-98.5,39.75,-98.25,0
39.5,-98.0,39.75,-97.75,0
39.5,-97.5,39.75,-97.25,0
39.5,-97.0,39.75,-96.75,0
39.5,-96.5,39.75,-96.25,0
39.5,-96.0,39.75,-95.75,0
39.5,-95.5,39.75,-95.25,0
39.5,-95.0,39.75,-94.75,0
39.5,-94.5,39.75,-94.25,0
39.5,-94.0,39.75,-93.75,0
39.5,-93.5,39.75,-93.25,0
39.5,-93.0,39.75,-92.75,0
39.5,-92.5,39.75,-92.25,0
39.5,-92.0,39.75,-91.75,0
39.5,-91.5,39.75,-91.25,0
39.5,-91.0,39.75,-90.75,0
39.5,-90.5,39.75,-90.25,0
39.5,-90.0,39.75,-89.75,0
39.5,-89.5,39.75,-89.25,0
39.5,-89.0,39.75,-88.75,0
39.5,-88.5,39.75,-88.25,0
39.5,-88.0,39.75,-87.75,0
39.5,-87.5,39.75,-87.25,0
39.5,-87.0,39.75,-86.75,0
39.5,-86.5,39.75,-86.25,0
39.5,-86.0,39.75,-85.75,0
39.5,-85.5,39.75,-85.25,0
39.5,-85.0,39.75,-84.75,0
39.5,-84.5,39.75,-84.25,0
39.5,-84.0,39.75,-83.75,0
39.5,-83.5,39.75,-83.25,0
39.5,-83.0,39.75,-82.75,0
39.5,-82.5,39.75,-82.25,0
39.5,-82.0,39.75,-81.75,0
39.5,-81.5,39.75,-81.25,0
39.5,-81.0,39.75,-80.75,0
39.5,-80.5,39.75,-80.25,0
39.5,-80.0,39.75,-79.75,0
39.5,-79.5,39.75,-79.25,0
39.5,-79.0,39.75,-78.75,0
39.5,-78.5,39.75,-78.25,0
39.5,-78.0,39.75,-77.75,0
39.5,-77.5,39.75,-77.25,0
39.5,-77.0,39.75,-76.75,0
39.5,-76.5,39.75,-76.25,0
39.5,-76.0,39.75,-75.75,0
39.5,-75.5,39.75,-75.25,0
39.5,-75.0,39.75,-74.75,0
39.5,-74.5,39.75,-74.25,0
39.5,-74.0,39.75,-73.75,0
39.5,-73.5,39.75,-73.25,0
39.5,-73.0,39.75,-72.75,0
39.5,-72.5,39.75,-72.25,0
39.5,-72.0,39.75,-71.75,0
39.5,-71.5,39.75,-71.25,0
39.5,-71.0,39.75,-70.75,0
39.5,-70.5,39.75,-70.25,0
39.5,-70.0,39.75,-69.75,0
39.5,-69.5,39.75,-69.25,0
39.5,-69.0,39.75,-68.75,0
39.5,-68.5,39.75,-68.25,0
39.5,-68.0,39.75,-67.75,0
39.5,-67.5,39.75,-67.25,0
39.5,-67.0,39.75,-66.75,0
39.5,-66.5,39.75,-66.25,0
40.0,-125.0,40.25,-124.75,0
40.0,-124.5,40.25,-124.25,0
40.0,-124.0,40.25,-123.75,0
40.0,-123.5,40.25,-123.25,0
40.0,-123.0,40.25,-122.75,0
40.0,-122.5,40.25,-122.25,0
40.0,-122.0,40.25,-121.75,0
40.0,-121.5,40.25,-121.25,0
40.0,-121.0,40.25,-120.75,0
40.0,-120.5,40.25,-120.25,0
40.0,-120.0,40.25,-119.75,0
40.0,-119.5,40.25,-119.25,0
40.0,-119.0,40.25,-118.75,0
40.0,-118.5,40.25,-118.25,0
40.0,-118.0,40.25,-117.75,0
40.0,-117.5,40.25,-117.25,0
40.0,-117.0,40.25,-116.75,0
40.0,-116.5,40.25,-116.25,0
40.0,-116.0,40.25,-115.75,0
40.0,-115.5,40.25,-115.25,0
40.0,-115.0,40.25,-114.75,0
40.0,-114.5,40.25,-114.25,0
40.0,-114.0,40.25,-113.75,0
40.0,-113.5,40.25,-113.25,0
40.0,-113.0,40.25,-112.75,0
40.0,-112.5,40.25,-112.25,0
40.0,-112.0,40.25,-111.75,0
40.0,-111.5,40.25,-111.25,0
40.0,-111.0,40.25,-110.75,0
40.0,-110.5,40.25,-110.25,0
40.0,-110.0,40.25,-109.75,0
40.0,-109.5,40.25,-109.25,0
40.0,-109.0,40.25,-108.75,0
40.0,-108.5,40.25,-108.25,0
40.0,-108.0,40.25,-107.75,0
40.0,-107.5,40.25,-107.25,0
40.0,-107.0,40.25,-106.75,0
40.0,-106.5,40.25,-106.25,0
40.0,-106.0,40.25,-105.75,0
40.0,-105.5,40.25,-105.25,0
40.0,-105.0,40.25,-104.75,0
40.0,-104.5,40.25,-104.25,0
40.0,-104.0,40.25,-103.75,0
40.0,-103.5,40.25,-103.25,0
40.0,-103.0,40.25,-102.75,0
40.0,-102.5,40.25,-102.25,0
40.0,-102.0,40.25,-101.75,0
40.0,-101.5,40.25,-101.25,0
40.0,-101.0,40.25,-100.75,0
40.0,-100.5,40.25,-100.25,0
40.0,-100.0,40.25,-99.75,0
40.0,-99.5,40.25,-99.25,0
40.0,-99.0,40.25,-98.75,0
40.0,-98.5,40.25,-98.25,0
40.0,-98.0,40.25,-97.75,0
40.0,-97.5,40.25,-97.25,0
40.0,-97.0,40.25,-96.75,0
40.0,-96.5,40.25,-96.25,0
40.0,-96.0,40.25,-95.75,0
40.0,-95.5,40.25,-95.25,0
40.0,-95.0,40.25,-94.75,0
40.0,-94.5,40.25,-94.25,0
40.0,-94.0,40.25,-93.75,0
40.0,-93.5,40.25,-93.25,0
40.0,-93.0,40.25,-92.75,0
40.0,-92.5,40.25,-92.25,0
40.0,-92.0,40.25,-91.75,0
40.0,-91.5,40.25,-91.25,0
40.0,-91.0,40.25,-90.75,0
40.0,-90.5,40.25,-90.25,0
40.0,-90.0,40.25,-89.75,0
40.0,-89.5,40.25,-89.25,0
40.0,-89.0,40.25,-88.75,0
40.0,-88.5,40.25,-88.25,0
40.0,-88.0,40.25,-87.75,0
40.0,-87.5,40.25,-87.25,0
40.0,-87.0,40.25,-86.75,0
40.0,-86.5,40.25,-86.25,0
40.0,-86.0,40.25,-85.75,0
40.0,-85.5,40.25,-85.25,0
40.0,-85.0,40.25,-84.75,0
40.0,-84.5,40.25,-84.25,0
40.0,-84.0,40.25,-83.75,0
40.0,-83.5,40.25,-83.25,0
40.0,-83.0,40.25,-82.75,0
40.0,-82.5,40.25,-82.25,0
40.0,-82.0,40.25,-81.75,0
40.0,-81.5,40.25,-81.25,0
40.0,-81.0,40.25,-80.75,0
40.0,-80.5,40.25,-80.25,0
40.0,-80.0,40.25,-79.75,0
40.0,-79.5,40.25,-79.25,0
40.0,-79.0,40.25,-78.75,0
40.0,-78.5,40.25,-78.25,0
40.0,-78.0,40.25,-77.75,0
40.0,-77.5,40.25,-77.25,0
40.0,-77.0,40.25,-76.75,0
40.0,-76.5,40.25,-76.25,0
40.0,-76.0,40.25,-75.75,0
40.0,-75.5,40.25,-75.25,0
40.0,-75.0,40.25,-74.75,0
40.0,-74.5,40.25,-74.25,0
40.0,-74.0,40.25,-73.75,0
40.0,-73.5,40.25,-73.25,0
40.0,-73.0,40.25,-72.75,0
40.0,-72.5,40.25,-72.25,0
40.0,-72.0,40.25,-71.75,0
40.0,-71.5,40.25,-71.25,0
40.0,-71.0,40.25,-70.75,0
40.0,-70.5,40.25,-70.25,0
40.0,-70.0,40.25,-69.75,0
40.0,-69.5,40.25,-69.25,0
40.0,-69.0,40.25,-68.75,0
40.0,-68.5,40.25,-68.25,0
40.0,-68.0,40.25,-67.75,0
40.0,-67.5,40.25,-67.25,0
40.0,-67.0,40.25,-66.75,0
40.0,-66.5,40.25,-66.25,0
40.5,-125.0,40.75,-124.75,0
40.5,-124.5,40.75,-124.25,0
40.5,-124.0,40.75,-123.75,0
40.5,-123.5,40.75,-123.25,0
40.5,-123.0,40.75,-122.75,0
40.5,-122.5,40.75,-122.25,0
40.5,-122.0,40.75,-121.75,0
40.5,-121.5,40.75,-121.25,0
40.5,-121.0,40.75,-120.75,0
40.5,-120.5,40.75,-120.25,0
40.5,-120.0,40.75,-119.75,0
40.5,-119.5,40.75,-119.25,0
40.5,-119.0,40.75,-118.75,0
40.5,-118.5,40.75,-118.25,0
40.5,-118.0,40.75,-117.75,0
40.5,-117.5,40.75,-117.25,0
40.5,-117.0,40.75,-116.75,0
40.5,-116.5,40.75,-116.25,0
40.5,-116.0,40.75,-115.75,0
40.5,-115.5,40.75,-115.25,0
40.5,-115.0,40.75,-114.75,0
40.5,-114.5,40.75,-114.25,0
40.5,-114.0,40.75,-113.75,0
40.5,-113.5,40.75,-113.25,0
40.5,-113.0,40.75,-112.75,0
40.5,-112.5,40.75,-112.25,0
40.5,-112.0,40.75,-111.75,0
40.5,-111.5,40.75,-111.25,0
40.5,-111.0,40.75,-110.75,0
40.5,-110.5,40.75,-110.25,0
40.5,-110.0,40.75,-109.75,0
40.5,-109.5,40.75,-109.25,0
40.5,-109.0,40.75,-108.75,0
40.5,-108.5,40.75,-108.25,0
40.5,-108.0,40.75,-107.75,0
40.5,-107.5,40.75,-107.25,0
40.5,-107.0,40.75,-106.75,0
40.5,-106.5,40.75,-106.25,0
40.5,-106.0,40.75,-105.75,0
40.5,-105.5,40.75,-105.25,0
40.5,-105.0,40.75,-104.75,0
40.5,-104.5,40.75,-104.25,0
40.5,-104.0,40.75,-103.75,0
40.5,-103.5,40.75,-103.25,0
40.5,-103.0,40.75,-102.75,0
40.5,-102.5,40.75,-102.25,0
40.5,-102.0,40.75,-101.75,0
40.5,-101.5,40.75,-101.25,0
40.5,-101.0,40.75,-100.75,0
40.5,-100.5,40.75,-100.25,0
40.5,-100.0,40.75,-99.75,0
40.5,-99.5,40.75,-99.25,0
40.5,-99.0,40.75,-98.75,0
40.5,-98.5,40.75,-98.25,0
40.5,-98.0,40.75,-97.75,0
40.5,-97.5,40.75,-97.25,0
40.5,-97.0,40.75,-96.75,0
40.5,-96.5,40.75,-96.25,0
40.5,-96.0,40.75,-95.75,0
40.5,-95.5,40.75,-95.25,0
40.5,-95.0,40.75,-94.75,0
40.5,-94.5,40.75,-94.25,0
40.5,-94.0,40.75,-93.75,0
40.5,-93.5,40.75,-93.25,0
40.5,-93.0,40.75,-92.75,0
40.5,-92.5,40.75,-92.25,0
40.5,-92.0,40.75,-91.75,0
40.5,-91.5,40.75,-91.25,0
40.5,-91.0,40.75,-90.75,0
40.5,-90.5,40.75,-90.25,0
40.5,-90.0,40.75,-89.75,0
40.5,-89.5,40.75,-89.25,0
40.5,-89.0,40.75,-88.75,0
40.5,-88.5,40.75,-88.25,0
40.5,-88.0,40.75,-87.75,0
40.5,-87.5,40.75,-87.25,0
40.5,-87.0,40.75,-86.75,0
40.5,-86.5,40.75,-86.25,0
40.5,-86.0,40.75,-85.75,0
40.5,-85.5,40.75,-85.25,0
40.5,-85.0,40.75,-84.75,0
40.5,-84.5,40.75,-84.25,0
40.5,-84.0,40.75,-83.75,0
40.5,-83.5,40.75,-83.25,0
40.5,-83.0,40.75,-82.75,0
40.5,-82.5,40.75,-82.25,0
40.5,-82.0,40.75,-81.75,0
40.5,-81.5,40.75,-81.25,0
40.5,-81.0,40.75,-80.75,0
40.5,-80.5,40.75,-80.25,0
40.5,-80.0,40.75,-79.75,0
40.5,-79.5,40.75,-79.25,0
40.5,-79.0,40.75,-78.75,0
40.5,-78.5,40.75,-78.25,0
40.5,-78.0,40.75,-77.75,0
40.5,-77.5,40.75,-77.25,0
40.5,-77.0,40.75,-76.75,0
40.5,-76.5,40.75,-76.25,0
40.5,-76.0,40.75,-75.75,0
40.5,-75.5,40.75,-75.25,0
40.5,-75.0,40.75,-74.75,0
40.5,-74.5,40.75,-74.25,0
40.5,-73.5,40.75,-73.25,0
40.5,-73.0,40.75,-72.75,0
40.5,-72.5,40.75,-72.25,0
40.5,-72.0,40.75,-71.75,0
40.5,-71.5,40.75,-71.25,0
40.5,-71.0,40.75,-70.75,0
40.5,-70.5,40.75,-70.25,0
40.5,-70.0,40.75,-69.75,0
40.5,-69.5,40.75,-69.25,0
40.5,-69.0,40.75,-68.75,0
40.5,-68.5,40.75,-68.25,0
40.5,-68.0,40.75,-67.75,0
40.5,-67.5,40.75,-67.25,0
40.5,-67.0,40.75,-66.75,0
40.5,-66.5,40.75,-66.25,0
41.0,-125.0,41.25,-124.75,0
41.0,-124.5,41.25,-124.25,0
41.0,-124.0,41.25,-123.75,0
41.0,-123.5,41.25,-123.25,0
41.0,-123.0,41.25,-122.75,0
41.0,-122.5,41.25,-122.25,0
41.0,-122.0,41.25,-121.75,0
41.0,-121.5,41.25,-121.25,0
41.0,-121.0,41.25,-120.75,0
41.0,-120.5,41.25,-120.25,0
41.0,-120.0,41.25,-119.75,0
41.0,-119.5,41.25,-119.25,0
41.0,-119.0,41.25,-118.75,0
41.0,-118.5,41.25,-118.25,0
41.0,-118.0,41.25,-117.75,0
41.0,-117.5,41.25,-117.25,0
41.0,-117.0,41.25,-116.75,0
41.0,-116.5,41.25,-116.25,0
41.0,-116.0,41.25,-115.75,0
41.0,-115.5,41.25,-115.25,0
41.0,-115.0,41.25,-114.75,0
41.0,-114.5,41.25,-114.25,0
41.0,-114.0,41.25,-113.75,0
41.0,-113.5,41.25,-113.25,0
41.0,-113.0,41.25,-112.75,0
41.0,-112.5,41.25,-112.25,0
41.0,-112.0,41.25,-111.75,0
41.0,-111.5,41.25,-111.25,0
41.0,-111.0,41.25,-110.75,0
41.0,-110.5,41.25,-110.25,0
41.0,-110.0,41.25,-109.75,0
41.0,-109.5,41.25,-109.25,0
41.0,-109.0,41.25,-108.75,0
41.0,-108.5,41.25,-108.25,0
41.0,-108.0,41.25,-107.75,0
41.0,-107.5,41.25,-107.25,0
41.0,-107.0,41.25,-106.75,0
41.0,-106.5,41.25,-106.25,0
41.0,-106.0,41.25,-105.75,0
41.0,-105.5,41.25,-105.25,0
41.0,-105.0,41.25,-104.75,0
41.0,-104.5,41.25,-104.25,0
41.0,-104.0,41.25,-103.75,0
41.0,-103.5,41.25,-103.25,0
41.0,-103.0,41.25,-102.75,0
41.0,-102.5,41.25,-102.25,0
41.0,-102.0,41.25,-101.75,0
41.0,-101.5,41.25,-101.25,0
41.0,-101.0,41.25,-100.75,0
41.0,-100.5,41.25,-100.25,0
41.0,-100.0,41.25,-99.75,0
41.0,-99.5,41.25,-99.25,0
41.0,-99.0,41.25,-98.75,0
41.0,-98.5,41.25,-98.25,0
41.0,-98.0,41.25,-97.75,0
41.0,-97.5,41.25,-97.25,0
41.0,-97.0,41.25,-96.75,0
41.0,-96.5,41.25,-96.25,0
41.0,-96.0,41.25,-95.75,0
41.0,-95.5,41.25,-95.25,0
41.0,-95.0,41.25,-94.75,0
41.0,-94.5,41.25,-94.25,0
41.0,-94.0,41.25,-93.75,0
41.0,-93.5,41.25,-93.25,0
41.0,-93.0,41.25,-92.75,0
41.0,-92.5,41.25,-92.25,0
41.0,-92.0,41.25,-91.75,0
41.0,-91.5,41.25,-91.25,0
41.0,-91.0,41.25,-90.75,0
41.0,-90.5,41.25,-90.25,0
41.0,-90.0,41.25,-89.75,0
41.0,-89.5,41.25,-89.25,0
41.0,-89.0,41.25,-88.75,0
41.0,-88.5,41.25,-88.25,0
41.0,-88.0,41.25,-87.75,0
41.0,-87.5,41.25,-87.25,0
41.0,-87.0,41.25,-86.75,0
41.0,-86.5,41.25,-86.25,0
41.0,-86.0,41.25,-85.75,0
41.0,-85.5,41.25,-85.25,0
41.0,-85.0,41.25,-84.75,0
41.0,-84.5,41.25,-84.25,0
41.0,-84.0,41.25,-83.75,0
41.0,-83.5,41.25,-83.25,0
41.0,-83.0,41.25,-82.75,0
41.0,-82.5,41.25,-82.25,0
41.0,-82.0,41.25,-81.75,0
41.0,-81.5,41.25,-81.25,0
41.0,-81.0,41.25,-80.75,0
41.0,-80.5,41.25,-80.25,0
41.0,-80.0,41.25,-79.75,0
41.0,-79.5,41.25,-79.25,0
41.0,-79.0,41.25,-78.75,0
41.0,-78.5,41.25,-78.25,0
41.0,-78.0,41.25,-77.75,0
41.0,-77.5,41.25,-77.25,0
41.0,-77.0,41.25,-76.75,0
41.0,-76.5,41.25,-76.25,0
41.0,-76.0,41.25,-75.75,0
41.0,-75.5,41.25,-75.25,0
41.0,-75.0,41.25,-74.75,0
41.0,-74.5,41.25,-74.25,0
41.0,-74.0,41.25,-73.75,0
41.0,-73.5,41.25,-73.25,0
41.0,-73.0,41.25,-72.75,0
41.0,-72.5,41.25,-72.25,0
41.0,-72.0,41.25,-71.75,0
41.0,-71.5,41.25,-71.25,0
41.0,-71.0,41.25,-70.75,0
41.0,-70.5,41.25,-70.25,0
41.0,-70.0,41.25,-69.75,0
41.0,-69.5,41.25,-69.25,0
41.0,-69.0,41.25,-68.75,0
41.0,-68.5,41.25,-68.25,0
41.0,-68.0,41.25,-67.75,0
41.0,-67.5,41.25,-67.25,0
41.0,-67.0,41.25,-66.75,0
41.0,-66.5,41.25,-66.25,0
41.5,-125.0,41.75,-124.75,0
41.5,-124.5,41.75,-124.25,0
41.5,-124.0,41.75,-123.75,0
41.5,-123.5,41.75,-123.25,0
41.5,-123.0,41.75,-122.75,0
41.5,-122.5,41.75,-122.25,0
41.5,-122.0,41.75,-121.75,0
41.5,-121.5,41.75,-121.25,0
41.5,-121.0,41.75,-120.75,0
41.5,-120.5,41.75,-120.25,0
41.5,-120.0,41.75,-119.75,0
41.5,-119.5,41.75,-119.25,0
41.5,-119.0,41.75,-118.75,0
41.5,-118.5,41.75,-118.25,0
41.5,-118.0,41.75,-117.75,0
41.5,-117.5,41.75,-117.25,0
41.5,-117.0,41.75,-116.75,0
41.5,-116.5,41.75,-116.25,0
41.5,-116.0,41.75,-115.75,0
41.5,-115.5,41.75,-115.25,0
41.5,-115.0,41.75,-114.75,0
41.5,-114.5,41.75,-114.25,0
41.5,-114.0,41.75,-113.75,0
41.5,-113.5,41.75,-113.25,0
41.5,-113.0,41.75,-112.75,0
41.5,-112.5,41.75,-112.25,0
41.5,-112.0,41.75,-111.75,0
41.5,-111.5,41.75,-111.25,0
41.5,-111.0,41.75,-110.75,0
41.5,-110.5,41.75,-110.25,0
41.5,-110.0,41.75,-109.75,0
41.5,-109.5,41.75,-109.25,0
41.5,-109.0,41.75,-108.75,0
41.5,-108.5,41.75,-108.25,0
41.5,-108.0,41.75,-107.75,0
41.5,-107.5,41.75,-107.25,0
41.5,-107.0,41.75,-106.75,0
41.5,-106.5,41.75,-106.25,0
41.5,-106.0,41.75,-105.75,0
41.5,-105.5,41.75,-105.25,0
41.5,-105.0,41.75,-104.75,0
41.5,-104.5,41.75,-104.25,0
41.5,-104.0,41.75,-103.75,0
41.5,-103.5,41.75,-103.25,0
41.5,-103.0,41.75,-102.75,0
41.5,-102.5,41.75,-102.25,0
41.5,-102.0,41.75,-101.75,0
41.5,-101.5,41.75,-101.25,0
41.5,-101.0,41.75,-100.75,0
41.5,-100.5,41.75,-100.25,0
41.5,-100.0,41.75,-99.75,0
41.5,-99.5,41.75,-99.25,0
41.5,-99.0,41.75,-98.75,0
41.5,-98.5,41.75,-98.25,0
41.5,-98.0,41.75,-97.75,0
41.5,-97.5,41.75,-97.25,0
41.5,-97.0,41.75,-96.75,0
41.5,-96.5,41.75,-96.25,0
41.5,-96.0,41.75,-95.75,0
41.5,-95.5,41.75,-95.25,0
41.5,-95.0,41.75,-94.75,0
41.5,-94.5,41.75,-94.25,0
41.5,-94.0,41.75,-93.75,0
41.5,-93.5,41.75,-93.25,0
41.5,-93.0,41.75,-92.75,0
41.5,-92.5,41.75,-92.25,0
41.5,-92.0,41.75,-91.75,0
41.5,-91.5,41.75,-91.25,0
41.5,-91.0,41.75,-90.75,0
41.5,-90.5,41.75,-90.25,0
41.5,-90.0,41.75,-89.75,0
41.5,-89.5,41.75,-89.25,0
41.5,-89.0,41.75,-88.75,0
41.5,-88.5,41.75,-88.25,0
41.5,-87.5,41.75,-87.25,0
41.5,-87.0,41.75,-86.75,0
41.5,-86.5,41.75,-86.25,0
41.5,-86.0,41.75,-85.75,0
41.5,-85.5,41.75,-85.25,0
41.5,-85.0,41.75,-84.75,0
41.5,-84.5,41.75,-84.25,0
41.5,-84.0,41.75,-83.75,0
41.5,-83.5,41.75,-83.25,0
41.5,-83.0,41.75,-82.75,0
41.5,-82.5,41.75,-82.25,0
41.5,-82.0,41.75,-81.75,0
41.5,-81.5,41.75,-81.25,0
41.5,-81.0,41.75,-80.75,0
41.5,-80.5,41.75,-80.25,0
41.5,-80.0,41.75,-79.75,0
41.5,-79.5,41.75,-79.25,0
41.5,-79.0,41.75,-78.75,0
41.5,-78.5,41.75,-78.25,0
41.5,-78.0,41.75,-77.75,0
41.5,-77.5,41.75,-77.25,0
41.5,-77.0,41.75,-76.75,0
41.5,-76.5,41.75,-76.25,0
41.5,-76.0,41.75,-75.75,0
41.5,-75.5,41.75,-75.25,0
41.5,-75.0,41.75,-74.75,0
41.5,-74.5,41.75,-74.25,0
41.5,-74.0,41.75,-73.75,0
41.5,-73.5,41.75,-73.25,0
41.5,-73.0,41.75,-72.75,0
41.5,-72.5,41.75,-72.25,0
41.5,-72.0,41.75,-71.75,0
41.5,-71.5,41.75,-71.25,0
41.5,-71.0,41.75,-70.75,0
41.5,-70.5,41.75,-70.25,0
41.5,-70.0,41.75,-69.75,0
41.5,-69.5,41.75,-69.25,0
41.5,-69.0,41.75,-68.75,0
41.5,-68.5,41.75,-68.25,0
41.5,-68.0,41.75,-67.75,0
41.5,-67.5,41.75,-67.25,0
41.5,-67.0,41.75,-66.75,0
41.5,-66.5,41.75,-66.25,0
42.0,-125.0,42.25,-124.75,0
42.0,-124.5,42.25,-124.25,0
42.0,-124.0,42.25,-123.75,0
42.0,-123.5,42.25,-123.25,0
42.0,-123.0,42.25,-122.75,0
42.0,-122.5,42.25,-122.25,0
42.0,-122.0,42.25,-121.75,0
42.0,-121.5,42.25,-121.25,0
42.0,-121.0,42.25,-120.75,0
42.0,-120.5,42.25,-120.25,0
42.0,-120.0,42.25,-119.75,0
42.0,-119.5,42.25,-119.25,0
42.0,-119.0,42.25,-118.75,0
42.0,-118.5,42.25,-118.25,0
42.0,-118.0,42.25,-117.75,0
42.0,-117.5,42.25,-117.25,0
42.0,-117.0,42.25,-116.75,0
42.0,-116.5,42.25,-116.25,0
42.0,-116.0,42.25,-115.75,0
42.0,-115.5,42.25,-115.25,0
42.0,-115.0,42.25,-114.75,0
42.0,-114.5,42.25,-114.25,0
42.0,-114.0,42.25,-113.75,0
42.0,-113.5,42.25,-113.25,0
42.0,-113.0,42.25,-112.75,0
42.0,-112.5,42.25,-112.25,0
42.0,-112.0,42.25,-111.75,0
42.0,-111.5,42.25,-111.25,0
42.0,-111.0,42.25,-110.75,0
42.0,-110.5,42.25,-110.25,0
42.0,-110.0,42.25,-109.75,0
42.0,-109.5,42.25,-109.25,0
42.0,-109.0,42.25,-108.75,0
42.0,-108.5,42.25,-108.25,0
42.0,-108.0,42.25,-107.75,0
42.0,-107.5,42.25,-107.25,0
42.0,-107.0,42.25,-106.75,0
42.0,-106.5,42.25,-106.25,0
42.0,-106.0,42.25,-105.75,0
42.0,-105.5,42.25,-105.25,0
42.0,-105.0,42.25,-104.75,0
42.0,-104.5,42.25,-104.25,0
42.0,-104.0,42.25,-103.75,0
42.0,-103.5,42.25,-103.25,0
42.0,-103.0,42.25,-102.75,0
42.0,-102.5,42.25,-102.25,0
42.0,-102.0,42.25,-101.75,0
42.0,-101.5,42.25,-101.25,0
42.0,-101.0,42.25,-100.75,0
42.0,-100.5,42.25,-100.25,0
42.0,-100.0,42.25,-99.75,0
42.0,-99.5,42.25,-99.25,0
42.0,-99.0,42.25,-98.75,0
42.0,-98.5,42.25,-98.25,0
42.0,-98.0,42.25,-97.75,0
42.0,-97.5,42.25,-97.25,0
42.0,-97.0,42.25,-96.75,0
42.0,-96.5,42.25,-96.25,0
42.0,-96.0,42.25,-95.75,0
42.0,-95.5,42.25,-95.25,0
42.0,-95.0,42.25,-94.75,0
42.0,-94.5,42.25,-94.25,0
42.0,-94.0,42.25,-93.75,0
42.0,-93.5,42.25,-93.25,0
42.0,-93.0,42.25,-92.75,0
42.0,-92.5,42.25,-92.25,0
42.0,-92.0,42.25,-91.75,0
42.0,-91.5,42.25,-91.25,0
42.0,-91.0,42.25,-90.75,0
42.0,-90.5,42.25,-90.25,0
42.0,-90.0,42.25,-89.75,0
42.0,-89.5,42.25,-89.25,0
42.0,-89.0,42.25,-88.75,0
42.0,-88.5,42.25,-88.25,0
42.0,-88.0,42.25,-87.75,0
42.0,-87.5,42.25,-87.25,0
42.0,-87.0,42.25,-86.75,0
42.0,-86.5,42.25,-86.25,0
42.0,-86.0,42.25,-85.75,0
42.0,-85.5,42.25,-85.25,0
42.0,-85.0,42.25,-84.75,0
42.0,-84.5,42.25,-84.25,0
42.0,-84.0,42.25,-83.75,0
42.0,-83.5,42.25,-83.25,0
42.0,-83.0,42.25,-82.75,0
42.0,-82.5,42.25,-82.25,0
42.0,-82.0,42.25,-81.75,0
42.0,-81.5,42.25,-81.25,0
42.0,-81.0,42.25,-80.75,0
42.0,-80.5,42.25,-80.25,0
42.0,-80.0,42.25,-79.75,0
42.0,-79.5,42.25,-79.25,0
42.0,-79.0,42.25,-78.75,0
42.0,-78.5,42.25,-78.25,0
42.0,-78.0,42.25,-77.75,0
42.0,-77.5,42.25,-77.25,0
42.0,-77.0,42.25,-76.75,0
42.0,-76.5,42.25,-76.25,0
42.0,-76.0,42.25,-75.75,0
42.0,-75.5,42.25,-75.25,0
42.0,-75.0,42.25,-74.75,0
42.0,-74.5,42.25,-74.25,0
42.0,-74.0,42.25,-73.75,0
42.0,-73.5,42.25,-73.25,0
42.0,-73.0,42.25,-72.75,0
42.0,-72.5,42.25,-72.25,0
42.0,-72.0,42.25,-71.75,0
42.0,-71.0,42.25,-70.75,0
42.0,-70.5,42.25,-70.25,0
42.0,-70.0,42.25,-69.75,0
42.0,-69.5,42.25,-69.25,0
42.0,-69.0,42.25,-68.75,0
42.0,-68.5,42.25,-68.25,0
42.0,-68.0,42.25,-67.75,0
42.0,-67.5,42.25,-67.25,0
42.0,-67.0,42.25,-66.75,0
42.0,-66.5,42.25,-66.25,0
42.5,-125.0,42.75,-124.75,0
42.5,-124.5,42.75,-124.25,0
42.5,-124.0,42.75,-123.75,0
42.5,-123.5,42.75,-123.25,0
42.5,-123.0,42.75,-122.75,0
42.5,-122.5,42.75,-122.25,0
42.5,-122.0,42.75,-121.75,0
42.5,-121.5,42.75,-121.25,0
42.5,-121.0,42.75,-120.75,0
42.5,-120.5,42.75,-120.25,0
42.5,-120.0,42.75,-119.75,0
42.5,-119.5,42.75,-119.25,0
42.5,-119.0,42.75,-118.75,0
42.5,-118.5,42.75,-118.25,0
42.5,-118.0,42.75,-117.75,0
42.5,-117.5,42.75,-117.25,0
42.5,-117.0,42.75,-116.75,0
42.5,-116.5,42.75,-116.25,0
42.5,-116.0,42.75,-115.75,0
42.5,-115.5,42.75,-115.25,0
42.5,-115.0,42.75,-114.75,0
42.5,-114.5,42.75,-114.25,0
42.5,-114.0,42.75,-113.75,0
42.5,-113.5,42.75,-113.25,0
42.5,-113.0,42.75,-112.75,0
42.5,-112.5,42.75,-112.25,0
42.5,-112.0,42.75,-111.75,0
42.5,-111.5,42.75,-111.25,0
42.5,-111.0,42.75,-110.75,0
42.5,-110.5,42.75,-110.25,0
42.5,-110.0,42.75,-109.75,0
42.5,-109.5,42.75,-109.25,0
42.5,-109.0,42.75,-108.75,0
42.5,-108.5,42.75,-108.25,0
42.5,-108.0,42.75,-107.75,0
42.5,-107.5,42.75,-107.25,0
42.5,-107.0,42.75,-106.75,0
42.5,-106.5,42.75,-106.25,0
42.5,-106.0,42.75,-105.75,0
42.5,-105.5,42.75,-105.25,0
42.5,-105.0,42.75,-104.75,0
42.5,-104.5,42.75,-104.25,0
42.5,-104.0,42.75,-103.75,0
42.5,-103.5,42.75,-103.25,0
42.5,-103.0,42.75,-102.75,0
42.5,-102.5,42.75,-102.25,0
42.5,-102.0,42.75,-101.75,0
42.5,-101.5,42.75,-101.25,0
42.5,-101.0,42.75,-100.75,0
42.5,-100.5,42.75,-100.25,0
42.5,-100.0,42.75,-99.75,0
42.5,-99.5,42.75,-99.25,0
42.5,-99.0,42.75,-98.75,0
42.5,-98.5,42.75,-98.25,0
42.5,-98.0,42.75,-97.75,0
42.5,-97.5,42.75,-97.25,0
42.5,-97.0,42.75,-96.75,0
42.5,-96.5,42.75,-96.25,0
42.5,-96.0,42.75,-95.75,0
42.5,-95.5,42.75,-95.25,0
42.5,-95.0,42.75,-94.75,0
42.5,-94.5,42.75,-94.25,0
42.5,-94.0,42.75,-93.75,0
42.5,-93.5,42.75,-93.25,0
42.5,-93.0,42.75,-92.75,0
42.5,-92.5,42.75,-92.25,0
42.5,-92.0,42.75,-91.75,0
42.5,-91.5,42.75,-91.25,0
42.5,-91.0,42.75,-90.75,0
42.5,-90.5,42.75,-90.25,0
42.5,-90.0,42.75,-89.75,0
42.5,-89.5,42.75,-89.25,0
42.5,-89.0,42.75,-88.75,0
42.5,-88.5,42.75,-88.25,0
42.5,-88.0,42.75,-87.75,0
42.5,-87.5,42.75,-87.25,0
42.5,-87.0,42.75,-86.75,0
42.5,-86.5,42.75,-86.25,0
42.5,-86.0,42.75,-85.75,0
42.5,-85.5,42.75,-85.25,0
42.5,-85.0,42.75,-84.75,0
42.5,-84.5,42.75,-84.25,0
42.5,-84.0,42.75,-83.75,0
42.5,-83.5,42.75,-83.25,0
42.5,-83.0,42.75,-82.75,0
42.5,-82.5,42.75,-82.25,0
42.5,-82.0,42.75,-81.75,0
42.5,-81.5,42.75,-81.25,0
42.5,-81.0,42.75,-80.75,0
42.5,-80.5,42.75,-80.25,0
42.5,-80.0,42.75,-79.75,0
42.5,-79.5,42.75,-79.25,0
42.5,-79.0,42.75,-78.75,0
42.5,-78.5,42.75,-78.25,0
42.5,-78.0,42.75,-77.75,0
42.5,-77.5,42.75,-77.25,0
42.5,-77.0,42.75,-76.75,0
42.5,-76.5,42.75,-76.25,0
42.5,-76.0,42.75,-75.75,0
42.5,-75.5,42.75,-75.25,0
42.5,-75.0,42.75,-74.75,0
42.5,-74.5,42.75,-74.25,0
42.5,-74.0,42.75,-73.75,0
42.5,-73.5,42.75,-73.25,0
42.5,-73.0,42.75,-72.75,0
42.5,-72.5,42.75,-72.25,0
42.5,-72.0,42.75,-71.75,0
42.5,-71.5,42.75,-71.25,0
42.5,-71.0,42.75,-70.75,0
42.5,-70.5,42.75,-70.25,0
42.5,-70.0,42.75,-69.75,0
42.5,-69.5,42.75,-69.25,0
42.5,-69.0,42.75,-68.75,0
42.5,-68.5,42.75,-68.25,0
42.5,-68.0,42.75,-67.75,0
42.5,-67.5,42.75,-67.25,0
42.5,-67.0,42.75,-66.75,0
42.5,-66.5,42.75,-66.25,0
43.0,-125.0,43.25,-124.75,0
43.0,-124.5,43.25,-124.25,0
43.0,-124.0,43.25,-123.75,0
43.0,-123.5,43.25,-123.25,0
43.0,-123.0,43.25,-122.75,0
43.0,-122.5,43.25,-122.25,0
43.0,-122.0,43.25,-121.75,0
43.0,-121.5,43.25,-121.25,0
43.0,-121.0,43.25,-120.75,0
43.0,-120.5,43.25,-120.25,0
43.0,-120.0,43.25,-119.75,0
43.0,-119.5,43.25,-119.25,0
43.0,-119.0,43.25,-118.75,0
43.0,-118.5,43.25,-118.25,0
43.0,-118.0,43.25,-117.75,0
43.0,-117.5,43.25,-117.25,0
43.0,-117.0,43.25,-116.75,0
43.0,-116.5,43.25,-116.25,0
43.0,-116.0,43.25,-115.75,0
43.0,-115.5,43.25,-115.25,0
43.0,-115.0,43.25,-114.75,0
43.0,-114.5,43.25,-114.25,0
43.0,-114.0,43.25,-113.75,0
43.0,-113.5,43.25,-113.25,0
43.0,-113.0,43.25,-112.75,0
43.0,-112.5,43.25,-112.25,0
43.0,-112.0,43.25,-111.75,0
43.0,-111.5,43.25,-111.25,0
43.0,-111.0,43.25,-110.75,0
43.0,-110.5,43.25,-110.25,0
43.0,-110.0,43.25,-109.75,0
43.0,-109.5,43.25,-109.25,0
43.0,-109.0,43.25,-108.75,0
43.0,-108.5,43.25,-108.25,0
43.0,-108.0,43.25,-107.75,0
43.0,-107.5,43.25,-107.25,0
43.0,-107.0,43.25,-106.75,0
43.0,-106.5,43.25,-106.25,0
43.0,-106.0,43.25,-105.75,0
43.0,-105.5,43.25,-105.25,0
43.0,-105.0,43.25,-104.75,0
43.0,-104.5,43.25,-104.25,0
43.0,-104.0,43.25,-103.75,0
43.0,-103.5,43.25,-103.25,0
43.0,-103.0,43.25,-102.75,0
43.0,-102.5,43.25,-102.25,0
43.0,-102.0,43.25,-101.75,0
43.0,-101.5,43.25,-101.25,0
43.0,-101.0,43.25,-100.75,0
43.0,-100.5,43.25,-100.25,0
43.0,-100.0,43.25,-99.75,0
43.0,-99.5,43.25,-99.25,0
43.0,-99.0,43.25,-98.75,0
43.0,-98.5,43.25,-98.25,0
43.0,-98.0,43.25,-97.75,0
43.0,-97.5,43.25,-97.25,0
43.0,-97.0,43.25,-96.75,0
43.0,-96.5,43.25,-96.25,0
43.0,-96.0,43.25,-95.75,0
43.0,-95.5,43.25,-95.25,0
43.0,-95.0,43.25,-94.75,0
43.0,-94.5,43.25,-94.25,0
43.0,-94.0,43.25,-93.75,0
43.0,-93.5,43.25,-93.25,0
43.0,-93.0,43.25,-92.75,0
43.0,-92.5,43.25,-92.25,0
43.0,-92.0,43.25,-91.75,0
43.0,-91.5,43.25,-91.25,0
43.0,-91.0,43.25,-90.75,0
43.0,-90.5,43.25,-90.25,0
43.0,-90.0,43.25,-89.75,0
43.0,-89.5,43.25,-89.25,0
43.0,-89.0,43.25,-88.75,0
43.0,-88.5,43.25,-88.25,0
43.0,-88.0,43.25,-87.75,0
43.0,-87.5,43.25,-87.25,0
43.0,-87.0,43.25,-86.75,0
43.0,-86.5,43.25,-86.25,0
43.0,-86.0,43.25,-85.75,0
43.0,-85.5,43.25,-85.25,0
43.0,-85.0,43.25,-84.75,0
43.0,-84.5,43.25,-84.25,0
43.0,-84.0,43.25,-83.75,0
43.0,-83.5,43.25,-83.25,0
43.0,-83.0,43.25,-82.75,0
43.0,-82.5,43.25,-82.25,0
43.0,-82.0,43.25,-81.75,0
43.0,-81.5,43.25,-81.25,0
43.0,-81.0,43.25,-80.75,0
43.0,-80.5,43.25,-80.25,0
43.0,-80.0,43.25,-79.75,0
43.0,-79.5,43.25,-79.25,0
43.0,-79.0,43.25,-78.75,0
43.0,-78.5,43.25,-78.25,0
43.0,-78.0,43.25,-77.75,0
43.0,-77.5,43.25,-77.25,0
43.0,-77.0,43.25,-76.75,0
43.0,-76.5,43.25,-76.25,0
43.0,-76.0,43.25,-75.75,0
43.0,-75.5,43.25,-75.25,0
43.0,-75.0,43.25,-74.75,0
43.0,-74.5,43.25,-74.25,0
43.0,-74.0,43.25,-73.75,0
43.0,-73.5,43.25,-73.25,0
43.0,-73.0,43.25,-72.75,0
43.0,-72.5,43.25,-72.25,0
43.0,-72.0,43.25,-71.75,0
43.0,-71.5,43.25,-71.25,0
43.0,-71.0,43.25,-70.75,0
43.0,-70.5,43.25,-70.25,0
43.0,-70.0,43.25,-69.75,0
43.0,-69.5,43.25,-69.25,0
43.0,-69.0,43.25,-68.75,0
43.0,-68.5,43.25,-68.25,0
43.0,-68.0,43.25,-67.75,0
43.0,-67.5,43.25,-67.25,0
43.0,-67.0,43.25,-66.75,0
43.0,-66.5,43.25,-66.25,0
43.5,-125.0,43.75,-124.75,0
43.5,-124.5,43.75,-124.25,0
43.5,-124.0,43.75,-123.75,0
43.5,-123.5,43.75,-123.25,0
43.5,-123.0,43.75,-122.75,0
43.5,-122.5,43.75,-122.25,0
43.5,-122.0,43.75,-121.75,0
43.5,-121.5,43.75,-121.25,0
43.5,-121.0,43.75,-120.75,0
43.5,-120.5,43.75,-120.25,0
43.5,-120.0,43.75,-119.75,0
43.5,-119.5,43.75,-119.25,0
43.5,-119.0,43.75,-118.75,0
43.5,-118.5,43.75,-118.25,0
43.5,-118.0,43.75,-117.75,0
43.5,-117.5,43.75,-117.25,0
43.5,-117.0,43.75,-116.75,0
43.5,-116.5,43.75,-116.25,0
43.5,-116.0,43.75,-115.75,0
43.5,-115.5,43.75,-115.25,0
43.5,-115.0,43.75,-114.75,0
43.5,-114.5,43.75,-114.25,0
43.5,-114.0,43.75,-113.75,0
43.5,-113.5,43.75,-113.25,0
43.5,-113.0,43.75,-112.75,0
43.5,-112.5,43.75,-112.25,0
43.5,-112.0,43.75,-111.75,0
43.5,-111.5,43.75,-111.25,0
43.5,-111.0,43.75,-110.75,0
43.5,-110.5,43.75,-110.25,0
43.5,-110.0,43.75,-109.75,0
43.5,-109.5,43.75,-109.25,0
43.5,-109.0,43.75,-108.75,0
43.5,-108.5,43.75,-108.25,0
43.5,-108.0,43.75,-107.75,0
43.5,-107.5,43.75,-107.25,0
43.5,-107.0,43.75,-106.75,0
43.5,-106.5,43.75,-106.25,0
43.5,-106.0,43.75,-105.75,0
43.5,-105.5,43.75,-105.25,0
43.5,-105.0,43.75,-104.75,0
43.5,-104.5,43.75,-104.25,0
43.5,-104.0,43.75,-103.75,0
43.5,-103.5,43.75,-103.25,0
43.5,-103.0,43.75,-102.75,0
43.5,-102.5,43.75,-102.25,0
43.5,-102.0,43.75,-101.75,0
43.5,-101.5,43.75,-101.25,0
43.5,-101.0,43.75,-100.75,0
43.5,-100.5,43.75,-100.25,0
43.5,-100.0,43.75,-99.75,0
43.5,-99.5,43.75,-99.25,0
43.5,-99.0,43.75,-98.75,0
43.5,-98.5,43.75,-98.25,0
43.5,-98.0,43.75,-97.75,0
43.5,-97.5,43.75,-97.25,0
43.5,-97.0,43.75,-96.75,0
43.5,-96.5,43.75,-96.25,0
43.5,-96.0,43.75,-95.75,0
43.5,-95.5,43.75,-95.25,0
43.5,-95.0,43.75,-94.75,0
43.5,-94.5,43.75,-94.25,0
43.5,-94.0,43.75,-93.75,0
43.5,-93.5,43.75,-93.25,0
43.5,-93.0,43.75,-92.75,0
43.5,-92.5,43.75,-92.25,0
43.5,-92.0,43.75,-91.75,0
43.5,-91.5,43.75,-91.25,0
43.5,-91.0,43.75,-90.75,0
43.5,-90.5,43.75,-90.25,0
43.5,-90.0,43.75,-89.75,0
43.5,-89.5,43.75,-89.25,0
43.5,-89.0,43.75,-88.75,0
43.5,-88.5,43.75,-88.25,0
43.5,-88.0,43.75,-87.75,0
43.5,-87.5,43.75,-87.25,0
43.5,-87.0,43.75,-86.75,0
43.5,-86.5,43.75,-86.25,0
43.5,-86.0,43.75,-85.75,0
43.5,-85.5,43.75,-85.25,0
43.5,-85.0,43.75,-84.75,0
43.5,-84.5,43.75,-84.25,0
43.5,-84.0,43.75,-83.75,0
43.5,-83.5,43.75,-83.25,0
43.5,-83.0,43.75,-82.75,0
43.5,-82.5,43.75,-82.25,0
43.5,-82.0,43.75,-81.75,0
43.5,-81.5,43.75,-81.25,0
43.5,-81.0,43.75,-80.75,0
43.5,-80.5,43.75,-80.25,0
43.5,-80.0,43.75,-79.75,0
43.5,-79.5,43.75,-79.25,0
43.5,-79.0,43.75,-78.75,0
43.5,-78.5,43.75,-78.25,0
43.5,-78.0,43.75,-77.75,0
43.5,-77.5,43.75,-77.25,0
43.5,-77.0,43.75,-76.75,0
43.5,-76.5,43.75,-76.25,0
43.5,-76.0,43.75,-75.75,0
43.5,-75.5,43.75,-75.25,0
43.5,-75.0,43.75,-74.75,0
43.5,-74.5,43.75,-74.25,0
43.5,-74.0,43.75,-73.75,0
43.5,-73.5,43.75,-73.25,0
43.5,-73.0,43.75,-72.75,0
43.5,-72.5,43.75,-72.25,0
43.5,-72.0,43.75,-71.75,0
43.5,-71.5,43.75,-71.25,0
43.5,-71.0,43.75,-70.75,0
43.5,-70.5,43.75,-70.25,0
43.5,-70.0,43.75,-69.75,0
43.5,-69.5,43.75,-69.25,0
43.5,-69.0,43.75,-68.75,0
43.5,-68.5,43.75,-68.25,0
43.5,-68.0,43.75,-67.75,0
43.5,-67.5,43.75,-67.25,0
43.5,-67.0,43.75,-66.75,0
43.5,-66.5,43.75,-66.25,0
44.0,-125.0,44.25,-124.75,0
44.0,-124.5,44.25,-124.25,0
44.0,-124.0,44.25,-123.75,0
44.0,-123.5,44.25,-123.25,0
44.0,-123.0,44.25,-122.75,0
44.0,-122.5,44.25,-122.25,0
44.0,-122.0,44.25,-121.75,0
44.0,-121.5,44.25,-121.25,0
44.0,-121.0,44.25,-120.75,0
44.0,-120.5,44.25,-120.25,0
44.0,-120.0,44.25,-119.75,0
44.0,-119.5,44.25,-119.25,0
44.0,-119.0,44.25,-118.75,0
44.0,-118.5,44.25,-118.25,0
44.0,-118.0,44.25,-117.75,0
44.0,-117.5,44.25,-117.25,0
44.0,-117.0,44.25,-116.75,0
44.0,-116.5,44.25,-116.25,0
44.0,-116.0,44.25,-115.75,0
44.0,-115.5,44.25,-115.25,0
44.0,-115.0,44.25,-114.75,0
44.0,-114.5,44.25,-114.25,0
44.0,-114.0,44.25,-113.75,0
44.0,-113.5,44.25,-113.25,0
44.0,-113.0,44.25,-112.75,0
44.0,-112.5,44.25,-112.25,0
44.0,-112.0,44.25,-111.75,0
44.0,-111.5,44.25,-111.25,0
44.0,-111.0,44.25,-110.75,0
44.0,-110.5,44.25,-110.25,0
44.0,-110.0,44.25,-109.75,0
44.0,-109.5,44.25,-109.25,0
44.0,-109.0,44.25,-108.75,0
44.0,-108.5,44.25,-108.25,0
44.0,-108.0,44.25,-107.75,0
44.0,-107.5,44.25,-107.25,0
44.0,-107.0,44.25,-106.75,0
44.0,-106.5,44.25,-106.25,0
44.0,-106.0,44.25,-105.75,0
44.0,-105.5,44.25,-105.25,0
44.0,-105.0,44.25,-104.75,0
44.0,-104.5,44.25,-104.25,0
44.0,-104.0,44.25,-103.75,0
44.0,-103.5,44.25,-103.25,0
44.0,-103.0,44.25,-102.75,0
44.0,-102.5,44.25,-102.25,0
44.0,-102.0,44.25,-101.75,0
44.0,-101.5,44.25,-101.25,0
44.0,-101.0,44.25,-100.75,0
44.0,-100.5,44.25,-100.25,0
44.0,-100.0,44.25,-99.75,0
44.0,-99.5,44.25,-99.25,0
44.0,-99.0,44.25,-98.75,0
44.0,-98.5,44.25,-98.25,0
44.0,-98.0,44.25,-97.75,0
44.0,-97.5,44.25,-97.25,0
44.0,-97.0,44.25,-96.75,0
44.0,-96.5,44.25,-96.25,0
44.0,-96.0,44.25,-95.75,0
44.0,-95.5,44.25,-95.25,0
44.0,-95.0,44.25,-94.75,0
44.0,-94.5,44.25,-94.25,0
44.0,-94.0,44.25,-93.75,0
44.0,-93.5,44.25,-93.25,0
44.0,-93.0,44.25,-92.75,0
44.0,-92.5,44.25,-92.25,0
44.0,-92.0,44.25,-91.75,0
44.0,-91.5,44.25,-91.25,0
44.0,-91.0,44.25,-90.75,0
44.0,-90.5,44.25,-90.25,0
44.0,-90.0,44.25,-89.75,0
44.0,-89.5,44.25,-89.25,0
44.0,-89.0,44.25,-88.75,0
44.0,-88.5,44.25,-88.25,0
44.0,-88.0,44.25,-87.75,0
44.0,-87.5,44.25,-87.25,0
44.0,-87.0,44.25,-86.75,0
44.0,-86.5,44.25,-86.25,0
44.0,-86.0,44.25,-85.75,0
44.0,-85.5,44.25,-85.25,0
44.0,-85.0,44.25,-84.75,0
44.0,-84.5,44.25,-84.25,0
44.0,-84.0,44.25,-83.75,0
44.0,-83.5,44.25,-83.25,0
44.0,-83.0,44.25,-82.75,0
44.0,-82.5,44.25,-82.25,0
44.0,-82.0,44.25,-81.75,0
44.0,-81.5,44.25,-81.25,0
44.0,-81.0,44.25,-80.75,0
44.0,-80.5,44.25,-80.25,0
44.0,-80.0,44.25,-79.75,0
44.0,-79.5,44.25,-79.25,0
44.0,-79.0,44.25,-78.75,0
44.0,-78.5,44.25,-78.25,0
44.0,-78.0,44.25,-77.75,0
44.0,-77.5,44.25,-77.25,0
44.0,-77.0,44.25,-76.75,0
44.0,-76.5,44.25,-76.25,0
44.0,-76.0,44.25,-75.75,0
44.0,-75.5,44.25,-75.25,0
44.0,-75.0,44.25,-74.75,0
44.0,-74.5,44.25,-74.25,0
44.0,-74.0,44.25,-73.75,0
44.0,-73.5,44.25,-73.25,0
44.0,-72.5,44.25,-72.25,0
44.0,-72.0,44.25,-71.75,0
44.0,-71.5,44.25,-71.25,0
44.0,-71.0,44.25,-70.75,0
44.0,-70.5,44.25,-70.25,0
44.0,-70.0,44.25,-69.75,0
44.0,-69.5,44.25,-69.25,0
44.0,-69.0,44.25,-68.75,0
44.0,-68.5,44.25,-68.25,0
44.0,-68.0,44.25,-67.75,0
44.0,-67.5,44.25,-67.25,0
44.0,-67.0,44.25,-66.75,0
44.0,-66.5,44.25,-66.25,0
44.5,-125.0,44.75,-124.75,0
44.5,-124.5,44.75,-124.25,0
44.5,-124.0,44.75,-123.75,0
44.5,-123.5,44.75,-123.25,0
44.5,-123.0,44.75,-122.75,0
44.5,-122.5,44.75,-122.25,0
44.5,-122.0,44.75,-121.75,0
44.5,-121.5,44.75,-121.25,0
44.5,-121.0,44.75,-120.75,0
44.5,-120.5,44.75,-120.25,0
44.5,-120.0,44.75,-119.75,0
44.5,-119.5,44.75,-119.25,0
44.5,-119.0,44.75,-118.75,0
44.5,-118.5,44.75,-118.25,0
44.5,-118.0,44.75,-117.75,0
44.5,-117.5,44.75,-117.25,0
44.5,-117.0,44.75,-116.75,0
44.5,-116.5,44.75,-116.25,0
44.5,-116.0,44.75,-115.75,0
44.5,-115.5,44.75,-115.25,0
44.5,-115.0,44.75,-114.75,0
44.5,-114.5,44.75,-114.25,0
44.5,-114.0,44.75,-113.75,0
44.5,-113.5,44.75,-113.25,0
44.5,-113.0,44.75,-112.75,0
44.5,-112.5,44.75,-112.25,0
44.5,-112.0,44.75,-111.75,0
44.5,-111.5,44.75,-111.25,0
44.5,-111.0,44.75,-110.75,0
44.5,-110.5,44.75,-110.25,0
44.5,-110.0,44.75,-109.75,0
44.5,-109.5,44.75,-109.25,0
44.5,-109.0,44.75,-108.75,0
44.5,-108.5,44.75,-108.25,0
44.5,-108.0,44.75,-107.75,0
44.5,-107.5,44.75,-107.25,0
44.5,-107.0,44.75,-106.75,0
44.5,-106.5,44.75,-106.25,0
44.5,-106.0,44.75,-105.75,0
44.5,-105.5,44.75,-105.25,0
44.5,-105.0,44.75,-104.75,0
44.5,-104.5,44.75,-104.25,0
44.5,-104.0,44.75,-103.75,0
44.5,-103.5,44.75,-103.25,0
44.5,-103.0,44.75,-102.75,0
44.5,-102.5,44.75,-102.25,0
44.5,-102.0,44.75,-101.75,0
44.5,-101.5,44.75,-101.25,0
44.5,-101.0,44.75,-100.75,0
44.5,-100.5,44.75,-100.25,0
44.5,-100.0,44.75,-99.75,0
44.5,-99.5,44.75,-99.25,0
44.5,-99.0,44.75,-98.75,0
44.5,-98.5,44.75,-98.25,0
44.5,-98.0,44.75,-97.75,0
44.5,-97.5,44.75,-97.25,0
44.5,-97.0,44.75,-96.75,0
44.5,-96.5,44.75,-96.25,0
44.5,-96.0,44.75,-95.75,0
44.5,-95.5,44.75,-95.25,0
44.5,-95.0,44.75,-94.75,0
44.5,-94.5,44.75,-94.25,0
44.5,-94.0,44.75,-93.75,0
44.5,-93.5,44.75,-93.25,0
44.5,-93.0,44.75,-92.75,0
44.5,-92.5,44.75,-92.25,0
44.5,-92.0,44.75,-91.75,0
44.5,-91.5,44.75,-91.25,0
44.5,-91.0,44.75,-90.75,0
44.5,-90.5,44.75,-90.25,0
44.5,-90.0,44.75,-89.75,0
44.5,-89.5,44.75,-89.25,0
44.5,-89.0,44.75,-88.75,0
44.5,-88.5,44.75,-88.25,0
44.5,-88.0,44.75,-87.75,0
44.5,-87.5,44.75,-87.25,0
44.5,-87.0,44.75,-86.75,0
44.5,-86.5,44.75,-86.25,0
44.5,-86.0,44.75,-85.75,0
44.5,-85.5,44.75,-85.25,0
44.5,-85.0,44.75,-84.75,0
44.5,-84.5,44.75,-84.25,0
44.5,-84.0,44.75,-83.75,0
44.5,-83.5,44.75,-83.25,0
44.5,-83.0,44.75,-82.75,0
44.5,-82.5,44.75,-82.25,0
44.5,-82.0,44.75,-81.75,0
44.5,-81.5,44.75,-81.25,0
44.5,-81.0,44.75,-80.75,0
44.5,-80.5,44.75,-80.25,0
44.5,-80.0,44.75,-79.75,0
44.5,-79.5,44.75,-79.25,0
44.5,-79.0,44.75,-78.75,0
44.5,-78.5,44.75,-78.25,0
44.5,-78.0,44.75,-77.75,0
44.5,-77.5,44.75,-77.25,0
44.5,-77.0,44.75,-76.75,0
44.5,-76.5,44.75,-76.25,0
44.5,-76.0,44.75,-75.75,0
44.5,-75.5,44.75,-75.25,0
44.5,-75.0,44.75,-74.75,0
44.5,-74.5,44.75,-74.25,0
44.5,-74.0,44.75,-73.75,0
44.5,-73.5,44.75,-73.25,0
44.5,-73.0,44.75,-72.75,0
44.5,-72.5,44.75,-72.25,0
44.5,-72.0,44.75,-71.75,0
44.5,-71.5,44.75,-71.25,0
44.5,-71.0,44.75,-70.75,0
44.5,-70.5,44.75,-70.25,0
44.5,-70.0,44.75,-69.75,0
44.5,-69.5,44.75,-69.25,0
44.5,-69.0,44.75,-68.75,0
44.5,-68.5,44.75,-68.25,0
44.5,-68.0,44.75,-67.75,0
44.5,-67.5,44.75,-67.25,0
44.5,-67.0,44.75,-66.75,0
44.5,-66.5,44.75,-66.25,0
45.0,-125.0,45.25,-124.75,0
45.0,-124.5,45.25,-124.25,0
45.0,-124.0,45.25,-123.75,0
45.0,-123.5,45.25,-123.25,0
45.0,-123.0,45.25,-122.75,0
45.0,-122.5,45.25,-122.25,0
45.0,-122.0,45.25,-121.75,0
45.0,-121.5,45.25,-121.25,0
45.0,-121.0,45.25,-120.75,0
45.0,-120.5,45.25,-120.25,0
45.0,-120.0,45.25,-119.75,0
45.0,-119.5,45.25,-119.25,0
45.0,-119.0,45.25,-118.75,0
45.0,-118.5,45.25,-118.25,0
45.0,-118.0,45.25,-117.75,0
45.0,-117.5,45.25,-117.25,0
45.0,-117.0,45.25,-116.75,0
45.0,-116.5,45.25,-116.25,0
45.0,-116.0,45.25,-115.75,0
45.0,-115.5,45.25,-115.25,0
45.0,-115.0,45.25,-114.75,0
45.0,-114.5,45.25,-114.25,0
45.0,-114.0,45.25,-113.75,0
45.0,-113.5,45.25,-113.25,0
45.0,-113.0,45.25,-112.75,0
45.0,-112.5,45.25,-112.25,0
45.0,-112.0,45.25,-111.75,0
45.0,-111.5,45.25,-111.25,0
45.0,-111.0,45.25,-110.75,0
45.0,-110.5,45.25,-110.25,0
45.0,-110.0,45.25,-109.75,0
45.0,-109.5,45.25,-109.25,0
45.0,-109.0,45.25,-108.75,0
45.0,-108.5,45.25,-108.25,0
45.0,-108.0,45.25,-107.75,0
45.0,-107.5,45.25,-107.25,0
45.0,-107.0,45.25,-106.75,0
45.0,-106.5,45.25,-106.25,0
45.0,-106.0,45.25,-105.75,0
45.0,-105.5,45.25,-105.25,0
45.0,-105.0,45.25,-104.75,0
45.0,-104.5,45.25,-104.25,0
45.0,-104.0,45.25,-103.75,0
45.0,-103.5,45.25,-103.25,0
45.0,-103.0,45.25,-102.75,0
45.0,-102.5,45.25,-102.25,0
45.0,-102.0,45.25,-101.75,0
45.0,-101.5,45.25,-101.25,0
45.0,-101.0,45.25,-100.75,0
45.0,-100.5,45.25,-100.25,0
45.0,-100.0,45.25,-99.75,0
45.0,-99.5,45.25,-99.25,0
45.0,-99.0,45.25,-98.75,0
45.0,-98.5,45.25,-98.25,0
45.0,-98.0,45.25,-97.75,0
45.0,-97.5,45.25,-97.25,0
45.0,-97.0,45.25,-96.75,0
45.0,-96.5,45.25,-96.25,0
45.0,-96.0,45.25,-95.75,0
45.0,-95.5,45.25,-95.25,0
45.0,-95.0,45.25,-94.75,0
45.0,-94.5,45.25,-94.25,0
45.0,-94.0,45.25,-93.75,0
45.0,-93.5,45.25,-93.25,0
45.0,-93.0,45.25,-92.75,0
45.0,-92.5,45.25,-92.25,0
45.0,-92.0,45.25,-91.75,0
45.0,-91.5,45.25,-91.25,0
45.0,-91.0,45.25,-90.75,0
45.0,-90.5,45.25,-90.25,0
45.0,-90.0,45.25,-89.75,0
45.0,-89.5,45.25,-89.25,0
45.0,-89.0,45.25,-88.75,0
45.0,-88.5,45.25,-88.25,0
45.0,-88.0,45.25,-87.75,0
45.0,-87.5,45.25,-87.25,0
45.0,-87.0,45.25,-86.75,0
45.0,-86.5,45.25,-86.25,0
45.0,-86.0,45.25,-85.75,0
45.0,-85.5,45.25,-85.25,0
45.0,-85.0,45.25,-84.75,0
45.0,-84.5,45.25,-84.25,0
45.0,-84.0,45.25,-83.75,0
45.0,-83.5,45.25,-83.25,0
45.0,-83.0,45.25,-82.75,0
45.0,-82.5,45.25,-82.25,0
45.0,-82.0,45.25,-81.75,0
45.0,-81.5,45.25,-81.25,0
45.0,-81.0,45.25,-80.75,0
45.0,-80.5,45.25,-80.25,0
45.0,-80.0,45.25,-79.75,0
45.0,-79.5,45.25,-79.25,0
45.0,-79.0,45.25,-78.75,0
45.0,-78.5,45.25,-78.25,0
45.0,-78.0,45.25,-77.75,0
45.0,-77.5,45.25,-77.25,0
45.0,-77.0,45.25,-76.75,0
45.0,-76.5,45.25,-76.25,0
45.0,-76.0,45.25,-75.75,0
45.0,-75.5,45.25,-75.25,0
45.0,-75.0,45.25,-74.75,0
45.0,-74.5,45.25,-74.25,0
45.0,-74.0,45.25,-73.75,0
45.0,-73.5,45.25,-73.25,0
45.0,-73.0,45.25,-72.75,0
45.0,-72.5,45.25,-72.25,0
45.0,-72.0,45.25,-71.75,0
45.0,-71.5,45.25,-71.25,0
45.0,-71.0,45.25,-70.75,0
45.0,-70.5,45.25,-70.25,0
45.0,-70.0,45.25,-69.75,0
45.0,-69.5,45.25,-69.25,0
45.0,-69.0,45.25,-68.75,0
45.0,-68.5,45.25,-68.25,0
45.0,-68.0,45.25,-67.75,0
45.0,-67.5,45.25,-67.25,0
45.0,-67.0,45.25,-66.75,0
45.0,-66.5,45.25,-66.25,0
45.5,-125.0,45.75,-124.75,0
45.5,-124.5,45.75,-124.25,0
45.5,-124.0,45.75,-123.75,0
45.5,-123.5,45.75,-123.25,0
45.5,-122.5,45.75,-122.25,0
45.5,-122.0,45.75,-121.75,0
45.5,-121.5,45.75,-121.25,0
45.5,-121.0,45.75,-120.75,0
45.5,-120.5,45.75,-120.25,0
45.5,-120.0,45.75,-119.75,0
45.5,-119.5,45.75,-119.25,0
45.5,-119.0,45.75,-118.75,0
45.5,-118.5,45.75,-118.25,0
45.5,-118.0,45.75,-117.75,0
45.5,-117.5,45.75,-117.25,0
45.5,-117.0,45.75,-116.75,0
45.5,-116.5,45.75,-116.25,0
45.5,-116.0,45.75,-115.75,0
45.5,-115.5,45.75,-115.25,0
45.5,-115.0,45.75,-114.75,0
45.5,-114.5,45.75,-114.25,0
45.5,-114.0,45.75,-113.75,0
45.5,-113.5,45.75,-113.25,0
45.5,-113.0,45.75,-112.75,0
45.5,-112.5,45.75,-112.25,0
45.5,-112.0,45.75,-111.75,0
45.5,-111.5,45.75,-111.25,0
45.5,-111.0,45.75,-110.75,0
45.5,-110.5,45.75,-110.25,0
45.5,-110.0,45.75,-109.75,0
45.5,-109.5,45.75,-109.25,0
45.5,-109.0,45.75,-108.75,0
45.5,-108.5,45.75,-108.25,0
45.5,-108.0,45.75,-107.75,0
45.5,-107.5,45.75,-107.25,0
45.5,-107.0,45.75,-106.75,0
45.5,-106.5,45.75,-106.25,0
45.5,-106.0,45.75,-105.75,0
45.5,-105.5,45.75,-105.25,0
45.5,-105.0,45.75,-104.75,0
45.5,-104.5,45.75,-104.25,0
45.5,-104.0,45.75,-103.75,0
45.5,-103.5,45.75,-103.25,0
45.5,-103.0,45.75,-102.75,0
45.5,-102.5,45.75,-102.25,0
45.5,-102.0,45.75,-101.75,0
45.5,-101.5,45.75,-101.25,0
45.5,-101.0,45.75,-100.75,0
45.5,-100.5,45.75,-100.25,0
45.5,-100.0,45.75,-99.75,0
45.5,-99.5,45.75,-99.25,0
45.5,-99.0,45.75,-98.75,0
45.5,-98.5,45.75,-98.25,0
45.5,-98.0,45.75,-97.75,0
45.5,-97.5,45.75,-97.25,0
45.5,-97.0,45.75,-96.75,0
45.5,-96.5,45.75,-96.25,0
45.5,-96.0,45.75,-95.75,0
45.5,-95.5,45.75,-95.25,0
45.5,-95.0,45.75,-94.75,0
45.5,-94.5,45.75,-94.25,0
45.5,-94.0,45.75,-93.75,0
45.5,-93.5,45.75,-93.25,0
45.5,-93.0,45.75,-92.75,0
45.5,-92.5,45.75,-92.25,0
45.5,-92.0,45.75,-91.75,0
45.5,-91.5,45.75,-91.25,0
45.5,-91.0,45.75,-90.75,0
45.5,-90.5,45.75,-90.25,0
45.5,-90.0,45.75,-89.75,0
45.5,-89.5,45.75,-89.25,0
45.5,-89.0,45.75,-88.75,0
45.5,-88.5,45.75,-88.25,0
45.5,-88.0,45.75,-87.75,0
45.5,-87.5,45.75,-87.25,0
45.5,-87.0,45.75,-86.75,0
45.5,-86.5,45.75,-86.25,0
45.5,-86.0,45.75,-85.75,0
45.5,-85.5,45.75,-85.25,0
45.5,-85.0,45.75,-84.75,0
45.5,-84.5,45.75,-84.25,0
45.5,-84.0,45.75,-83.75,0
45.5,-83.5,45.75,-83.25,0
45.5,-83.0,45.75,-82.75,0
45.5,-82.5,45.75,-82.25,0
45.5,-82.0,45.75,-81.75,0
45.5,-81.5,45.75,-81.25,0
45.5,-81.0,45.75,-80.75,0
45.5,-80.5,45.75,-80.25,0
45.5,-80.0,45.75,-79.75,0
45.5,-79.5,45.75,-79.25,0
45.5,-79.0,45.75,-78.75,0
45.5,-78.5,45.75,-78.25,0
45.5,-78.0,45.75,-77.75,0
45.5,-77.5,45.75,-77.25,0
45.5,-77.0,45.75,-76.75,0
45.5,-76.5,45.75,-76.25,0
45.5,-76.0,45.75,-75.75,0
45.5,-75.5,45.75,-75.25,0
45.5,-75.0,45.75,-74.75,0
45.5,-74.5,45.75,-74.25,0
45.5,-74.0,45.75,-73.75,0
45.5,-73.5,45.75,-73.25,0
45.5,-73.0,45.75,-72.75,0
45.5,-72.5,45.75,-72.25,0
45.5,-72.0,45.75,-71.75,0
45.5,-71.5,45.75,-71.25,0
45.5,-71.0,45.75,-70.75,0
45.5,-70.5,45.75,-70.25,0
45.5,-70.0,45.75,-69.75,0
45.5,-69.5,45.75,-69.25,0
45.5,-69.0,45.75,-68.75,0
45.5,-68.5,45.75,-68.25,0
45.5,-68.0,45.75,-67.75,0
45.5,-67.5,45.75,-67.25,0
45.5,-67.0,45.75,-66.75,0
45.5,-66.5,45.75,-66.25,0
46.0,-125.0,46.25,-124.75,0
46.0,-124.5,46.25,-124.25,0
46.0,-124.0,46.25,-123.75,0
46.0,-123.5,46.25,-123.25,0
46.0,-123.0,46.25,-122.75,0
46.0,-122.5,46.25,-122.25,0
46.0,-122.0,46.25,-121.75,0
46.0,-121.5,46.25,-121.25,0
46.0,-121.0,46.25,-120.75,0
46.0,-120.5,46.25,-120.25,0
46.0,-120.0,46.25,-119.75,0
46.0,-119.5,46.25,-119.25,0
46.0,-119.0,46.25,-118.75,0
46.0,-118.5,46.25,-118.25,0
46.0,-118.0,46.25,-117.75,0
46.0,-117.5,46.25,-117.25,0
46.0,-117.0,46.25,-116.75,0
46.0,-116.5,46.25,-116.25,0
46.0,-116.0,46.25,-115.75,0
46.0,-115.5,46.25,-115.25,0
46.0,-115.0,46.25,-114.75,0
46.0,-114.5,46.25,-114.25,0
46.0,-114.0,46.25,-113.75,0
46.0,-113.5,46.25,-113.25,0
46.0,-113.0,46.25,-112.75,0
46.0,-112.5,46.25,-112.25,0
46.0,-112.0,46.25,-111.75,0
46.0,-111.5,46.25,-111.25,0
46.0,-111.0,46.25,-110.75,0
46.0,-110.5,46.25,-110.25,0
46.0,-110.0,46.25,-109.75,0
46.0,-109.5,46.25,-109.25,0
46.0,-109.0,46.25,-108.75,0
46.0,-108.5,46.25,-108.25,0
46.0,-108.0,46.25,-107.75,0
46.0,-107.5,46.25,-107.25,0
46.0,-107.0,46.25,-106.75,0
46.0,-106.5,46.25,-106.25,0
46.0,-106.0,46.25,-105.75,0
46.0,-105.5,46.25,-105.25,0
46.0,-105.0,46.25,-104.75,0
46.0,-104.5,46.25,-104.25,0
46.0,-104.0,46.25,-103.75,0
46.0,-103.5,46.25,-103.25,0
46.0,-103.0,46.25,-102.75,0
46.0,-102.5,46.25,-102.25,0
46.0,-102.0,46.25,-101.75,0
46.0,-101.5,46.25,-101.25,0
46.0,-101.0,46.25,-100.75,0
46.0,-100.5,46.25,-100.25,0
46.0,-100.0,46.25,-99.75,0
46.0,-99.5,46.25,-99.25,0
46.0,-99.0,46.25,-98.75,0
46.0,-98.5,46.25,-98.25,0
46.0,-98.0,46.25,-97.75,0
46.0,-97.5,46.25,-97.25,0
46.0,-97.0,46.25,-96.75,0
46.0,-96.5,46.25,-96.25,0
46.0,-96.0,46.25,-95.75,0
46.0,-95.5,46.25,-95.25,0
46.0,-95.0,46.25,-94.75,0
46.0,-94.5,46.25,-94.25,0
46.0,-94.0,46.25,-93.75,0
46.0,-93.5,46.25,-93.25,0
46.0,-93.0,46.25,-92.75,0
46.0,-92.5,46.25,-92.25,0
46.0,-92.0,46.25,-91.75,0
46.0,-91.5,46.25,-91.25,0
46.0,-91.0,46.25,-90.75,0
46.0,-90.5,46.25,-90.25,0
46.0,-90.0,46.25,-89.75,0
46.0,-89.5,46.25,-89.25,0
46.0,-89.0,46.25,-88.75,0
46.0,-88.5,46.25,-88.25,0
46.0,-88.0,46.25,-87.75,0
46.0,-87.5,46.25,-87.25,0
46.0,-87.0,46.25,-86.75,0
46.0,-86.5,46.25,-86.25,0
46.0,-86.0,46.25,-85.75,0
46.0,-85.5,46.25,-85.25,0
46.0,-85.0,46.25,-84.75,0
46.0,-84.5,46.25,-84.25,0
46.0,-84.0,46.25,-83.75,0
46.0,-83.5,46.25,-83.25,0
46.0,-83.0,46.25,-82.75,0
46.0,-82.5,46.25,-82.25,0
46.0,-82.0,46.25,-81.75,0
46.0,-81.5,46.25,-81.25,0
46.0,-81.0,46.25,-80.75,0
46.0,-80.5,46.25,-80.25,0
46.0,-80.0,46.25,-79.75,0
46.0,-79.5,46.25,-79.25,0
46.0,-79.0,46.25,-78.75,0
46.0,-78.5,46.25,-78.25,0
46.0,-78.0,46.25,-77.75,0
46.0,-77.5,46.25,-77.25,0
46.0,-77.0,46.25,-76.75,0
46.0,-76.5,46.25,-76.25,0
46.0,-76.0,46.25,-75.75,0
46.0,-75.5,46.25,-75.25,0
46.0,-75.0,46.25,-74.75,0
46.0,-74.5,46.25,-74.25,0
46.0,-74.0,46.25,-73.75,0
46.0,-73.5,46.25,-73.25,0
46.0,-73.0,46.25,-72.75,0
46.0,-72.5,46.25,-72.25,0
46.0,-72.0,46.25,-71.75,0
46.0,-71.5,46.25,-71.25,0
46.0,-71.0,46.25,-70.75,0
46.0,-70.5,46.25,-70.25,0
46.0,-70.0,46.25,-69.75,0
46.0,-69.5,46.25,-69.25,0
46.0,-69.0,46.25,-68.75,0
46.0,-68.5,46.25,-68.25,0
46.0,-68.0,46.25,-67.75,0
46.0,-67.5,46.25,-67.25,0
46.0,-67.0,46.25,-66.75,0
46.0,-66.5,46.25,-66.25,0
46.5,-125.0,46.75,-124.75,0
46.5,-124.5,46.75,-124.25,0
46.5,-124.0,46.75,-123.75,0
46.5,-123.5,46.75,-123.25,0
46.5,-123.0,46.75,-122.75,0
46.5,-122.5,46.75,-122.25,0
46.5,-122.0,46.75,-121.75,0
46.5,-121.5,46.75,-121.25,0
46.5,-121.0,46.75,-120.75,0
46.5,-120.5,46.75,-120.25,0
46.5,-120.0,46.75,-119.75,0
46.5,-119.5,46.75,-119.25,0
46.5,-119.0,46.75,-118.75,0
46.5,-118.5,46.75,-118.25,0
46.5,-118.0,46.75,-117.75,0
46.5,-117.5,46.75,-117.25,0
46.5,-117.0,46.75,-116.75,0
46.5,-116.5,46.75,-116.25,0
46.5,-116.0,46.75,-115.75,0
46.5,-115.5,46.75,-115.25,0
46.5,-115.0,46.75,-114.75,0
46.5,-114.5,46.75,-114.25,0
46.5,-114.0,46.75,-113.75,0
46.5,-113.5,46.75,-113.25,0
46.5,-113.0,46.75,-112.75,0
46.5,-112.5,46.75,-112.25,0
46.5,-112.0,46.75,-111.75,0
46.5,-111.5,46.75,-111.25,0
46.5,-111.0,46.75,-110.75,0
46.5,-110.5,46.75,-110.25,0
46.5,-110.0,46.75,-109.75,0
46.5,-109.5,46.75,-109.25,0
46.5,-109.0,46.75,-108.75,0
46.5,-108.5,46.75,-108.25,0
46.5,-108.0,46.75,-107.75,0
46.5,-107.5,46.75,-107.25,0
46.5,-107.0,46.75,-106.75,0
46.5,-106.5,46.75,-106.25,0
46.5,-106.0,46.75,-105.75,0
46.5,-105.5,46.75,-105.25,0
46.5,-105.0,46.75,-104.75,0
46.5,-104.5,46.75,-104.25,0
46.5,-104.0,46.75,-103.75,0
46.5,-103.5,46.75,-103.25,0
46.5,-103.0,46.75,-102.75,0
46.5,-102.5,46.75,-102.25,0
46.5,-102.0,46.75,-101.75,0
46.5,-101.5,46.75,-101.25,0
46.5,-101.0,46.75,-100.75,0
46.5,-100.5,46.75,-100.25,0
46.5,-100.0,46.75,-99.75,0
46.5,-99.5,46.75,-99.25,0
46.5,-99.0,46.75,-98.75,0
46.5,-98.5,46.75,-98.25,0
46.5,-98.0,46.75,-97.75,0
46.5,-97.5,46.75,-97.25,0
46.5,-97.0,46.75,-96.75,0
46.5,-96.5,46.75,-96.25,0
46.5,-96.0,46.75,-95.75,0
46.5,-95.5,46.75,-95.25,0
46.5,-95.0,46.75,-94.75,0
46.5,-94.5,46.75,-94.25,0
46.5,-94.0,46.75,-93.75,0
46.5,-93.5,46.75,-93.25,0
46.5,-93.0,46.75,-92.75,0
46.5,-92.5,46.75,-92.25,0
46.5,-92.0,46.75,-91.75,0
46.5,-91.5,46.75,-91.25,0
46.5,-91.0,46.75,-90.75,0
46.5,-90.5,46.75,-90.25,0
46.5,-90.0,46.75,-89.75,0
46.5,-89.5,46.75,-89.25,0
46.5,-89.0,46.75,-88.75,0
46.5,-88.5,46.75,-88.25,0
46.5,-88.0,46.75,-87.75,0
46.5,-87.5,46.75,-87.25,0
46.5,-87.0,46.75,-86.75,0
46.5,-86.5,46.75,-86.25,0
46.5,-86.0,46.75,-85.75,0
46.5,-85.5,46.75,-85.25,0
46.5,-85.0,46.75,-84.75,0
46.5,-84.5,46.75,-84.25,0
46.5,-84.0,46.75,-83.75,0
46.5,-83.5,46.75,-83.25,0
46.5,-83.0,46.75,-82.75,0
46.5,-82.5,46.75,-82.25,0
46.5,-82.0,46.75,-81.75,0
46.5,-81.5,46.75,-81.25,0
46.5,-81.0,46.75,-80.75,0
46.5,-80.5,46.75,-80.25,0
46.5,-80.0,46.75,-79.75,0
46.5,-79.5,46.75,-79.25,0
46.5,-79.0,46.75,-78.75,0
46.5,-78.5,46.75,-78.25,0
46.5,-78.0,46.75,-77.75,0
46.5,-77.5,46.75,-77.25,0
46.5,-77.0,46.75,-76.75,0
46.5,-76.5,46.75,-76.25,0
46.5,-76.0,46.75,-75.75,0
46.5,-75.5,46.75,-75.25,0
46.5,-75.0,46.75,-74.75,0
46.5,-74.5,46.75,-74.25,0
46.5,-74.0,46.75,-73.75,0
46.5,-73.5,46.75,-73.25,0
46.5,-73.0,46.75,-72.75,0
46.5,-72.5,46.75,-72.25,0
46.5,-72.0,46.75,-71.75,0
46.5,-71.5,46.75,-71.25,0
46.5,-71.0,46.75,-70.75,0
46.5,-70.5,46.75,-70.25,0
46.5,-70.0,46.75,-69.75,0
46.5,-69.5,46.75,-69.25,0
46.5,-69.0,46.75,-68.75,0
46.5,-68.5,46.75,-68.25,0
46.5,-68.0,46.75,-67.75,0
46.5,-67.5,46.75,-67.25,0
46.5,-67.0,46.75,-66.75,0
46.5,-66.5,46.75,-66.25,0
47.0,-125.0,47.25,-124.75,0
47.0,-124.5,47.25,-124.25,0
47.0,-124.0,47.25,-123.75,0
47.0,-123.5,47.25,-123.25,0
47.0,-123.0,47.25,-122.75,0
47.0,-122.5,47.25,-122.25,0
47.0,-122.0,47.25,-121.75,0
47.0,-121.5,47.25,-121.25,0
47.0,-121.0,47.25,-120.75,0
47.0,-120.5,47.25,-120.25,0
47.0,-120.0,47.25,-119.75,0
47.0,-119.5,47.25,-119.25,0
47.0,-119.0,47.25,-118.75,0
47.0,-118.5,47.25,-118.25,0
47.0,-118.0,47.25,-117.75,0
47.0,-117.5,47.25,-117.25,0
47.0,-117.0,47.25,-116.75,0
47.0,-116.5,47.25,-116.25,0
47.0,-116.0,47.25,-115.75,0
47.0,-115.5,47.25,-115.25,0
47.0,-115.0,47.25,-114.75,0
47.0,-114.5,47.25,-114.25,0
47.0,-114.0,47.25,-113.75,0
47.0,-113.5,47.25,-113.25,0
47.0,-113.0,47.25,-112.75,0
47.0,-112.5,47.25,-112.25,0
47.0,-112.0,47.25,-111.75,0
47.0,-111.5,47.25,-111.25,0
47.0,-111.0,47.25,-110.75,0
47.0,-110.5,47.25,-110.25,0
47.0,-110.0,47.25,-109.75,0
47.0,-109.5,47.25,-109.25,0
47.0,-109.0,47.25,-108.75,0
47.0,-108.5,47.25,-108.25,0
47.0,-108.0,47.25,-107.75,0
47.0,-107.5,47.25,-107.25,0
47.0,-107.0,47.25,-106.75,0
47.0,-106.5,47.25,-106.25,0
47.0,-106.0,47.25,-105.75,0
47.0,-105.5,47.25,-105.25,0
47.0,-105.0,47.25,-104.75,0
47.0,-104.5,47.25,-104.25,0
47.0,-104.0,47.25,-103.75,0
47.0,-103.5,47.25,-103.25,0
47.0,-103.0,47.25,-102.75,0
47.0,-102.5,47.25,-102.25,0
47.0,-102.0,47.25,-101.75,0
47.0,-101.5,47.25,-101.25,0
47.0,-101.0,47.25,-100.75,0
47.0,-100.5,47.25,-100.25,0
47.0,-100.0,47.25,-99.75,0
47.0,-99.5,47.25,-99.25,0
47.0,-99.0,47.25,-98.75,0
47.0,-98.5,47.25,-98.25,0
47.0,-98.0,47.25,-97.75,0
47.0,-97.5,47.25,-97.25,0
47.0,-97.0,47.25,-96.75,0
47.0,-96.5,47.25,-96.25,0
47.0,-96.0,47.25,-95.75,0
47.0,-95.5,47.25,-95.25,0
47.0,-95.0,47.25,-94.75,0
47.0,-94.5,47.25,-94.25,0
47.0,-94.0,47.25,-93.75,0
47.0,-93.5,47.25,-93.25,0
47.0,-93.0,47.25,-92.75,0
47.0,-92.5,47.25,-92.25,0
47.0,-92.0,47.25,-91.75,0
47.0,-91.5,47.25,-91.25,0
47.0,-91.0,47.25,-90.75,0
47.0,-90.5,47.25,-90.25,0
47.0,-90.0,47.25,-89.75,0
47.0,-89.5,47.25,-89.25,0
47.0,-89.0,47.25,-88.75,0
47.0,-88.5,47.25,-88.25,0
47.0,-88.0,47.25,-87.75,0
47.0,-87.5,47.25,-87.25,0
47.0,-87.0,47.25,-86.75,0
47.0,-86.5,47.25,-86.25,0
47.0,-86.0,47.25,-85.75,0
47.0,-85.5,47.25,-85.25,0
47.0,-85.0,47.25,-84.75,0
47.0,-84.5,47.25,-84.25,0
47.0,-84.0,47.25,-83.75,0
47.0,-83.5,47.25,-83.25,0
47.0,-83.0,47.25,-82.75,0
47.0,-82.5,47.25,-82.25,0
47.0,-82.0,47.25,-81.75,0
47.0,-81.5,47.25,-81.25,0
47.0,-81.0,47.25,-80.75,0
47.0,-80.5,47.25,-80.25,0
47.0,-80.0,47.25,-79.75,0
47.0,-79.5,47.25,-79.25,0
47.0,-79.0,47.25,-78.75,0
47.0,-78.5,47.25,-78.25,0
47.0,-78.0,47.25,-77.75,0
47.0,-77.5,47.25,-77.25,0
47.0,-77.0,47.25,-76.75,0
47.0,-76.5,47.25,-76.25,0
47.0,-76.0,47.25,-75.75,0
47.0,-75.5,47.25,-75.25,0
47.0,-75.0,47.25,-74.75,0
47.0,-74.5,47.25,-74.25,0
47.0,-74.0,47.25,-73.75,0
47.0,-73.5,47.25,-73.25,0
47.0,-73.0,47.25,-72.75,0
47.0,-72.5,47.25,-72.25,0
47.0,-72.0,47.25,-71.75,0
47.0,-71.5,47.25,-71.25,0
47.0,-71.0,47.25,-70.75,0
47.0,-70.5,47.25,-70.25,0
47.0,-70.0,47.25,-69.75,0
47.0,-69.5,47.25,-69.25,0
47.0,-69.0,47.25,-68.75,0
47.0,-68.5,47.25,-68.25,0
47.0,-68.0,47.25,-67.75,0
47.0,-67.5,47.25,-67.25,0
47.0,-67.0,47.25,-66.75,0
47.0,-66.5,47.25,-66.25,0
47.5,-125.0,47.75,-124.75,0
47.5,-124.5,47.75,-124.25,0
47.5,-124.0,47.75,-123.75,0
47.5,-123.5,47.75,-123.25,0
47.5,-123.0,47.75,-122.75,0
47.5,-122.0,47.75,-121.75,0
47.5,-121.5,47.75,-121.25,0
47.5,-121.0,47.75,-120.75,0
47.5,-120.5,47.75,-120.25,0
47.5,-120.0,47.75,-119.75,0
47.5,-119.5,47.75,-119.25,0
47.5,-119.0,47.75,-118.75,0
47.5,-118.5,47.75,-118.25,0
47.5,-118.0,47.75,-117.75,0
47.5,-117.5,47.75,-117.25,0
47.5,-117.0,47.75,-116.75,0
47.5,-116.5,47.75,-116.25,0
47.5,-116.0,47.75,-115.75,0
47.5,-115.5,47.75,-115.25,0
47.5,-115.0,47.75,-114.75,0
47.5,-114.5,47.75,-114.25,0
47.5,-114.0,47.75,-113.75,0
47.5,-113.5,47.75,-113.25,0
47.5,-113.0,47.75,-112.75,0
47.5,-112.5,47.75,-112.25,0
47.5,-112.0,47.75,-111.75,0
47.5,-111.5,47.75,-111.25,0
47.5,-111.0,47.75,-110.75,0
47.5,-110.5,47.75,-110.25,0
47.5,-110.0,47.75,-109.75,0
47.5,-109.5,47.75,-109.25,0
47.5,-109.0,47.75,-108.75,0
47.5,-108.5,47.75,-108.25,0
47.5,-108.0,47.75,-107.75,0
47.5,-107.5,47.75,-107.25,0
47.5,-107.0,47.75,-106.75,0
47.5,-106.5,47.75,-106.25,0
47.5,-106.0,47.75,-105.75,0
47.5,-105.5,47.75,-105.25,0
47.5,-105.0,47.75,-104.75,0
47.5,-104.5,47.75,-104.25,0
47.5,-104.0,47.75,-103.75,0
47.5,-103.5,47.75,-103.25,0
47.5,-103.0,47.75,-102.75,0
47.5,-102.5,47.75,-102.25,0
47.5,-102.0,47.75,-101.75,0
47.5,-101.5,47.75,-101.25,0
47.5,-101.0,47.75,-100.75,0
47.5,-100.5,47.75,-100.25,0
47.5,-100.0,47.75,-99.75,0
47.5,-99.5,47.75,-99.25,0
47.5,-99.0,47.75,-98.75,0
47.5,-98.5,47.75,-98.25,0
47.5,-98.0,47.75,-97.75,0
47.5,-97.5,47.75,-97.25,0
47.5,-97.0,47.75,-96.75,0
47.5,-96.5,47.75,-96.25,0
47.5,-96.0,47.75,-95.75,0
47.5,-95.5,47.75,-95.25,0
47.5,-95.0,47.75,-94.75,0
47.5,-94.5,47.75,-94.25,0
47.5,-94.0,47.75,-93.75,0
47.5,-93.5,47.75,-93.25,0
47.5,-93.0,47.75,-92.75,0
47.5,-92.5,47.75,-92.25,0
47.5,-92.0,47.75,-91.75,0
47.5,-91.5,47.75,-91.25,0
47.5,-91.0,47.75,-90.75,0
47.5,-90.5,47.75,-90.25,0
47.5,-90.0,47.75,-89.75,0
47.5,-89.5,47.75,-89.25,0
47.5,-89.0,47.75,-88.75,0
47.5,-88.5,47.75,-88.25,0
47.5,-88.0,47.75,-87.75,0
47.5,-87.5,47.75,-87.25,0
47.5,-87.0,47.75,-86.75,0
47.5,-86.5,47.75,-86.25,0
47.5,-86.0,47.75,-85.75,0
47.5,-85.5,47.75,-85.25,0
47.5,-85.0,47.75,-84.75,0
47.5,-84.5,47.75,-84.25,0
47.5,-84.0,47.75,-83.75,0
47.5,-83.5,47.75,-83.25,0
47.5,-83.0,47.75,-82.75,0
47.5,-82.5,47.75,-82.25,0
47.5,-82.0,47.75,-81.75,0
47.5,-81.5,47.75,-81.25,0
47.5,-81.0,47.75,-80.75,0
47.5,-80.5,47.75,-80.25,0
47.5,-80.0,47.75,-79.75,0
47.5,-79.5,47.75,-79.25,0
47.5,-79.0,47.75,-78.75,0
47.5,-78.5,47.75,-78.25,0
47.5,-78.0,47.75,-77.75,0
47.5,-77.5,47.75,-77.25,0
47.5,-77.0,47.75,-76.75,0
47.5,-76.5,47.75,-76.25,0
47.5,-76.0,47.75,-75.75,0
47.5,-75.5,47.75,-75.25,0
47.5,-75.0,47.75,-74.75,0
47.5,-74.5,47.75,-74.25,0
47.5,-74.0,47.75,-73.75,0
47.5,-73.5,47.75,-73.25,0
47.5,-73.0,47.75,-72.75,0
47.5,-72.5,47.75,-72.25,0
47.5,-72.0,47.75,-71.75,0
47.5,-71.5,47.75,-71.25,0
47.5,-71.0,47.75,-70.75,0
47.5,-70.5,47.75,-70.25,0
47.5,-70.0,47.75,-69.75,0
47.5,-69.5,47.75,-69.25,0
47.5,-69.0,47.75,-68.75,0
47.5,-68.5,47.75,-68.25,0
47.5,-68.0,47.75,-67.75,0
47.5,-67.5,47.75,-67.25,0
47.5,-67.0,47.75,-66.75,0
47.5,-66.5,47.75,-66.25,0
48.0,-125.0,48.25,-124.75,0
48.0,-124.5,48.25,-124.25,0
48.0,-124.0,48.25,-123.75,0
48.0,-123.5,48.25,-123.25,0
48.0,-123.0,48.25,-122.75,0
48.0,-122.5,48.25,-122.25,0
48.0,-122.0,48.25,-121.75,0
48.0,-121.5,48.25,-121.25,0
48.0,-121.0,48.25,-120.75,0
48.0,-120.5,48.25,-120.25,0
48.0,-120.0,48.25,-119.75,0
48.0,-119.5,48.25,-119.25,0
48.0,-119.0,48.25,-118.75,0
48.0,-118.5,48.25,-118.25,0
48.0,-118.0,48.25,-117.75,0
48.0,-117.5,48.25,-117.25,0
48.0,-117.0,48.25,-116.75,0
48.0,-116.5,48.25,-116.25,0
48.0,-116.0,48.25,-115.75,0
48.0,-115.5,48.25,-115.25,0
48.0,-115.0,48.25,-114.75,0
48.0,-114.5,48.25,-114.25,0
48.0,-114.0,48.25,-113.75,0
48.0,-113.5,48.25,-113.25,0
48.0,-113.0,48.25,-112.75,0
48.0,-112.5,48.25,-112.25,0
48.0,-112.0,48.25,-111.75,0
48.0,-111.5,48.25,-111.25,0
48.0,-111.0,48.25,-110.75,0
48.0,-110.5,48.25,-110.25,0
48.0,-110.0,48.25,-109.75,0
48.0,-109.5,48.25,-109.25,0
48.0,-109.0,48.25,-108.75,0
48.0,-108.5,48.25,-108.25,0
48.0,-108.0,48.25,-107.75,0
48.0,-107.5,48.25,-107.25,0
48.0,-107.0,48.25,-106.75,0
48.0,-106.5,48.25,-106.25,0
48.0,-106.0,48.25,-105.75,0
48.0,-105.5,48.25,-105.25,0
48.0,-105.0,48.25,-104.75,0
48.0,-104.5,48.25,-104.25,0
48.0,-104.0,48.25,-103.75,0
48.0,-103.5,48.25,-103.25,0
48.0,-103.0,48.25,-102.75,0
48.0,-102.5,48.25,-102.25,0
48.0,-102.0,48.25,-101.75,0
48.0,-101.5,48.25,-101.25,0
48.0,-101.0,48.25,-100.75,0
48.0,-100.5,48.25,-100.25,0
48.0,-100.0,48.25,-99.75,0
48.0,-99.5,48.25,-99.25,0
48.0,-99.0,48.25,-98.75,0
48.0,-98.5,48.25,-98.25,0
48.0,-98.0,48.25,-97.75,0
48.0,-97.5,48.25,-97.25,0
48.0,-97.0,48.25,-96.75,0
48.0,-96.5,48.25,-96.25,0
48.0,-96.0,48.25,-95.75,0
48.0,-95.5,48.25,-95.25,0
48.0,-95.0,48.25,-94.75,0
48.0,-94.5,48.25,-94.25,0
48.0,-94.0,48.25,-93.75,0
48.0,-93.5,48.25,-93.25,0
48.0,-93.0,48.25,-92.75,0
48.0,-92.5,48.25,-92.25,0
48.0,-92.0,48.25,-91.75,0
48.0,-91.5,48.25,-91.25,0
48.0,-91.0,48.25,-90.75,0
48.0,-90.5,48.25,-90.25,0
48.0,-90.0,48.25,-89.75,0
48.0,-89.5,48.25,-89.25,0
48.0,-89.0,48.25,-88.75,0
48.0,-88.5,48.25,-88.25,0
48.0,-88.0,48.25,-87.75,0
48.0,-87.5,48.25,-87.25,0
48.0,-87.0,48.25,-86.75,0
48.0,-86.5,48.25,-86.25,0
48.0,-86.0,48.25,-85.75,0
48.0,-85.5,48.25,-85.25,0
48.0,-85.0,48.25,-84.75,0
48.0,-84.5,48.25,-84.25,0
48.0,-84.0,48.25,-83.75,0
48.0,-83.5,48.25,-83.25,0
48.0,-83.0,48.25,-82.75,0
48.0,-82.5,48.25,-82.25,0
48.0,-82.0,48.25,-81.75,0
48.0,-81.5,48.25,-81.25,0
48.0,-81.0,48.25,-80.75,0
48.0,-80.5,48.25,-80.25,0
48.0,-80.0,48.25,-79.75,0
48.0,-79.5,48.25,-79.25,0
48.0,-79.0,48.25,-78.75,0
48.0,-78.5,48.25,-78.25,0
48.0,-78.0,48.25,-77.75,0
48.0,-77.5,48.25,-77.25,0
48.0,-77.0,48.25,-76.75,0
48.0,-76.5,48.25,-76.25,0
48.0,-76.0,48.25,-75.75,0
48.0,-75.5,48.25,-75.25,0
48.0,-75.0,48.25,-74.75,0
48.0,-74.5,48.25,-74.25,0
48.0,-74.0,48.25,-73.75,0
48.0,-73.5,48.25,-73.25,0
48.0,-73.0,48.25,-72.75,0
48.0,-72.5,48.25,-72.25,0
48.0,-72.0,48.25,-71.75,0
48.0,-71.5,48.25,-71.25,0
48.0,-71.0,48.25,-70.75,0
48.0,-70.5,48.25,-70.25,0
48.0,-70.0,48.25,-69.75,0
48.0,-69.5,48.25,-69.25,0
48.0,-69.0,48.25,-68.75,0
48.0,-68.5,48.25,-68.25,0
48.0,-68.0,48.25,-67.75,0
48.0,-67.5,48.25,-67.25,0
48.0,-67.0,48.25,-66.75,0
48.0,-66.5,48.25,-66.25,0
48.5,-125.0,48.75,-124.75,0
48.5,-124.5,48.75,-124.25,0
48.5,-124.0,48.75,-123.75,0
48.5,-123.5,48.75,-123.25,0
48.5,-123.0,48.75,-122.75,0
48.5,-122.5,48.75,-122.25,0
48.5,-122.0,48.75,-121.75,0
48.5,-121.5,48.75,-121.25,0
48.5,-121.0,48.75,-120.75,0
48.5,-120.5,48.75,-120.25,0
48.5,-120.0,48.75,-119.75,0
48.5,-119.5,48.75,-119.25,0
48.5,-119.0,48.75,-118.75,0
48.5,-118.5,48.75,-118.25,0
48.5,-118.0,48.75,-117.75,0
48.5,-117.5,48.75,-117.25,0
48.5,-117.0,48.75,-116.75,0
48.5,-116.5,48.75,-116.25,0
48.5,-116.0,48.75,-115.75,0
48.5,-115.5,48.75,-115.25,0
48.5,-115.0,48.75,-114.75,0
48.5,-114.5,48.75,-114.25,0
48.5,-114.0,48.75,-113.75,0
48.5,-113.5,48.75,-113.25,0
48.5,-113.0,48.75,-112.75,0
48.5,-112.5,48.75,-112.25,0
48.5,-112.0,48.75,-111.75,0
48.5,-111.5,48.75,-111.25,0
48.5,-111.0,48.75,-110.75,0
48.5,-110.5,48.75,-110.25,0
48.5,-110.0,48.75,-109.75,0
48.5,-109.5,48.75,-109.25,0
48.5,-109.0,48.75,-108.75,0
48.5,-108.5,48.75,-108.25,0
48.5,-108.0,48.75,-107.75,0
48.5,-107.5,48.75,-107.25,0
48.5,-107.0,48.75,-106.75,0
48.5,-106.5,48.75,-106.25,0
48.5,-106.0,48.75,-105.75,0
48.5,-105.5,48.75,-105.25,0
48.5,-105.0,48.75,-104.75,0
48.5,-104.5,48.75,-104.25,0
48.5,-104.0,48.75,-103.75,0
48.5,-103.5,48.75,-103.25,0
48.5,-103.0,48.75,-102.75,0
48.5,-102.5,48.75,-102.25,0
48.5,-102.0,48.75,-101.75,0
48.5,-101.5,48.75,-101.25,0
48.5,-101.0,48.75,-100.75,0
48.5,-100.5,48.75,-100.25,0
48.5,-100.0,48.75,-99.75,0
48.5,-99.5,48.75,-99.25,0
48.5,-99.0,48.75,-98.75,0
48.5,-98.5,48.75,-98.25,0
48.5,-98.0,48.75,-97.75,0
48.5,-97.5,48.75,-97.25,0
48.5,-97.0,48.75,-96.75,0
48.5,-96.5,48.75,-96.25,0
48.5,-96.0,48.75,-95.75,0
48.5,-95.5,48.75,-95.25,0
48.5,-95.0,48.75,-94.75,0
48.5,-94.5,48.75,-94.25,0
48.5,-94.0,48.75,-93.75,0
48.5,-93.5,48.75,-93.25,0
48.5,-93.0,48.75,-92.75,0
48.5,-92.5,48.75,-92.25,0
48.5,-92.0,48.75,-91.75,0
48.5,-91.5,48.75,-91.25,0
48.5,-91.0,48.75,-90.75,0
48.5,-90.5,48.75,-90.25,0
48.5,-90.0,48.75,-89.75,0
48.5,-89.5,48.75,-89.25,0
48.5,-89.0,48.75,-88.75,0
48.5,-88.5,48.75,-88.25,0
48.5,-88.0,48.75,-87.75,0
48.5,-87.5,48.75,-87.25,0
48.5,-87.0,48.75,-86.75,0
48.5,-86.5,48.75,-86.25,0
48.5,-86.0,48.75,-85.75,0
48.5,-85.5,48.75,-85.25,0
48.5,-85.0,48.75,-84.75,0
48.5,-84.5,48.75,-84.25,0
48.5,-84.0,48.75,-83.75,0
48.5,-83.5,48.75,-83.25,0
48.5,-83.0,48.75,-82.75,0
48.5,-82.5,48.75,-82.25,0
48.5,-82.0,48.75,-81.75,0
48.5,-81.5,48.75,-81.25,0
48.5,-81.0,48.75,-80.75,0
48.5,-80.5,48.75,-80.25,0
48.5,-80.0,48.75,-79.75,0
48.5,-79.5,48.75,-79.25,0
48.5,-79.0,48.75,-78.75,0
48.5,-78.5,48.75,-78.25,0
48.5,-78.0,48.75,-77.75,0
48.5,-77.5,48.75,-77.25,0
48.5,-77.0,48.75,-76.75,0
48.5,-76.5,48.75,-76.25,0
48.5,-76.0,48.75,-75.75,0
48.5,-75.5,48.75,-75.25,0
48.5,-75.0,48.75,-74.75,0
48.5,-74.5,48.75,-74.25,0
48.5,-74.0,48.75,-73.75,0
48.5,-73.5,48.75,-73.25,0
48.5,-73.0,48.75,-72.75,0
48.5,-72.5,48.75,-72.25,0
48.5,-72.0,48.75,-71.75,0
48.5,-71.5,48.75,-71.25,0
48.5,-71.0,48.75,-70.75,0
48.5,-70.5,48.75,-70.25,0
48.5,-70.0,48.75,-69.75,0
48.5,-69.5,48.75,-69.25,0
48.5,-69.0,48.75,-68.75,0
48.5,-68.5,48.75,-68.25,0
48.5,-68.0,48.75,-67.75,0
48.5,-67.5,48.75,-67.25,0
48.5,-67.0,48.75,-66.75,0
48.5,-66.5,48.75,-66.25,0
49.0,-125.0,49.25,-124.75,0
49.0,-124.5,49.25,-124.25,0
49.0,-124.0,49.25,-123.75,0
49.0,-123.5,49.25,-123.25,0
49.0,-123.0,49.25,-122.75,0
49.0,-122.5,49.25,-122.25,0
49.0,-122.0,49.25,-121.75,0
49.0,-121.5,49.25,-121.25,0
49.0,-121.0,49.25,-120.75,0
49.0,-120.5,49.25,-120.25,0
49.0,-120.0,49.25,-119.75,0
49.0,-119.5,49.25,-119.25,0
49.0,-119.0,49.25,-118.75,0
49.0,-118.5,49.25,-118.25,0
49.0,-118.0,49.25,-117.75,0
49.0,-117.5,49.25,-117.25,0
49.0,-117.0,49.25,-116.75,0
49.0,-116.5,49.25,-116.25,0
49.0,-116.0,49.25,-115.75,0
49.0,-115.5,49.25,-115.25,0
49.0,-115.0,49.25,-114.75,0
49.0,-114.5,49.25,-114.25,0
49.0,-114.0,49.25,-113.75,0
49.0,-113.5,49.25,-113.25,0
49.0,-113.0,49.25,-112.75,0
49.0,-112.5,49.25,-112.25,0
49.0,-112.0,49.25,-111.75,0
49.0,-111.5,49.25,-111.25,0
49.0,-111.0,49.25,-110.75,0
49.0,-110.5,49.25,-110.25,0
49.0,-110.0,49.25,-109.75,0
49.0,-109.5,49.25,-109.25,0
49.0,-109.0,49.25,-108.75,0
49.0,-108.5,49.25,-108.25,0
49.0,-108.0,49.25,-107.75,0
49.0,-107.5,49.25,-107.25,0
49.0,-107.0,49.25,-106.75,0
49.0,-106.5,49.25,-106.25,0
49.0,-106.0,49.25,-105.75,0
49.0,-105.5,49.25,-105.25,0
49.0,-105.0,49.25,-104.75,0
49.0,-104.5,49.25,-104.25,0
49.0,-104.0,49.25,-103.75,0
49.0,-103.5,49.25,-103.25,0
49.0,-103.0,49.25,-102.75,0
49.0,-102.5,49.25,-102.25,0
49.0,-102.0,49.25,-101.75,0
49.0,-101.5,49.25,-101.25,0
49.0,-101.0,49.25,-100.75,0
49.0,-100.5,49.25,-100.25,0
49.0,-100.0,49.25,-99.75,0
49.0,-99.5,49.25,-99.25,0
49.0,-99.0,49.25,-98.75,0
49.0,-98.5,49.25,-98.25,0
49.0,-98.0,49.25,-97.75,0
49.0,-97.5,49.25,-97.25,0
49.0,-97.0,49.25,-96.75,0
49.0,-96.5,49.25,-96.25,0
49.0,-96.0,49.25,-95.75,0
49.0,-95.5,49.25,-95.25,0
49.0,-95.0,49.25,-94.75,0
49.0,-94.5,49.25,-94.25,0
49.0,-94.0,49.25,-93.75,0
49.0,-93.5,49.25,-93.25,0
49.0,-93.0,49.25,-92.75,0
49.0,-92.5,49.25,-92.25,0
49.0,-92.0,49.25,-91.75,0
49.0,-91.5,49.25,-91.25,0
49.0,-91.0,49.25,-90.75,0
49.0,-90.5,49.25,-90.25,0
49.0,-90.0,49.25,-89.75,0
49.0,-89.5,49.25,-89.25,0
49.0,-89.0,49.25,-88.75,0
49.0,-88.5,49.25,-88.25,0
49.0,-88.0,49.25,-87.75,0
49.0,-87.5,49.25,-87.25,0
49.0,-87.0,49.25,-86.75,0
49.0,-86.5,49.25,-86.25,0
49.0,-86.0,49.25,-85.75,0
49.0,-85.5,49.25,-85.25,0
49.0,-85.0,49.25,-84.75,0
49.0,-84.5,49.25,-84.25,0
49.0,-84.0,49.25,-83.75,0
49.0,-83.5,49.25,-83.25,0
49.0,-83.0,49.25,-82.75,0
49.0,-82.5,49.25,-82.25,0
49.0,-82.0,49.25,-81.75,0
49.0,-81.5,49.25,-81.25,0
49.0,-81.0,49.25,-80.75,0
49.0,-80.5,49.25,-80.25,0
49.0,-80.0,49.25,-79.75,0
49.0,-79.5,49.25,-79.25,0
49.0,-79.0,49.25,-78.75,0
49.0,-78.5,49.25,-78.25,0
49.0,-78.0,49.25,-77.75,0
49.0,-77.5,49.25,-77.25,0
49.0,-77.0,49.25,-76.75,0
49.0,-76.5,49.25,-76.25,0
49.0,-76.0,49.25,-75.75,0
49.0,-75.5,49.25,-75.25,0
49.0,-75.0,49.25,-74.75,0
49.0,-74.5,49.25,-74.25,0
49.0,-74.0,49.25,-73.75,0
49.0,-73.5,49.25,-73.25,0
49.0,-73.0,49.25,-72.75,0
49.0,-72.5,49.25,-72.25,0
49.0,-72.0,49.25,-71.75,0
49.0,-71.5,49.25,-71.25,0
49.0,-71.0,49.25,-70.75,0
49.0,-70.5,49.25,-70.25,0
49.0,-70.0,49.25,-69.75,0
49.0,-69.5,49.25,-69.25,0
49.0,-69.0,49.25,-68.75,0
49.0,-68.5,49.25,-68.25,0
49.0,-68.0,49.25,-67.75,0
49.0,-67.5,49.25,-67.25,0
49.0,-67.0,49.25,-66.75,0
49.0,-66.5,49.25,-66.25,0
49.5,-125.0,49.75,-124.75,0
49.5,-124.5,49.75,-124.25,0
49.5,-124.0,49.75,-123.75,0
49.5,-123.5,49.75,-123.25,0
49.5,-123.0,49.75,-122.75,0
49.5,-122.5,49.75,-122.25,0
49.5,-122.0,49.75,-121.75,0
49.5,-121.5,49.75,-121.25,0
49.5,-121.0,49.75,-120.75,0
49.5,-120.5,49.75,-120.25,0
49.5,-120.0,49.75,-119.75,0
49.5,-119.5,49.75,-119.25,0
49.5,-119.0,49.75,-118.75,0
49.5,-118.5,49.75,-118.25,0
49.5,-118.0,49.75,-117.75,0
49.5,-117.5,49.75,-117.25,0
49.5,-117.0,49.75,-116.75,0
49.5,-116.5,49.75,-116.25,0
49.5,-116.0,49.75,-115.75,0
49.5,-115.5,49.75,-115.25,0
49.5,-115.0,49.75,-114.75,0
49.5,-114.5,49.75,-114.25,0
49.5,-114.0,49.75,-113.75,0
49.5,-113.5,49.75,-113.25,0
49.5,-113.0,49.75,-112.75,0
49.5,-112.5,49.75,-112.25,0
49.5,-112.0,49.75,-111.75,0
49.5,-111.5,49.75,-111.25,0
49.5,-111.0,49.75,-110.75,0
49.5,-110.5,49.75,-110.25,0
49.5,-110.0,49.75,-109.75,0
49.5,-109.5,49.75,-109.25,0
49.5,-109.0,49.75,-108.75,0
49.5,-108.5,49.75,-108.25,0
49.5,-108.0,49.75,-107.75,0
49.5,-107.5,49.75,-107.25,0
49.5,-107.0,49.75,-106.75,0
49.5,-106.5,49.75,-106.25,0
49.5,-106.0,49.75,-105.75,0
49.5,-105.5,49.75,-105.25,0
49.5,-105.0,49.75,-104.75,0
49.5,-104.5,49.75,-104.25,0
49.5,-104.0,49.75,-103.75,0
49.5,-103.5,49.75,-103.25,0
49.5,-103.0,49.75,-102.75,0
49.5,-102.5,49.75,-102.25,0
49.5,-102.0,49.75,-101.75,0
49.5,-101.5,49.75,-101.25,0
49.5,-101.0,49.75,-100.75,0
49.5,-100.5,49.75,-100.25,0
49.5,-100.0,49.75,-99.75,0
49.5,-99.5,49.75,-99.25,0
49.5,-99.0,49.75,-98.75,0
49.5,-98.5,49.75,-98.25,0
49.5,-98.0,49.75,-97.75,0
49.5,-97.5,49.75,-97.25,0
49.5,-97.0,49.75,-96.75,0
49.5,-96.5,49.75,-96.25,0
49.5,-96.0,49.75,-95.75,0
49.5,-95.5,49.75,-95.25,0
49.5,-95.0,49.75,-94.75,0
49.5,-94.5,49.75,-94.25,0
49.5,-94.0,49.75,-93.75,0
49.5,-93.5,49.75,-93.25,0
49.5,-93.0,49.75,-92.75,0
49.5,-92.5,49.75,-92.25,0
49.5,-92.0,49.75,-91.75,0
49.5,-91.5,49.75,-91.25,0
49.5,-91.0,49.75,-90.75,0
49.5,-90.5,49.75,-90.25,0
49.5,-90.0,49.75,-89.75,0
49.5,-89.5,49.75,-89.25,0
49.5,-89.0,49.75,-88.75,0
49.5,-88.5,49.75,-88.25,0
49.5,-88.0,49.75,-87.75,0
49.5,-87.5,49.75,-87.25,0
49.5,-87.0,49.75,-86.75,0
49.5,-86.5,49.75,-86.25,0
49.5,-86.0,49.75,-85.75,0
49.5,-85.5,49.75,-85.25,0
49.5,-85.0,49.75,-84.75,0
49.5,-84.5,49.75,-84.25,0
49.5,-84.0,49.75,-83.75,0
49.5,-83.5,49.75,-83.25,0
49.5,-83.0,49.75,-82.75,0
49.5,-82.5,49.75,-82.25,0
49.5,-82.0,49.75,-81.75,0
49.5,-81.5,49.75,-81.25,0
49.5,-81.0,49.75,-80.75,0
49.5,-80.5,49.75,-80.25,0
49.5,-80.0,49.75,-79.75,0
49.5,-79.5,49.75,-79.25,0
49.5,-79.0,49.75,-78.75,0
49.5,-78.5,49.75,-78.25,0
49.5,-78.0,49.75,-77.75,0
49.5,-77.5,49.75,-77.25,0
49.5,-77.0,49.75,-76.75,0
49.5,-76.5,49.75,-76.25,0
49.5,-76.0,49.75,-75.75,0
49.5,-75.5,49.75,-75.25,0
49.5,-75.0,49.75,-74.75,0
49.5,-74.5,49.75,-74.25,0
49.5,-74.0,49.75,-73.75,0
49.5,-73.5,49.75,-73.25,0
49.5,-73.0,49.75,-72.75,0
49.5,-72.5,49.75,-72.25,0
49.5,-72.0,49.75,-71.75,0
49.5,-71.5,49.75,-71.25,0
49.5,-71.0,49.75,-70.75,0
49.5,-70.5,49.75,-70.25,0
49.5,-70.0,49.75,-69.75,0
49.5,-69.5,49.75,-69.25,0
49.5,-69.0,49.75,-68.75,0
49.5,-68.5,49.75,-68.25,0
49.5,-68.0,49.75,-67.75,0
49.5,-67.5,49.75,-67.25,0
49.5,-67.0,49.75,-66.75,0
49.5,-66.5,49.75,-66.25,0
