plant,r10_rank_n,r50_rank_n,hit_rank_n,r10_rank_n_tax_ldelta,r50_rank_n_tax_ldelta,hit_rank_n_tax_ldelta,r10_gbm_geo_tuned,r50_gbm_geo_tuned,hit_gbm_geo_tuned,r10_twotower_none,r50_twotower_none,hit_twotower_none,r10_twotower_bioclip,r50_twotower_bioclip,hit_twotower_bioclip,r10_twotower_bioclip2,r50_twotower_bioclip2,hit_twotower_bioclip2,degree,range_size,genus,genus_seen,deg_q,range_q
Abutilon hypoleucum,0.0,0.0,0.0,0.0,0.0,0.0,0.0,0.0,0.0,0.0,1.0,0.0,0.0,0.0,0.0,0.0,0.0,0.0,1,4.0,Abutilon,True,Q1 low,narrow
Abutilon theophrasti,0.0666666666666666,0.1333333333333333,1.0,0.1333333333333333,0.2,1.0,0.1333333333333333,0.2,1.0,0.1333333333333333,0.2,1.0,0.1333333333333333,0.2666666666666666,1.0,0.1333333333333333,0.2666666666666666,1.0,15,234.0,Abutilon,True,Q3,wide
Acer pensylvanicum,0.0,0.0,0.0,0.0,0.0,0.0,0.0,0.0,0.0,0.0,0.0,0.0,0.0,0.0,0.0,0.0,0.0,0.0,1,195.0,Acer,True,Q1 low,wide
Achyronychia cooperi,0.75,1.0,1.0,0.0,0.25,0.0,0.25,1.0,1.0,0.0,0.25,0.0,0.25,1.0,1.0,0.5,0.75,1.0,4,15.0,Achyronychia,False,Q2,narrow
Acmella repens,0.1052631578947368,0.3684210526315789,1.0,0.2105263157894736,0.631578947368421,1.0,0.2631578947368421,0.7894736842105263,1.0,0.2631578947368421,0.631578947368421,1.0,0.3157894736842105,0.6842105263157895,1.0,0.3684210526315789,0.6842105263157895,1.0,19,50.0,Acmella,False,Q4 high,R3
Acmispon maritimus,0.0,0.0,0.0,1.0,1.0,1.0,1.0,1.0,1.0,1.0,1.0,1.0,0.0,1.0,0.0,0.0,1.0,0.0,1,24.0,Acmispon,True,Q1 low,R2
Adelinia grandis,0.1875,0.5,1.0,0.25,0.625,1.0,0.25,0.5625,1.0,0.125,0.5625,1.0,0.125,0.375,1.0,0.1875,0.75,1.0,16,88.0,Adelinia,False,Q3,R3
Adenostoma sparsifolium,0.0,0.5,0.0,0.5,1.0,1.0,0.5,1.0,1.0,1.0,1.0,1.0,0.5,1.0,1.0,0.5,1.0,1.0,2,12.0,Adenostoma,True,Q1 low,narrow
Aesculus californica,0.1521739130434782,0.4565217391304347,1.0,0.0434782608695652,0.1521739130434782,1.0,0.108695652173913,0.4130434782608695,1.0,0.0869565217391304,0.3478260869565217,1.0,0.0652173913043478,0.391304347826087,1.0,0.0869565217391304,0.391304347826087,1.0,46,70.0,Aesculus,True,Q4 high,R3
Ageratina adenophora,0.5,0.5,1.0,0.0,0.0,0.0,0.0,0.0,0.0,0.0,0.0,0.0,0.0,0.0,0.0,0.0,0.0,0.0,2,17.0,Ageratina,True,Q1 low,narrow
Ageratina aromatica,0.0,0.1538461538461538,0.0,0.0,0.3076923076923077,0.0,0.0769230769230769,0.3846153846153846,1.0,0.0769230769230769,0.3846153846153846,1.0,0.1538461538461538,0.2307692307692307,1.0,0.0769230769230769,0.3076923076923077,1.0,13,35.0,Ageratina,True,Q3,R2
Agrimonia parviflora,0.0,1.0,0.0,0.0,0.0,0.0,0.0,0.0,0.0,0.0,0.0,0.0,0.0,0.0,0.0,0.0,0.0,0.0,1,91.0,Agrimonia,True,Q1 low,R3
Allium geyeri,0.5,1.0,1.0,0.0,0.0,0.0,0.0,1.0,0.0,0.0,1.0,0.0,0.0,0.0,0.0,0.0,0.0,0.0,2,37.0,Allium,True,Q1 low,R2
Amaranthus palmeri,0.0,0.0,0.0,0.0,0.0,0.0,0.0,0.0,0.0,0.0,0.0,0.0,0.0,0.0,0.0,0.0,0.0,0.0,2,22.0,Amaranthus,False,Q1 low,R2
Ambrosia ambrosioides,0.0,0.5,0.0,0.5,0.5,1.0,0.5,0.5,1.0,0.5,0.5,1.0,0.5,0.5,1.0,0.5,0.5,1.0,2,23.0,Ambrosia,True,Q1 low,R2
Ambrosia psilostachya,0.0,0.2,0.0,0.0,0.2,0.0,0.0,0.2,0.0,0.0,0.2,0.0,0.0,0.2,0.0,0.0,0.2,0.0,5,77.0,Ambrosia,True,Q2,R3
Amelanchier laevis,0.0,0.0,0.0,0.0,0.0,0.0,0.0,0.0,0.0,0.0,0.0,0.0,0.0,0.0,0.0,0.0,0.0,0.0,3,28.0,Amelanchier,True,Q2,R2
Amsonia tomentosa,0.5,0.5,1.0,0.25,0.75,1.0,0.5,0.75,1.0,0.25,1.0,1.0,0.25,0.75,1.0,0.5,1.0,1.0,4,18.0,Amsonia,True,Q2,narrow
Angelica capitellata,0.0,0.3333333333333333,0.0,0.0476190476190476,0.1428571428571428,1.0,0.3333333333333333,0.5714285714285714,1.0,0.1428571428571428,0.5714285714285714,1.0,0.2857142857142857,0.7142857142857143,1.0,0.238095238095238,0.6190476190476191,1.0,21,31.0,Angelica,True,Q4 high,R2
Anisocarpus madioides,0.0,1.0,0.0,1.0,1.0,1.0,0.0,1.0,0.0,0.0,1.0,0.0,0.0,1.0,0.0,0.0,1.0,0.0,1,32.0,Anisocarpus,False,Q1 low,R2
Anisocoma acaulis,0.0,0.0,0.0,0.0,0.0,0.0,0.0,0.0,0.0,0.0,0.0,0.0,0.0,0.5,0.0,0.0,0.5,0.0,2,35.0,Anisocoma,False,Q1 low,R2
Anthriscus sylvestris,0.054054054054054,0.1081081081081081,1.0,0.027027027027027,0.1621621621621621,1.0,0.054054054054054,0.1891891891891892,1.0,0.027027027027027,0.1891891891891892,1.0,0.081081081081081,0.2432432432432432,1.0,0.054054054054054,0.1351351351351351,1.0,37,63.0,Anthriscus,False,Q4 high,R3
Apios americana,0.0606060606060606,0.1515151515151515,1.0,0.1212121212121212,0.2121212121212121,1.0,0.0909090909090909,0.2121212121212121,1.0,0.1212121212121212,0.1515151515151515,1.0,0.1212121212121212,0.2121212121212121,1.0,0.0909090909090909,0.1818181818181818,1.0,33,648.0,Apios,False,Q4 high,wide
Arabidopsis thaliana,0.0,0.0,0.0,1.0,1.0,1.0,0.0,0.0,0.0,0.0,0.0,0.0,1.0,1.0,1.0,1.0,1.0,1.0,1,100.0,Arabidopsis,True,Q1 low,R3
Aralia racemosa,0.0,0.0,0.0,0.0,0.0714285714285714,0.0,0.0,0.0714285714285714,0.0,0.0,0.0714285714285714,0.0,0.0,0.1428571428571428,0.0,0.0,0.2142857142857142,0.0,14,256.0,Aralia,True,Q3,wide
Arctostaphylos bakeri,0.0,1.0,0.0,1.0,1.0,1.0,1.0,1.0,1.0,1.0,1.0,1.0,1.0,1.0,1.0,1.0,1.0,1.0,2,3.0,Arctostaphylos,True,Q1 low,narrow
Arctostaphylos hookeri,0.0,0.0,0.0,0.3333333333333333,0.6666666666666666,1.0,0.3333333333333333,1.0,1.0,0.3333333333333333,0.6666666666666666,1.0,0.3333333333333333,0.6666666666666666,1.0,0.3333333333333333,0.6666666666666666,1.0,3,2.0,Arctostaphylos,True,Q2,narrow
Arctostaphylos manzanita,0.1428571428571428,0.7142857142857143,1.0,0.2142857142857142,0.4285714285714285,1.0,0.2142857142857142,0.5,1.0,0.1428571428571428,0.6428571428571429,1.0,0.1428571428571428,0.6428571428571429,1.0,0.2142857142857142,0.7142857142857143,1.0,14,33.0,Arctostaphylos,True,Q3,R2
Arctostaphylos nevadensis,0.0,0.5,0.0,0.25,0.5,1.0,0.5,0.5,1.0,0.25,0.5,1.0,0.5,0.75,1.0,0.5,0.5,1.0,4,83.0,Arctostaphylos,True,Q2,R3
Arnoglossum atriplicifolium,0.0256410256410256,0.1282051282051282,1.0,0.1025641025641025,0.2307692307692307,1.0,0.0769230769230769,0.2564102564102564,1.0,0.0769230769230769,0.1794871794871795,1.0,0.1282051282051282,0.2564102564102564,1.0,0.1025641025641025,0.2564102564102564,1.0,39,178.0,Arnoglossum,True,Q4 high,wide
Arnoglossum ovatum,0.0,1.0,0.0,0.0,1.0,0.0,0.0,1.0,0.0,1.0,1.0,1.0,1.0,1.0,1.0,1.0,1.0,1.0,1,18.0,Arnoglossum,True,Q1 low,narrow
Arnoglossum plantagineum,0.0,0.5,0.0,0.0,0.5,0.0,0.0,0.0,0.0,0.0,0.5,0.0,0.0,1.0,0.0,0.0,0.0,0.0,2,93.0,Arnoglossum,True,Q1 low,R3
Asclepias californica,0.1666666666666666,0.6666666666666666,1.0,0.3333333333333333,0.8333333333333334,1.0,0.1666666666666666,0.8333333333333334,1.0,0.5,0.8333333333333334,1.0,0.0,0.8333333333333334,0.0,0.3333333333333333,0.8333333333333334,1.0,6,36.0,Asclepias,True,Q2,R2
Asclepias incarnata,0.0350194552529182,0.1284046692607003,1.0,0.0389105058365758,0.1478599221789883,1.0,0.0350194552529182,0.1750972762645914,1.0,0.0311284046692607,0.178988326848249,1.0,0.0233463035019455,0.0972762645914396,1.0,0.0272373540856031,0.1050583657587548,1.0,257,572.0,Asclepias,True,Q4 high,wide
Asclepias linaria,0.0,0.3333333333333333,0.0,0.3333333333333333,0.3333333333333333,1.0,0.3333333333333333,0.3333333333333333,1.0,0.3333333333333333,0.3333333333333333,1.0,0.3333333333333333,0.3333333333333333,1.0,0.3333333333333333,0.3333333333333333,1.0,3,15.0,Asclepias,True,Q2,narrow
Asclepias speciosa,0.0843373493975903,0.253012048192771,1.0,0.072289156626506,0.2891566265060241,1.0,0.0843373493975903,0.2891566265060241,1.0,0.108433734939759,0.3253012048192771,1.0,0.0602409638554216,0.3493975903614458,1.0,0.072289156626506,0.3493975903614458,1.0,83,398.0,Asclepias,True,Q4 high,wide
Asclepias tomentosa,0.0,0.6666666666666666,0.0,0.6666666666666666,0.6666666666666666,1.0,0.6666666666666666,0.6666666666666666,1.0,0.6666666666666666,0.6666666666666666,1.0,0.3333333333333333,0.6666666666666666,1.0,0.3333333333333333,0.6666666666666666,1.0,3,33.0,Asclepias,True,Q2,R2
Asclepias viridis,0.1666666666666666,0.3888888888888889,1.0,0.3333333333333333,0.6111111111111112,1.0,0.3888888888888889,0.5555555555555556,1.0,0.3888888888888889,0.5555555555555556,1.0,0.1666666666666666,0.5555555555555556,1.0,0.2222222222222222,0.5555555555555556,1.0,18,214.0,Asclepias,True,Q3,wide
Asimina obovata,0.0,0.0,0.0,0.0,1.0,0.0,0.0,0.0,0.0,0.0,0.0,0.0,1.0,1.0,1.0,0.0,1.0,0.0,1,30.0,Asimina,True,Q1 low,R2
Asimina reticulata,0.0,0.0,0.0,0.5,0.75,1.0,0.0,0.0,0.0,0.0,0.25,0.0,0.25,1.0,1.0,0.75,1.0,1.0,4,40.0,Asimina,True,Q2,R3
Asparagus officinalis,0.088235294117647,0.1470588235294117,1.0,0.0588235294117647,0.1764705882352941,1.0,0.1764705882352941,0.2941176470588235,1.0,0.1470588235294117,0.2352941176470588,1.0,0.1176470588235294,0.3529411764705882,1.0,0.1176470588235294,0.3235294117647059,1.0,34,131.0,Asparagus,False,Q4 high,wide
Astragalus alpinus,0.0,0.375,0.0,0.125,0.375,1.0,0.25,0.375,1.0,0.25,0.5,1.0,0.25,0.5,1.0,0.375,0.5,1.0,8,22.0,Astragalus,True,Q3,R2
Astragalus cicer,0.2222222222222222,0.5555555555555556,1.0,0.4444444444444444,0.6666666666666666,1.0,0.5555555555555556,0.7777777777777778,1.0,0.6666666666666666,1.0,1.0,0.5555555555555556,1.0,1.0,0.5555555555555556,1.0,1.0,9,39.0,Astragalus,True,Q3,R2
Astragalus crotalariae,0.0,1.0,0.0,0.0,0.0,0.0,0.0,1.0,0.0,0.0,0.0,0.0,0.0,0.0,0.0,0.0,0.0,0.0,1,5.0,Astragalus,True,Q1 low,narrow
Astragalus douglasii,0.0769230769230769,0.4615384615384615,1.0,0.0,0.4615384615384615,0.0,0.1538461538461538,0.5384615384615384,1.0,0.0,0.0769230769230769,0.0,0.0,0.5384615384615384,0.0,0.0,0.2307692307692307,0.0,13,17.0,Astragalus,True,Q3,narrow
Astragalus flexuosus,0.0,0.0,0.0,0.6666666666666666,0.6666666666666666,1.0,0.3333333333333333,0.6666666666666666,1.0,0.6666666666666666,0.6666666666666666,1.0,0.6666666666666666,0.6666666666666666,1.0,0.3333333333333333,0.6666666666666666,1.0,3,15.0,Astragalus,True,Q2,narrow
Astragalus whitneyi,0.25,0.75,1.0,0.5,0.75,1.0,0.25,0.75,1.0,0.5,0.75,1.0,0.5,0.5,1.0,0.5,0.75,1.0,4,25.0,Astragalus,True,Q2,R2
Atriplex canescens,0.3333333333333333,0.6666666666666666,1.0,0.4166666666666667,0.5833333333333334,1.0,0.1666666666666666,0.5833333333333334,1.0,0.25,0.5833333333333334,1.0,0.4166666666666667,0.6666666666666666,1.0,0.3333333333333333,0.6666666666666666,1.0,12,152.0,Atriplex,True,Q3,wide
Aureolaria pectinata,0.0,1.0,0.0,0.0,0.0,0.0,0.0,0.0,0.0,0.0,0.0,0.0,0.0,0.0,0.0,0.0,0.0,0.0,1,32.0,Aureolaria,True,Q1 low,R2
Baccharis sergiloides,0.0,0.3333333333333333,0.0,0.3333333333333333,0.3333333333333333,1.0,0.3333333333333333,0.3333333333333333,1.0,0.3333333333333333,0.3333333333333333,1.0,0.3333333333333333,0.3333333333333333,1.0,0.3333333333333333,0.3333333333333333,1.0,3,18.0,Baccharis,True,Q2,narrow
Balsamorhiza hookeri,0.2,0.8,1.0,0.2,0.6,1.0,0.6,0.8,1.0,0.4,1.0,1.0,0.4,0.6,1.0,0.4,0.8,1.0,5,26.0,Balsamorhiza,True,Q2,R2
Baptisia aberrans,0.0,0.0,0.0,0.0,1.0,0.0,0.0,0.0,0.0,0.0,0.0,0.0,0.0,1.0,0.0,0.0,1.0,0.0,1,5.0,Baptisia,True,Q1 low,narrow
Baptisia sphaerocarpa,0.1,0.1,1.0,0.3,1.0,1.0,0.3,0.5,1.0,0.4,0.7,1.0,0.5,0.7,1.0,0.4,0.7,1.0,10,6.0,Baptisia,True,Q3,narrow
Barbarea orthoceras,0.0,0.1818181818181818,0.0,0.0,0.0909090909090909,0.0,0.0454545454545454,0.3181818181818182,1.0,0.0909090909090909,0.3181818181818182,1.0,0.0909090909090909,0.2727272727272727,1.0,0.0454545454545454,0.2727272727272727,1.0,22,48.0,Barbarea,True,Q4 high,R3
Bebbia juncea,0.1052631578947368,0.4385964912280701,1.0,0.1403508771929824,0.4736842105263157,1.0,0.175438596491228,0.4912280701754385,1.0,0.0526315789473684,0.4561403508771929,1.0,0.175438596491228,0.543859649122807,1.0,0.1228070175438596,0.5087719298245614,1.0,57,70.0,Bebbia,False,Q4 high,R3
Berberis aquifolium,0.0444444444444444,0.3333333333333333,1.0,0.1111111111111111,0.3111111111111111,1.0,0.1333333333333333,0.4222222222222222,1.0,0.1555555555555555,0.4888888888888889,1.0,0.1555555555555555,0.5111111111111111,1.0,0.1777777777777777,0.5555555555555556,1.0,45,148.0,Berberis,True,Q4 high,wide
Berberis trifoliolata,0.1428571428571428,0.4285714285714285,1.0,0.1428571428571428,0.5714285714285714,1.0,0.1428571428571428,0.7142857142857143,1.0,0.1428571428571428,0.5714285714285714,1.0,0.0,0.5714285714285714,0.0,0.2857142857142857,0.7142857142857143,1.0,7,84.0,Berberis,True,Q3,R3
Berlandiera lyrata,0.2307692307692307,0.6153846153846154,1.0,0.0769230769230769,0.2307692307692307,1.0,0.1538461538461538,0.8461538461538461,1.0,0.1538461538461538,0.8461538461538461,1.0,0.2307692307692307,0.8461538461538461,1.0,0.2307692307692307,0.8461538461538461,1.0,13,51.0,Berlandiera,True,Q3,R3
Bidens aristosa,0.1162790697674418,0.2558139534883721,1.0,0.1627906976744186,0.3488372093023256,1.0,0.1627906976744186,0.4651162790697674,1.0,0.1860465116279069,0.4186046511627907,1.0,0.1627906976744186,0.3953488372093023,1.0,0.1627906976744186,0.3720930232558139,1.0,43,76.0,Bidens,True,Q4 high,R3
Bidens polylepis,0.0588235294117647,0.3529411764705882,1.0,0.2941176470588235,0.4705882352941176,1.0,0.1764705882352941,0.6470588235294118,1.0,0.1764705882352941,0.6470588235294118,1.0,0.1176470588235294,0.5882352941176471,1.0,0.0588235294117647,0.2941176470588235,1.0,17,30.0,Bidens,True,Q3,R2
Boerhavia wrightii,1.0,1.0,1.0,1.0,1.0,1.0,1.0,1.0,1.0,0.0,0.0,0.0,1.0,1.0,1.0,1.0,1.0,1.0,1,17.0,Boerhavia,True,Q1 low,narrow
Boltonia diffusa,0.0,0.0,0.0,0.0,0.0,0.0,0.0,0.0,0.0,0.0,0.0,0.0,0.0,0.0,0.0,0.0,0.0,0.0,5,23.0,Boltonia,True,Q2,R2
Borodinia laevigata,0.0,0.0,0.0,1.0,1.0,1.0,0.0,0.0,0.0,0.0,1.0,0.0,1.0,1.0,1.0,0.0,1.0,0.0,1,128.0,Borodinia,False,Q1 low,wide
Bouteloua curtipendula,0.0,0.0,0.0,0.0,1.0,0.0,0.0,0.0,0.0,0.0,0.0,0.0,0.0,0.0,0.0,0.0,0.0,0.0,1,122.0,Bouteloua,False,Q1 low,wide
Bouteloua dactyloides,0.0,1.0,0.0,0.0,0.0,0.0,0.0,1.0,0.0,0.0,0.0,0.0,0.0,1.0,0.0,1.0,1.0,1.0,1,44.0,Bouteloua,False,Q1 low,R3
Bouteloua hirsuta,0.0,1.0,0.0,0.0,1.0,0.0,0.0,1.0,0.0,0.0,1.0,0.0,1.0,1.0,1.0,0.0,1.0,0.0,1,26.0,Bouteloua,False,Q1 low,R2
Brasenia schreberi,0.0,0.0,0.0,0.0,0.0,0.0,0.0,0.0,0.0,0.0,0.0,0.0,0.0,0.0,0.0,0.0,0.0,0.0,1,245.0,Brasenia,False,Q1 low,wide
Brassica tournefortii,0.2142857142857142,0.6428571428571429,1.0,0.0714285714285714,0.2142857142857142,1.0,0.3571428571428571,0.7857142857142857,1.0,0.0714285714285714,0.4285714285714285,1.0,0.0714285714285714,0.5714285714285714,1.0,0.1428571428571428,0.5,1.0,14,50.0,Brassica,True,Q3,R3
Brickellia desertorum,0.0,0.5,0.0,0.0,0.0,0.0,0.0,0.0,0.0,0.0,0.5,0.0,0.0,0.5,0.0,0.0,0.5,0.0,2,7.0,Brickellia,True,Q1 low,narrow
Bromus inermis,0.0,0.0,0.0,0.0,0.5,0.0,0.25,0.75,1.0,0.25,0.75,1.0,0.25,0.75,1.0,0.5,0.75,1.0,4,110.0,Bromus,True,Q2,wide
Buchnera americana,0.0,0.0,0.0,0.0,0.0,0.0,0.0,0.0,0.0,0.0,0.0,0.0,0.0,0.0,0.0,0.0,0.0,0.0,1,26.0,Buchnera,False,Q1 low,R2
Bursera microphylla,1.0,1.0,1.0,0.0,0.0,0.0,1.0,1.0,1.0,0.0,1.0,0.0,1.0,1.0,1.0,0.0,1.0,0.0,1,13.0,Bursera,True,Q1 low,narrow
Callicarpa americana,0.0625,0.125,1.0,0.0625,0.25,1.0,0.0625,0.1875,1.0,0.0625,0.25,1.0,0.0625,0.3125,1.0,0.0625,0.125,1.0,16,390.0,Callicarpa,False,Q3,wide
Callirhoe leiocarpa,0.0,0.6666666666666666,0.0,0.3333333333333333,0.3333333333333333,1.0,0.3333333333333333,0.3333333333333333,1.0,0.0,0.3333333333333333,0.0,0.3333333333333333,0.3333333333333333,1.0,0.3333333333333333,0.3333333333333333,1.0,3,41.0,Callirhoe,True,Q2,R3
Calochortus elegans,0.0,0.0,0.0,0.0,0.0,0.0,0.0,0.0,0.0,0.0,0.0,0.0,0.0,0.0,0.0,0.0,0.0,0.0,1,47.0,Calochortus,True,Q1 low,R3
Calochortus eurycarpus,0.5,0.5,1.0,0.5,0.5,1.0,0.5,0.5,1.0,0.5,0.5,1.0,0.5,0.5,1.0,0.5,0.5,1.0,2,73.0,Calochortus,True,Q1 low,R3
Calochortus invenustus,0.0,0.5,0.0,0.5,0.5,1.0,0.25,0.5,1.0,0.5,0.5,1.0,0.5,0.75,1.0,0.25,0.75,1.0,4,16.0,Calochortus,True,Q2,narrow
Calochortus palmeri,0.0,0.3333333333333333,0.0,0.6666666666666666,1.0,1.0,0.0,0.3333333333333333,0.0,0.3333333333333333,0.3333333333333333,1.0,0.6666666666666666,1.0,1.0,0.6666666666666666,1.0,1.0,3,14.0,Calochortus,True,Q2,narrow
Calochortus subalpinus,0.0,1.0,0.0,1.0,1.0,1.0,1.0,1.0,1.0,1.0,1.0,1.0,1.0,1.0,1.0,1.0,1.0,1.0,1,22.0,Calochortus,True,Q1 low,R2
Calochortus superbus,0.0,0.5,0.0,0.5,1.0,1.0,0.0,0.5,0.0,0.0,0.5,0.0,1.0,1.0,1.0,0.0,1.0,0.0,2,33.0,Calochortus,True,Q1 low,R2
Calochortus uniflorus,0.0,0.0,0.0,1.0,1.0,1.0,0.0,1.0,0.0,0.0,0.0,0.0,1.0,1.0,1.0,0.0,1.0,0.0,1,19.0,Calochortus,True,Q1 low,narrow
Calystegia purpurata,0.1428571428571428,0.4285714285714285,1.0,0.7142857142857143,0.8571428571428571,1.0,0.2857142857142857,0.4285714285714285,1.0,0.2857142857142857,0.7142857142857143,1.0,0.5714285714285714,0.8571428571428571,1.0,0.5714285714285714,0.8571428571428571,1.0,7,17.0,Calystegia,True,Q3,narrow
Camassia scilloides,0.0625,0.125,1.0,0.0625,0.1875,1.0,0.15625,0.1875,1.0,0.1875,0.34375,1.0,0.21875,0.3125,1.0,0.09375,0.375,1.0,32,201.0,Camassia,True,Q4 high,wide
Camissoniopsis bistorta,0.0,0.2222222222222222,0.0,0.1111111111111111,0.4444444444444444,1.0,0.3333333333333333,0.4444444444444444,1.0,0.1111111111111111,0.4444444444444444,1.0,0.3333333333333333,0.5555555555555556,1.0,0.3333333333333333,0.6666666666666666,1.0,9,16.0,Camissoniopsis,True,Q3,narrow
Cardamine diphylla,0.0,0.1428571428571428,0.0,0.4285714285714285,0.5714285714285714,1.0,0.1428571428571428,0.1428571428571428,1.0,0.1428571428571428,0.2857142857142857,1.0,0.2857142857142857,0.7142857142857143,1.0,0.4285714285714285,0.7142857142857143,1.0,7,189.0,Cardamine,True,Q3,wide
Cardamine nuttallii,0.0,0.0,0.0,0.0,0.0,0.0,0.0,0.0,0.0,0.0,0.0,0.0,0.0,0.0,0.0,0.0,0.0,0.0,3,55.0,Cardamine,True,Q2,R3
Cardiospermum halicacabum,0.0,0.0,0.0,0.0,0.0,0.0,0.0,0.0,0.0,0.0,0.0,0.0,0.0,0.0,0.0,0.0,0.0,0.0,1,66.0,Cardiospermum,False,Q1 low,R3
Carica papaya,1.0,1.0,1.0,0.0,0.0,0.0,0.0,1.0,0.0,0.0,0.0,0.0,0.0,1.0,0.0,0.0,1.0,0.0,1,23.0,Carica,False,Q1 low,R2
Cartrema americana,0.5,0.5,1.0,0.5,0.5,1.0,0.5,0.5,1.0,0.5,0.5,1.0,0.5,0.5,1.0,0.5,0.5,1.0,2,106.0,Cartrema,False,Q1 low,wide
Castanea dentata,0.0625,0.125,1.0,0.0,0.0625,0.0,0.1875,0.3125,1.0,0.0625,0.3125,1.0,0.0625,0.1875,1.0,0.125,0.375,1.0,16,170.0,Castanea,True,Q3,wide
Castanea mollissima,0.0,0.0909090909090909,0.0,0.0,0.0,0.0,0.0909090909090909,0.1818181818181818,1.0,0.0909090909090909,0.1818181818181818,1.0,0.0909090909090909,0.1818181818181818,1.0,0.0,0.1818181818181818,0.0,11,210.0,Castanea,True,Q3,wide
Castilleja attenuata,0.0,0.0,0.0,0.0,1.0,0.0,0.0,0.0,0.0,0.0,0.0,0.0,0.0,1.0,0.0,1.0,1.0,1.0,1,50.0,Castilleja,True,Q1 low,R3
Castilleja densiflora,0.0,0.6666666666666666,0.0,0.6666666666666666,0.6666666666666666,1.0,0.6666666666666666,0.6666666666666666,1.0,0.6666666666666666,0.6666666666666666,1.0,0.6666666666666666,0.6666666666666666,1.0,0.6666666666666666,0.6666666666666666,1.0,3,23.0,Castilleja,True,Q2,R2
Castilleja rhexiifolia,0.0,0.6,0.0,0.6,0.8,1.0,0.4,1.0,1.0,0.4,1.0,1.0,0.8,1.0,1.0,0.8,1.0,1.0,5,26.0,Castilleja,True,Q2,R2
Ceanothus americanus,0.0211267605633802,0.0492957746478873,1.0,0.0,0.0211267605633802,0.0,0.0352112676056338,0.1478873239436619,1.0,0.0422535211267605,0.1408450704225352,1.0,0.0492957746478873,0.1971830985915492,1.0,0.028169014084507,0.176056338028169,1.0,142,288.0,Ceanothus,True,Q4 high,wide
Ceanothus verrucosus,0.0,0.0,0.0,0.6666666666666666,0.6666666666666666,1.0,0.6666666666666666,0.6666666666666666,1.0,0.6666666666666666,0.6666666666666666,1.0,0.3333333333333333,0.6666666666666666,1.0,0.6666666666666666,0.6666666666666666,1.0,3,3.0,Ceanothus,True,Q2,narrow
Cenchrus setaceus,0.0,0.0,0.0,0.0,0.0,0.0,0.0,0.0,0.0,0.0,0.0,0.0,0.0,0.0,0.0,0.0,0.0,0.0,1,33.0,Cenchrus,False,Q1 low,R2
Centaurea cyanus,0.0655737704918032,0.2131147540983606,1.0,0.0983606557377049,0.3934426229508196,1.0,0.1147540983606557,0.3934426229508196,1.0,0.1311475409836065,0.3770491803278688,1.0,0.0983606557377049,0.3770491803278688,1.0,0.1147540983606557,0.3770491803278688,1.0,61,222.0,Centaurea,True,Q4 high,wide
Centromadia pungens,0.0769230769230769,0.3846153846153846,1.0,0.4615384615384615,0.7692307692307693,1.0,0.2307692307692307,0.6153846153846154,1.0,0.3846153846153846,0.6153846153846154,1.0,0.3846153846153846,0.7692307692307693,1.0,0.4615384615384615,0.7692307692307693,1.0,13,16.0,Centromadia,True,Q3,narrow
Cerastium fontanum,0.2857142857142857,0.2857142857142857,1.0,0.2857142857142857,0.4285714285714285,1.0,0.1428571428571428,0.5714285714285714,1.0,0.1428571428571428,0.4285714285714285,1.0,0.2857142857142857,0.5714285714285714,1.0,0.2857142857142857,0.4285714285714285,1.0,7,116.0,Cerastium,True,Q3,wide
Cerastium velutinum,0.0,0.0,0.0,0.25,0.25,1.0,0.0,0.0,0.0,0.0,0.0,0.0,0.0,0.0,0.0,0.0,0.25,0.0,4,10.0,Cerastium,True,Q2,narrow
Ceratiola ericoides,1.0,1.0,1.0,0.0,0.0,0.0,1.0,1.0,1.0,0.0,1.0,0.0,0.0,1.0,0.0,0.0,1.0,0.0,1,25.0,Ceratiola,False,Q1 low,R2
Cercis occidentalis,0.2307692307692307,0.4615384615384615,1.0,0.1538461538461538,0.3076923076923077,1.0,0.1538461538461538,0.4615384615384615,1.0,0.1538461538461538,0.3846153846153846,1.0,0.2307692307692307,0.5384615384615384,1.0,0.1538461538461538,0.4615384615384615,1.0,13,49.0,Cercis,False,Q3,R3
Cercocarpus montanus,0.0,0.0,0.0,0.0,0.0,0.0,0.0,0.0,0.0,0.0,0.0,0.0,0.0,0.0,0.0,0.0,0.0,0.0,4,59.0,Cercocarpus,True,Q2,R3
Chaenactis glabriuscula,0.1428571428571428,0.238095238095238,1.0,0.119047619047619,0.3809523809523809,1.0,0.119047619047619,0.4523809523809524,1.0,0.119047619047619,0.4285714285714285,1.0,0.1428571428571428,0.5476190476190477,1.0,0.1428571428571428,0.4285714285714285,1.0,42,32.0,Chaenactis,True,Q4 high,R2
Chamaenerion angustifolium,0.0208333333333333,0.1875,1.0,0.0416666666666666,0.1770833333333333,1.0,0.1041666666666666,0.34375,1.0,0.1041666666666666,0.3541666666666667,1.0,0.1041666666666666,0.34375,1.0,0.1041666666666666,0.40625,1.0,96,496.0,Chamaenerion,False,Q4 high,wide
Chimaphila maculata,0.0,0.5,0.0,0.5,1.0,1.0,1.0,1.0,1.0,1.0,1.0,1.0,1.0,1.0,1.0,1.0,1.0,1.0,2,412.0,Chimaphila,False,Q1 low,wide
Chimaphila umbellata,0.0,0.1111111111111111,0.0,0.3333333333333333,1.0,1.0,0.5555555555555556,1.0,1.0,0.4444444444444444,1.0,1.0,0.4444444444444444,1.0,1.0,0.5555555555555556,1.0,1.0,9,431.0,Chimaphila,False,Q3,wide
Chiococca alba,0.0,0.0,0.0,0.0,0.0,0.0,0.0,0.0,0.0,0.0,0.25,0.0,0.0,0.0,0.0,0.0,0.0,0.0,4,26.0,Chiococca,False,Q2,R2
Chorispora tenella,0.0,0.6666666666666666,0.0,0.6666666666666666,0.6666666666666666,1.0,0.3333333333333333,1.0,1.0,0.6666666666666666,0.6666666666666666,1.0,0.6666666666666666,1.0,1.0,0.6666666666666666,1.0,1.0,3,102.0,Chorispora,False,Q2,R3
Chorizanthe rigida,1.0,1.0,1.0,1.0,1.0,1.0,1.0,1.0,1.0,1.0,1.0,1.0,1.0,1.0,1.0,1.0,1.0,1.0,1,68.0,Chorizanthe,True,Q1 low,R3
Chromolaena odorata,0.0975609756097561,0.2682926829268293,1.0,0.0853658536585365,0.2317073170731707,1.0,0.073170731707317,0.3536585365853658,1.0,0.073170731707317,0.3414634146341463,1.0,0.1097560975609756,0.3780487804878049,1.0,0.1219512195121951,0.3902439024390244,1.0,82,52.0,Chromolaena,False,Q4 high,R3
Chrysobalanus icaco,0.1,0.35,1.0,0.1,0.4,1.0,0.05,0.45,1.0,0.1,0.35,1.0,0.1,0.4,1.0,0.1,0.4,1.0,20,20.0,Chrysobalanus,False,Q4 high,narrow
Chrysolepis chrysophylla,0.5,0.5,1.0,0.5,0.5,1.0,0.5,1.0,1.0,0.5,1.0,1.0,0.5,1.0,1.0,0.5,1.0,1.0,2,31.0,Chrysolepis,True,Q1 low,R2
Chrysothamnus viscidiflorus,0.0697674418604651,0.2325581395348837,1.0,0.0697674418604651,0.1860465116279069,1.0,0.1395348837209302,0.3488372093023256,1.0,0.1860465116279069,0.3720930232558139,1.0,0.1395348837209302,0.3255813953488372,1.0,0.0930232558139534,0.3255813953488372,1.0,43,63.0,Chrysothamnus,False,Q4 high,R3
Chylismia cardiophylla,0.6666666666666666,0.6666666666666666,1.0,0.6666666666666666,1.0,1.0,0.6666666666666666,0.6666666666666666,1.0,0.3333333333333333,0.6666666666666666,1.0,0.6666666666666666,1.0,1.0,0.6666666666666666,1.0,1.0,3,20.0,Chylismia,True,Q2,narrow
Cirsium andersonii,0.1818181818181818,0.2727272727272727,1.0,0.1818181818181818,0.5454545454545454,1.0,0.2727272727272727,0.8181818181818182,1.0,0.3636363636363636,0.7272727272727273,1.0,0.2727272727272727,0.8181818181818182,1.0,0.2727272727272727,0.7272727272727273,1.0,11,31.0,Cirsium,True,Q3,R2
Cirsium occidentale,0.15,0.3,1.0,0.05,0.2,1.0,0.15,0.4,1.0,0.15,0.3,1.0,0.125,0.375,1.0,0.075,0.325,1.0,40,116.0,Cirsium,True,Q4 high,wide
Cirsium remotifolium,0.3333333333333333,0.6666666666666666,1.0,0.3333333333333333,1.0,1.0,0.6666666666666666,1.0,1.0,1.0,1.0,1.0,1.0,1.0,1.0,1.0,1.0,1.0,3,11.0,Cirsium,True,Q2,narrow
Cirsium undulatum,0.0408163265306122,0.2040816326530612,1.0,0.1020408163265306,0.4081632653061224,1.0,0.1428571428571428,0.4489795918367347,1.0,0.1632653061224489,0.5102040816326531,1.0,0.1428571428571428,0.5510204081632653,1.0,0.1428571428571428,0.4693877551020408,1.0,49,125.0,Cirsium,True,Q4 high,wide
Clarkia cylindrica,0.3333333333333333,0.3333333333333333,1.0,0.3333333333333333,0.3333333333333333,1.0,0.0,0.3333333333333333,0.0,0.0,0.3333333333333333,0.0,0.3333333333333333,0.6666666666666666,1.0,0.3333333333333333,0.6666666666666666,1.0,3,11.0,Clarkia,True,Q2,narrow
Clarkia rhomboidea,0.25,0.5,1.0,0.5,0.75,1.0,0.5,0.75,1.0,0.75,1.0,1.0,0.75,1.0,1.0,0.5,1.0,1.0,4,73.0,Clarkia,True,Q2,R3
Claytonia gypsophiloides,0.0,0.0,0.0,0.0,0.0,0.0,0.0,0.0,0.0,0.0,0.0,0.0,0.0,0.0,0.0,0.0,0.0,0.0,1,9.0,Claytonia,True,Q1 low,narrow
Claytonia perfoliata,0.0476190476190476,0.1904761904761904,1.0,0.0,0.0952380952380952,0.0,0.1428571428571428,0.3809523809523809,1.0,0.1428571428571428,0.3333333333333333,1.0,0.0476190476190476,0.3809523809523809,1.0,0.0476190476190476,0.3809523809523809,1.0,21,142.0,Claytonia,True,Q4 high,wide
Claytonia sibirica,0.0,0.5,0.0,0.0,0.1,0.0,0.4,0.7,1.0,0.5,0.7,1.0,0.3,0.6,1.0,0.0,0.6,0.0,10,105.0,Claytonia,True,Q3,wide
Clematis virginiana,0.0503597122302158,0.158273381294964,1.0,0.0359712230215827,0.1726618705035971,1.0,0.0503597122302158,0.2086330935251798,1.0,0.0431654676258992,0.1654676258992805,1.0,0.0431654676258992,0.1510791366906475,1.0,0.0431654676258992,0.158273381294964,1.0,139,310.0,Clematis,True,Q4 high,wide
Cliftonia monophylla,0.0,0.0,0.0,0.0,0.0,0.0,0.0,0.0,0.0,0.0,0.0,0.0,0.0,0.0,0.0,0.0,0.0,0.0,1,28.0,Cliftonia,False,Q1 low,R2
Clinopodium chandleri,0.0,1.0,0.0,0.0,0.0,0.0,1.0,1.0,1.0,0.0,1.0,0.0,0.0,1.0,0.0,1.0,1.0,1.0,1,4.0,Clinopodium,True,Q1 low,narrow
Cochemiea dioica,0.0,0.6666666666666666,0.0,0.6666666666666666,0.6666666666666666,1.0,0.3333333333333333,0.6666666666666666,1.0,0.3333333333333333,0.6666666666666666,1.0,0.3333333333333333,0.6666666666666666,1.0,0.6666666666666666,0.6666666666666666,1.0,3,8.0,Cochemiea,False,Q2,narrow
Collinsia verna,0.04,0.12,1.0,0.04,0.12,1.0,0.16,0.24,1.0,0.12,0.28,1.0,0.12,0.36,1.0,0.12,0.36,1.0,25,67.0,Collinsia,True,Q4 high,R3
Colocasia esculenta,0.0,0.0,0.0,0.0,1.0,0.0,1.0,1.0,1.0,1.0,1.0,1.0,1.0,1.0,1.0,1.0,1.0,1.0,1,39.0,Colocasia,False,Q1 low,R2
Comarum palustre,0.0,0.0,0.0,0.0,0.25,0.0,0.0,0.5,0.0,0.0,0.5,0.0,0.0,0.5,0.0,0.0,0.5,0.0,4,102.0,Comarum,False,Q2,R3
Commelina diffusa,0.3333333333333333,0.3333333333333333,1.0,0.3333333333333333,0.3333333333333333,1.0,0.3333333333333333,0.3333333333333333,1.0,0.3333333333333333,0.3333333333333333,1.0,0.3333333333333333,0.3333333333333333,1.0,0.3333333333333333,0.3333333333333333,1.0,3,50.0,Commelina,True,Q2,R3
Comptonia peregrina,0.2,0.2,1.0,0.0,0.2,0.0,0.0,0.2,0.0,0.0,0.4,0.0,0.2,0.4,1.0,0.2,0.2,1.0,5,144.0,Comptonia,False,Q2,wide
Conium maculatum,0.0625,0.140625,1.0,0.09375,0.328125,1.0,0.046875,0.21875,1.0,0.0625,0.296875,1.0,0.0625,0.28125,1.0,0.0625,0.25,1.0,64,626.0,Conium,False,Q4 high,wide
Cordylanthus rigidus,0.2,0.4,1.0,0.3,0.4,1.0,0.3,0.6,1.0,0.6,0.6,1.0,0.4,0.7,1.0,0.6,0.6,1.0,10,25.0,Cordylanthus,True,Q3,R2
Coreopsis leavenworthii,0.1333333333333333,0.5333333333333333,1.0,0.0,0.2666666666666666,0.0,0.1333333333333333,0.2666666666666666,1.0,0.1333333333333333,0.5333333333333333,1.0,0.3333333333333333,0.6,1.0,0.2666666666666666,0.7333333333333333,1.0,15,28.0,Coreopsis,True,Q3,R2
Cornus foemina,0.2,0.4,1.0,0.4,0.4,1.0,0.4,0.4,1.0,0.4,0.4,1.0,0.2,0.4,1.0,0.0,0.4,0.0,5,26.0,Cornus,True,Q2,R2
Corydalis aurea,0.0,0.0,0.0,0.0,0.0,0.0,0.2,0.6,1.0,0.2,0.8,1.0,0.2,0.8,1.0,0.0,0.6,0.0,5,130.0,Corydalis,True,Q2,wide
Crataegus crus-galli,0.0526315789473684,0.1052631578947368,1.0,0.1578947368421052,0.4210526315789473,1.0,0.1052631578947368,0.2105263157894736,1.0,0.1052631578947368,0.2105263157894736,1.0,0.1052631578947368,0.3157894736842105,1.0,0.1578947368421052,0.4210526315789473,1.0,19,118.0,Crataegus,True,Q4 high,wide
Crotalaria rotundifolia,0.0,0.5,0.0,0.5,0.5,1.0,0.0,0.0,0.0,0.0,0.0,0.0,0.0,0.5,0.0,0.5,0.5,1.0,2,42.0,Crotalaria,True,Q1 low,R3
Croton michauxii,0.0,0.0,0.0,0.0,0.0,0.0,0.0,0.0,0.0,0.0,0.0,0.0,0.0,0.0,0.0,0.0,0.0,0.0,1,23.0,Croton,True,Q1 low,R2
Cucumis melo,0.0,0.1739130434782608,0.0,0.0434782608695652,0.217391304347826,1.0,0.0869565217391304,0.3043478260869565,1.0,0.0869565217391304,0.391304347826087,1.0,0.217391304347826,0.3043478260869565,1.0,0.1304347826086956,0.391304347826087,1.0,23,43.0,Cucumis,False,Q4 high,R3
Cydonia oblonga,0.0,0.0,0.0,0.0,0.5,0.0,0.0,0.5,0.0,0.0,0.0,0.0,0.0,0.5,0.0,0.0,0.5,0.0,2,31.0,Cydonia,False,Q1 low,R2
Cylindropuntia echinocarpa,0.5,0.8333333333333334,1.0,0.3333333333333333,1.0,1.0,0.3333333333333333,0.8333333333333334,1.0,0.3333333333333333,0.8333333333333334,1.0,0.3333333333333333,1.0,1.0,0.3333333333333333,1.0,1.0,6,64.0,Cylindropuntia,True,Q2,R3
Cynoglossum officinale,0.0303030303030303,0.2727272727272727,1.0,0.2121212121212121,0.4545454545454545,1.0,0.2424242424242424,0.5454545454545454,1.0,0.2424242424242424,0.5454545454545454,1.0,0.303030303030303,0.5757575757575758,1.0,0.2727272727272727,0.4545454545454545,1.0,33,105.0,Cynoglossum,False,Q4 high,wide
Delphinium treleasei,0.0,0.0,0.0,0.0,1.0,0.0,0.0,1.0,0.0,1.0,1.0,1.0,0.0,0.0,0.0,0.0,1.0,0.0,1,4.0,Delphinium,True,Q1 low,narrow
Delphinium variegatum,0.0,1.0,0.0,0.3333333333333333,0.6666666666666666,1.0,0.0,0.6666666666666666,0.0,0.3333333333333333,0.3333333333333333,1.0,0.3333333333333333,0.3333333333333333,1.0,0.3333333333333333,0.6666666666666666,1.0,3,17.0,Delphinium,True,Q2,narrow
Desmodium canadense,0.0952380952380952,0.238095238095238,1.0,0.0714285714285714,0.3333333333333333,1.0,0.1904761904761904,0.4761904761904761,1.0,0.1904761904761904,0.4523809523809524,1.0,0.119047619047619,0.4047619047619047,1.0,0.0714285714285714,0.4285714285714285,1.0,42,185.0,Desmodium,True,Q4 high,wide
Desmodium sessilifolium,0.0,0.1428571428571428,0.0,0.2142857142857142,0.5,1.0,0.0,0.2142857142857142,0.0,0.0,0.0714285714285714,0.0,0.2142857142857142,0.5,1.0,0.2142857142857142,0.5,1.0,14,22.0,Desmodium,True,Q3,R2
Diapensia lapponica,0.0,0.0,0.0,0.0,0.0,0.0,0.125,0.375,1.0,0.125,0.375,1.0,0.125,0.625,1.0,0.125,0.5,1.0,8,8.0,Diapensia,False,Q3,narrow
Dicentra eximia,0.0833333333333333,0.25,1.0,0.5,0.8333333333333334,1.0,0.3333333333333333,0.6666666666666666,1.0,0.4166666666666667,0.75,1.0,0.5,0.9166666666666666,1.0,0.4166666666666667,0.9166666666666666,1.0,12,59.0,Dicentra,True,Q3,R3
Dichanthelium clandestinum,0.0,0.2,0.0,0.0,0.4,0.0,0.0,0.4,0.0,0.2,0.4,1.0,0.2,0.4,1.0,0.0,0.4,0.0,5,55.0,Dichanthelium,False,Q2,R3
Dichelostemma volubile,0.0,0.0,0.0,1.0,1.0,1.0,0.0,1.0,0.0,0.0,0.0,0.0,0.0,1.0,0.0,0.0,1.0,0.0,1,25.0,Dichelostemma,True,Q1 low,R2
Dieteria canescens,0.0588235294117647,0.3529411764705882,1.0,0.2352941176470588,0.7058823529411765,1.0,0.1764705882352941,0.5294117647058824,1.0,0.2352941176470588,0.4705882352941176,1.0,0.1764705882352941,0.5294117647058824,1.0,0.2941176470588235,0.5294117647058824,1.0,17,94.0,Dieteria,False,Q3,R3
Diodia virginiana,0.3333333333333333,0.6666666666666666,1.0,0.6666666666666666,0.6666666666666666,1.0,0.0,0.6666666666666666,0.0,0.0,0.6666666666666666,0.0,0.0,1.0,0.0,0.0,0.6666666666666666,0.0,3,243.0,Diodia,False,Q2,wide
Diospyros virginiana,0.0,0.1363636363636363,0.0,0.0,0.1363636363636363,0.0,0.0909090909090909,0.1818181818181818,1.0,0.0909090909090909,0.1363636363636363,1.0,0.1363636363636363,0.2727272727272727,1.0,0.0909090909090909,0.2727272727272727,1.0,22,764.0,Diospyros,True,Q4 high,wide
Diplacus aurantiacus,0.1111111111111111,0.2222222222222222,1.0,0.1111111111111111,0.3333333333333333,1.0,0.0,0.5555555555555556,0.0,0.1111111111111111,0.4444444444444444,1.0,0.2222222222222222,0.7777777777777778,1.0,0.1111111111111111,0.4444444444444444,1.0,9,36.0,Diplacus,True,Q3,R2
Diplacus brevipes,0.3333333333333333,0.3333333333333333,1.0,0.3333333333333333,0.6666666666666666,1.0,0.3333333333333333,0.6666666666666666,1.0,0.3333333333333333,0.3333333333333333,1.0,0.3333333333333333,0.3333333333333333,1.0,0.3333333333333333,0.6666666666666666,1.0,3,20.0,Diplacus,True,Q2,narrow
Dipterostemon capitatus,0.2,0.2666666666666666,1.0,0.0666666666666666,0.4,1.0,0.1333333333333333,0.7333333333333333,1.0,0.1333333333333333,0.2666666666666666,1.0,0.1333333333333333,0.8,1.0,0.1333333333333333,0.6666666666666666,1.0,15,203.0,Dipterostemon,False,Q3,wide
Dithyrea californica,1.0,1.0,1.0,1.0,1.0,1.0,1.0,1.0,1.0,1.0,1.0,1.0,1.0,1.0,1.0,1.0,1.0,1.0,1,27.0,Dithyrea,False,Q1 low,R2
Draba verna,0.0,0.0,0.0,0.0,0.5,0.0,0.0,0.5,0.0,0.0,0.5,0.0,0.0,0.5,0.0,0.5,0.5,1.0,2,307.0,Draba,False,Q1 low,wide
Dryas hookeriana,0.0,0.0,0.0,0.0,0.0,0.0,0.0,0.0,0.0,0.0,0.0,0.0,0.0,0.0,0.0,0.0,0.0,0.0,1,16.0,Dryas,False,Q1 low,narrow
Dudleya edulis,0.0,0.0,0.0,0.6666666666666666,0.8333333333333334,1.0,0.6666666666666666,0.6666666666666666,1.0,0.6666666666666666,0.6666666666666666,1.0,0.6666666666666666,0.6666666666666666,1.0,0.6666666666666666,0.6666666666666666,1.0,6,5.0,Dudleya,True,Q2,narrow
Dysphania ambrosioides,0.0,0.0,0.0,0.0,0.0,0.0,0.0,1.0,0.0,0.0,1.0,0.0,0.0,1.0,0.0,0.0,1.0,0.0,1,28.0,Dysphania,False,Q1 low,R2
Echinocereus fendleri,0.0,0.0,0.0,1.0,1.0,1.0,0.0,0.0,0.0,0.0,0.0,0.0,1.0,1.0,1.0,1.0,1.0,1.0,1,35.0,Echinocereus,True,Q1 low,R2
Ehretia anacua,0.0,0.6666666666666666,0.0,0.0,0.3333333333333333,0.0,1.0,1.0,1.0,0.6666666666666666,1.0,1.0,1.0,1.0,1.0,0.6666666666666666,1.0,1.0,3,30.0,Ehretia,False,Q2,R2
Elaeagnus angustifolia,0.0909090909090909,0.3636363636363636,1.0,0.2727272727272727,0.5454545454545454,1.0,0.1818181818181818,0.4545454545454545,1.0,0.0909090909090909,0.6363636363636364,1.0,0.0909090909090909,0.4545454545454545,1.0,0.2727272727272727,0.5454545454545454,1.0,11,138.0,Elaeagnus,True,Q3,wide
Elephantopus tomentosus,0.2727272727272727,0.4545454545454545,1.0,0.0909090909090909,0.3636363636363636,1.0,0.3636363636363636,0.4545454545454545,1.0,0.2727272727272727,0.5454545454545454,1.0,0.2727272727272727,0.6363636363636364,1.0,0.3636363636363636,0.5454545454545454,1.0,11,104.0,Elephantopus,True,Q3,wide
Elymus virginicus,0.0,1.0,0.0,0.0,1.0,0.0,1.0,1.0,1.0,0.0,1.0,0.0,1.0,1.0,1.0,0.0,1.0,0.0,1,45.0,Elymus,False,Q1 low,R3
Epilobium brachycarpum,0.125,0.75,1.0,0.25,0.375,1.0,0.5,0.75,1.0,0.5,0.875,1.0,0.375,0.875,1.0,0.375,0.875,1.0,8,54.0,Epilobium,True,Q3,R3
Eremalche exilis,0.5,1.0,1.0,0.0,0.5,0.0,0.5,1.0,1.0,0.0,0.0,0.0,0.5,1.0,1.0,0.0,1.0,0.0,2,7.0,Eremalche,False,Q1 low,narrow
Eremogone congesta,0.25,0.75,1.0,0.0,0.0,0.0,0.75,0.75,1.0,0.75,0.75,1.0,0.5,0.75,1.0,0.5,0.75,1.0,4,23.0,Eremogone,True,Q2,R2
Ericameria cuneata,0.4,0.6,1.0,0.6,0.6,1.0,0.4,0.6,1.0,0.4,0.6,1.0,0.2,0.6,1.0,0.2,0.6,1.0,5,31.0,Ericameria,True,Q2,R2
Ericameria parishii,0.0,0.2,0.0,0.3,0.4,1.0,0.4,0.8,1.0,0.3,0.7,1.0,0.1,0.5,1.0,0.0,0.6,0.0,10,9.0,Ericameria,True,Q3,narrow
Ericameria resinosa,0.0,0.0,0.0,0.0,0.0,0.0,0.0,0.0,0.0,0.0,0.0,0.0,0.0,0.0,0.0,0.0,0.0,0.0,1,14.0,Ericameria,True,Q1 low,narrow
Erigeron divergens,0.0,0.0,0.0,0.0625,0.1875,1.0,0.0,0.0625,0.0,0.0625,0.0625,1.0,0.0,0.0,0.0,0.0,0.0625,0.0,16,32.0,Erigeron,True,Q3,R2
Erigeron speciosus,0.0,0.2545454545454545,0.0,0.109090909090909,0.2,1.0,0.1454545454545454,0.4363636363636363,1.0,0.1636363636363636,0.3636363636363636,1.0,0.0727272727272727,0.3090909090909091,1.0,0.1636363636363636,0.4181818181818181,1.0,55,57.0,Erigeron,True,Q4 high,R3
Eriocaulon compressum,0.0,0.0,0.0,0.0,0.0,0.0,0.0,0.0,0.0,0.0,0.0,0.0,0.0,0.0,0.0,0.0,0.0,0.0,1,22.0,Eriocaulon,True,Q1 low,R2
Eriodictyon angustifolium,0.0,1.0,0.0,0.0,1.0,0.0,1.0,1.0,1.0,0.0,1.0,0.0,0.0,1.0,0.0,0.0,1.0,0.0,1,12.0,Eriodictyon,True,Q1 low,narrow
Eriogonum gracile,0.0,0.25,0.0,0.5,0.75,1.0,0.0,0.5,0.0,0.0,1.0,0.0,0.0,0.75,0.0,0.25,0.5,1.0,4,15.0,Eriogonum,True,Q2,narrow
Eriogonum incanum,0.0,0.0,0.0,0.0,0.0,0.0,0.0,0.0,0.0,0.0,0.5,0.0,0.0,0.5,0.0,0.0,0.0,0.0,2,11.0,Eriogonum,True,Q1 low,narrow
Eriogonum plumatella,0.0,0.25,0.0,0.2,0.3,1.0,0.15,0.25,1.0,0.2,0.35,1.0,0.15,0.35,1.0,0.2,0.35,1.0,20,11.0,Eriogonum,True,Q4 high,narrow
Erodium cicutarium,0.1428571428571428,0.3061224489795918,1.0,0.1428571428571428,0.3673469387755102,1.0,0.1020408163265306,0.4081632653061224,1.0,0.1020408163265306,0.3061224489795918,1.0,0.1224489795918367,0.4489795918367347,1.0,0.1428571428571428,0.5102040816326531,1.0,49,579.0,Erodium,True,Q4 high,wide
Eryngium aristulatum,0.0,0.5,0.0,0.0,0.5,0.0,0.5,1.0,1.0,0.5,0.5,1.0,0.5,1.0,1.0,0.5,1.0,1.0,2,10.0,Eryngium,True,Q1 low,narrow
Eryngium yuccifolium,0.0365296803652968,0.1141552511415525,1.0,0.0319634703196347,0.1735159817351598,1.0,0.0410958904109589,0.1689497716894977,1.0,0.0365296803652968,0.1735159817351598,1.0,0.0410958904109589,0.1917808219178082,1.0,0.0365296803652968,0.1643835616438356,1.0,219,270.0,Eryngium,True,Q4 high,wide
Erythronium umbilicatum,0.0,0.2,0.0,0.2,0.3,1.0,0.3,0.4,1.0,0.2,0.3,1.0,0.1,0.6,1.0,0.1,0.6,1.0,10,92.0,Erythronium,True,Q3,R3
Eubotrys racemosa,1.0,1.0,1.0,1.0,1.0,1.0,1.0,1.0,1.0,1.0,1.0,1.0,1.0,1.0,1.0,1.0,1.0,1.0,2,67.0,Eubotrys,False,Q1 low,R3
Eucalyptus globulus,0.0,0.4,0.0,0.4,0.4,1.0,0.4,0.8,1.0,0.4,0.6,1.0,0.6,1.0,1.0,0.6,0.8,1.0,5,16.0,Eucalyptus,False,Q2,narrow
Euonymus atropurpureus,0.0,0.0714285714285714,0.0,0.0,0.1428571428571428,0.0,0.0,0.1428571428571428,0.0,0.0,0.0,0.0,0.0,0.0714285714285714,0.0,0.0714285714285714,0.1428571428571428,1.0,14,166.0,Euonymus,True,Q3,wide
Eupatorium capillifolium,0.1875,0.4375,1.0,0.125,0.3125,1.0,0.0625,0.3125,1.0,0.0625,0.25,1.0,0.0,0.375,0.0,0.0625,0.25,1.0,16,169.0,Eupatorium,True,Q3,wide
Eupatorium leptophyllum,0.0,0.0,0.0,0.0,0.0,0.0,0.0,0.3333333333333333,0.0,0.3333333333333333,0.3333333333333333,1.0,0.0,0.3333333333333333,0.0,0.0,0.0,0.0,3,12.0,Eupatorium,True,Q2,narrow
Euphorbia cyparissias,0.0,0.1818181818181818,0.0,0.0606060606060606,0.0606060606060606,1.0,0.0303030303030303,0.1818181818181818,1.0,0.0606060606060606,0.1515151515151515,1.0,0.0606060606060606,0.1818181818181818,1.0,0.0606060606060606,0.303030303030303,1.0,33,112.0,Euphorbia,True,Q4 high,wide
Euphorbia oblongata,0.1111111111111111,0.2222222222222222,1.0,0.1111111111111111,0.1111111111111111,1.0,0.1111111111111111,0.4444444444444444,1.0,0.1111111111111111,0.3333333333333333,1.0,0.1111111111111111,0.3333333333333333,1.0,0.1111111111111111,0.3333333333333333,1.0,9,23.0,Euphorbia,True,Q3,R2
Euphorbia serpillifolia,0.0,0.0,0.0,0.0,0.0,0.0,0.0,0.0,0.0,0.0,1.0,0.0,0.0,0.0,0.0,0.0,0.0,0.0,1,52.0,Euphorbia,True,Q1 low,R3
Euploca polyphylla,0.0,0.2,0.0,0.0,0.0,0.0,0.2,0.4,1.0,0.1,0.5,1.0,0.0,0.5,0.0,0.1,0.5,1.0,10,18.0,Euploca,False,Q3,narrow
Eurybia divaricata,0.0348837209302325,0.127906976744186,1.0,0.0930232558139534,0.2558139534883721,1.0,0.0697674418604651,0.2906976744186046,1.0,0.0581395348837209,0.2674418604651162,1.0,0.0813953488372093,0.4186046511627907,1.0,0.1046511627906976,0.3255813953488372,1.0,86,139.0,Eurybia,True,Q4 high,wide
Eurybia radulina,1.0,1.0,1.0,0.0,0.0,0.0,1.0,1.0,1.0,1.0,1.0,1.0,1.0,1.0,1.0,0.0,1.0,0.0,1,21.0,Eurybia,True,Q1 low,R2
Eurybia schreberi,0.0,0.0,0.0,0.0,0.0,0.0,0.0,0.0,0.0,0.0,0.5,0.0,0.0,0.5,0.0,0.0,0.5,0.0,2,23.0,Eurybia,True,Q1 low,R2
Eustoma exaltatum,0.0,0.0,0.0,1.0,1.0,1.0,0.0,1.0,0.0,0.0,1.0,0.0,1.0,1.0,1.0,1.0,1.0,1.0,1,91.0,Eustoma,False,Q1 low,R3
Fallugia paradoxa,0.1785714285714285,0.4285714285714285,1.0,0.0714285714285714,0.1428571428571428,1.0,0.1071428571428571,0.3571428571428571,1.0,0.1071428571428571,0.2857142857142857,1.0,0.1071428571428571,0.3928571428571428,1.0,0.0714285714285714,0.2857142857142857,1.0,28,92.0,Fallugia,False,Q4 high,R3
Forestiera segregata,0.0,0.5,0.0,0.5,1.0,1.0,0.5,0.5,1.0,0.5,1.0,1.0,0.5,1.0,1.0,0.5,1.0,1.0,2,16.0,Forestiera,False,Q1 low,narrow
Fouquieria splendens,0.2307692307692307,0.6923076923076923,1.0,0.4615384615384615,0.6923076923076923,1.0,0.3076923076923077,0.6153846153846154,1.0,0.3076923076923077,0.6153846153846154,1.0,0.3846153846153846,0.6153846153846154,1.0,0.4615384615384615,0.6923076923076923,1.0,13,115.0,Fouquieria,False,Q3,wide
Fragaria chiloensis,0.1538461538461538,0.2307692307692307,1.0,0.2307692307692307,0.3846153846153846,1.0,0.2307692307692307,0.3846153846153846,1.0,0.2307692307692307,0.2307692307692307,1.0,0.2307692307692307,0.3076923076923077,1.0,0.3076923076923077,0.4615384615384615,1.0,13,48.0,Fragaria,True,Q3,R3
Frasera albicaulis,0.0,0.5,0.0,0.5,0.625,1.0,0.375,0.875,1.0,0.375,0.75,1.0,0.375,0.625,1.0,0.5,0.625,1.0,8,33.0,Frasera,True,Q3,R2
Frasera fastigiata,0.3333333333333333,1.0,1.0,0.3333333333333333,1.0,1.0,0.6666666666666666,1.0,1.0,0.0,1.0,0.0,1.0,1.0,1.0,1.0,1.0,1.0,3,13.0,Frasera,True,Q2,narrow
Frasera parryi,0.0,0.1666666666666666,0.0,0.0,0.0,0.0,0.0,0.6666666666666666,0.0,0.0,0.3333333333333333,0.0,0.1666666666666666,0.3333333333333333,1.0,0.1666666666666666,0.5,1.0,6,6.0,Frasera,True,Q2,narrow
Fraxinus velutina,0.0,0.0,0.0,0.0,0.0,0.0,0.0,0.0,0.0,0.0,0.0,0.0,0.0,0.0,0.0,0.0,0.0,0.0,1,24.0,Fraxinus,True,Q1 low,R2
Fumaria capreolata,0.0,1.0,0.0,1.0,1.0,1.0,1.0,1.0,1.0,1.0,1.0,1.0,1.0,1.0,1.0,1.0,1.0,1.0,1,28.0,Fumaria,False,Q1 low,R2
Funastrum heterophyllum,0.1666666666666666,0.5,1.0,0.2777777777777778,0.3888888888888889,1.0,0.3333333333333333,0.6111111111111112,1.0,0.3333333333333333,0.6666666666666666,1.0,0.2777777777777778,0.5,1.0,0.2777777777777778,0.5,1.0,18,54.0,Funastrum,True,Q3,R3
Gaillardia pinnatifida,0.4444444444444444,0.7777777777777778,1.0,0.3333333333333333,0.5555555555555556,1.0,0.3333333333333333,0.8888888888888888,1.0,0.3333333333333333,0.7777777777777778,1.0,0.3333333333333333,0.8888888888888888,1.0,0.4444444444444444,0.7777777777777778,1.0,9,49.0,Gaillardia,True,Q3,R3
Galanthus nivalis,0.0909090909090909,0.2727272727272727,1.0,0.0909090909090909,0.4545454545454545,1.0,0.2727272727272727,0.4545454545454545,1.0,0.2727272727272727,0.4545454545454545,1.0,0.1818181818181818,0.5454545454545454,1.0,0.2727272727272727,0.7272727272727273,1.0,11,244.0,Galanthus,False,Q3,wide
Galearis spectabilis,0.0476190476190476,0.0952380952380952,1.0,0.0952380952380952,0.0952380952380952,1.0,0.0952380952380952,0.0952380952380952,1.0,0.0952380952380952,0.0952380952380952,1.0,0.0952380952380952,0.1904761904761904,1.0,0.0952380952380952,0.2857142857142857,1.0,21,190.0,Galearis,False,Q4 high,wide
Galium aparine,0.0952380952380952,0.0952380952380952,1.0,0.0476190476190476,0.4285714285714285,1.0,0.0476190476190476,0.1428571428571428,1.0,0.0476190476190476,0.0952380952380952,1.0,0.0476190476190476,0.1428571428571428,1.0,0.0476190476190476,0.0952380952380952,1.0,21,769.0,Galium,True,Q4 high,wide
Garberia heterophylla,0.0,0.0,0.0,0.2142857142857142,0.5714285714285714,1.0,0.2857142857142857,0.7142857142857143,1.0,0.3571428571428571,0.6428571428571429,1.0,0.2857142857142857,0.6428571428571429,1.0,0.2857142857142857,0.7142857142857143,1.0,14,18.0,Garberia,False,Q3,narrow
Gelsemium sempervirens,0.2,0.4,1.0,0.1,0.4,1.0,0.4,0.5,1.0,0.3,0.6,1.0,0.3,0.4,1.0,0.4,0.6,1.0,10,193.0,Gelsemium,False,Q3,wide
Genista monspessulana,0.6666666666666666,0.6666666666666666,1.0,0.6666666666666666,0.6666666666666666,1.0,0.6666666666666666,0.6666666666666666,1.0,0.6666666666666666,0.6666666666666666,1.0,0.6666666666666666,0.6666666666666666,1.0,0.6666666666666666,0.6666666666666666,1.0,3,47.0,Genista,False,Q2,R3
Geobalanus oblongifolius,0.0,0.2352941176470588,0.0,0.0588235294117647,0.2352941176470588,1.0,0.1764705882352941,0.4117647058823529,1.0,0.1176470588235294,0.2941176470588235,1.0,0.1176470588235294,0.2941176470588235,1.0,0.1176470588235294,0.3529411764705882,1.0,17,63.0,Geobalanus,False,Q3,R3
Geranium sanguineum,0.2222222222222222,0.3333333333333333,1.0,0.2222222222222222,0.3333333333333333,1.0,0.4444444444444444,0.5555555555555556,1.0,0.3333333333333333,0.5555555555555556,1.0,0.3333333333333333,0.5555555555555556,1.0,0.3333333333333333,0.5555555555555556,1.0,9,58.0,Geranium,True,Q3,R3
Geranium viscosissimum,0.024390243902439,0.3170731707317073,1.0,0.1707317073170731,0.3902439024390244,1.0,0.1951219512195122,0.3902439024390244,1.0,0.2195121951219512,0.4390243902439024,1.0,0.1707317073170731,0.4390243902439024,1.0,0.1463414634146341,0.4634146341463415,1.0,41,88.0,Geranium,True,Q4 high,R3
Glandularia bipinnatifida,0.2727272727272727,0.6363636363636364,1.0,0.2272727272727272,0.6818181818181818,1.0,0.2272727272727272,0.7727272727272727,1.0,0.0909090909090909,0.6818181818181818,1.0,0.0909090909090909,0.7272727272727273,1.0,0.2727272727272727,0.7727272727272727,1.0,22,76.0,Glandularia,True,Q4 high,R3
Gnaphalium palustre,1.0,1.0,1.0,1.0,1.0,1.0,1.0,1.0,1.0,0.0,1.0,0.0,1.0,1.0,1.0,1.0,1.0,1.0,1,25.0,Gnaphalium,False,Q1 low,R2
Gutierrezia microcephala,0.3333333333333333,0.3333333333333333,1.0,0.0,0.3333333333333333,0.0,0.3333333333333333,0.3333333333333333,1.0,0.3333333333333333,0.3333333333333333,1.0,0.3333333333333333,0.3333333333333333,1.0,0.3333333333333333,0.3333333333333333,1.0,3,26.0,Gutierrezia,True,Q2,R2
Gutierrezia sarothrae,0.0697674418604651,0.1395348837209302,1.0,0.1162790697674418,0.3255813953488372,1.0,0.0930232558139534,0.2558139534883721,1.0,0.0930232558139534,0.2558139534883721,1.0,0.1395348837209302,0.3255813953488372,1.0,0.1395348837209302,0.3255813953488372,1.0,43,75.0,Gutierrezia,True,Q4 high,R3
Halesia diptera,0.4,0.4,1.0,0.2,0.2,1.0,0.4,0.8,1.0,0.4,0.8,1.0,0.4,0.8,1.0,0.6,1.0,1.0,5,20.0,Halesia,False,Q2,narrow
Hamamelis virginiana,0.1875,0.4375,1.0,0.3125,0.625,1.0,0.125,0.4375,1.0,0.125,0.375,1.0,0.25,0.625,1.0,0.3125,0.75,1.0,16,391.0,Hamamelis,True,Q3,wide
Hamelia patens,0.0519480519480519,0.2077922077922078,1.0,0.0909090909090909,0.2857142857142857,1.0,0.1168831168831168,0.3246753246753247,1.0,0.0909090909090909,0.2987012987012987,1.0,0.1038961038961039,0.4025974025974026,1.0,0.1168831168831168,0.3636363636363636,1.0,77,35.0,Hamelia,False,Q4 high,R2
Hartwrightia floridana,0.0,0.3333333333333333,0.0,0.0,0.3333333333333333,0.0,0.0,0.3333333333333333,0.0,0.0,0.3333333333333333,0.0,0.0,0.3333333333333333,0.0,0.0,0.3333333333333333,0.0,3,5.0,Hartwrightia,False,Q2,narrow
Hedeoma pulegioides,0.0,0.0,0.0,0.0,0.0,0.0,0.0,0.0,0.0,0.0,0.0,0.0,0.0,0.2105263157894736,0.0,0.0526315789473684,0.2631578947368421,1.0,19,32.0,Hedeoma,False,Q4 high,R2
Helianthella castanea,0.0,0.0,0.0,0.0,0.0,0.0,0.0,0.0,0.0,0.0,0.0,0.0,0.0,0.0,0.0,0.0,1.0,0.0,1,3.0,Helianthella,True,Q1 low,narrow
Helianthus argophyllus,0.0,0.0,0.0,1.0,1.0,1.0,1.0,1.0,1.0,1.0,1.0,1.0,1.0,1.0,1.0,1.0,1.0,1.0,1,6.0,Helianthus,True,Q1 low,narrow
Helianthus giganteus,0.0,0.16,0.0,0.28,0.64,1.0,0.24,0.52,1.0,0.32,0.48,1.0,0.24,0.56,1.0,0.16,0.56,1.0,25,27.0,Helianthus,True,Q4 high,R2
Helianthus mollis,0.0833333333333333,0.25,1.0,0.2083333333333333,0.4166666666666667,1.0,0.125,0.3333333333333333,1.0,0.125,0.2916666666666667,1.0,0.125,0.375,1.0,0.1666666666666666,0.3333333333333333,1.0,24,74.0,Helianthus,True,Q4 high,R3
Heliomeris multiflora,0.0833333333333333,0.1666666666666666,1.0,0.0833333333333333,0.6666666666666666,1.0,0.4166666666666667,0.6666666666666666,1.0,0.4166666666666667,0.6666666666666666,1.0,0.3333333333333333,0.6666666666666666,1.0,0.25,0.75,1.0,12,42.0,Heliomeris,False,Q3,R3
Heliotropium indicum,0.0,0.25,0.0,0.25,0.25,1.0,0.0,0.25,0.0,0.0,0.25,0.0,0.25,0.25,1.0,0.25,0.25,1.0,4,112.0,Heliotropium,True,Q2,wide
Helminthotheca echioides,0.0727272727272727,0.4181818181818181,1.0,0.1454545454545454,0.4909090909090909,1.0,0.1272727272727272,0.509090909090909,1.0,0.1454545454545454,0.5272727272727272,1.0,0.1636363636363636,0.5454545454545454,1.0,0.1454545454545454,0.5454545454545454,1.0,55,35.0,Helminthotheca,False,Q4 high,R2
Hesperocallis undulata,0.0,1.0,0.0,0.5,0.5,1.0,1.0,1.0,1.0,0.0,1.0,0.0,0.5,1.0,1.0,1.0,1.0,1.0,2,51.0,Hesperocallis,False,Q1 low,R3
Heterotheca subaxillaris,0.0925925925925925,0.2777777777777778,1.0,0.074074074074074,0.1851851851851851,1.0,0.074074074074074,0.3888888888888889,1.0,0.0925925925925925,0.3888888888888889,1.0,0.1296296296296296,0.3888888888888889,1.0,0.0925925925925925,0.4074074074074074,1.0,54,192.0,Heterotheca,True,Q4 high,wide
Heuchera parviflora,0.0,0.0,0.0,0.0,0.0,0.0,0.0,0.0,0.0,0.0,0.0,0.0,0.0,1.0,0.0,0.0,1.0,0.0,1,18.0,Heuchera,True,Q1 low,narrow
Hexasepalum teres,0.0526315789473684,0.1578947368421052,1.0,0.2631578947368421,0.4210526315789473,1.0,0.1052631578947368,0.2631578947368421,1.0,0.0526315789473684,0.3684210526315789,1.0,0.1578947368421052,0.6842105263157895,1.0,0.1052631578947368,0.3684210526315789,1.0,19,181.0,Hexasepalum,False,Q4 high,wide
Hibiscus coccineus,0.25,0.75,1.0,0.0,0.5,0.0,0.0,0.25,0.0,0.0,0.25,0.0,0.0,0.5,0.0,0.0,0.5,0.0,4,43.0,Hibiscus,True,Q2,R3
Hibiscus laevis,0.0,0.1111111111111111,0.0,0.2222222222222222,0.4074074074074074,1.0,0.1481481481481481,0.2592592592592592,1.0,0.1481481481481481,0.3703703703703703,1.0,0.1481481481481481,0.4074074074074074,1.0,0.2222222222222222,0.4074074074074074,1.0,27,137.0,Hibiscus,True,Q4 high,wide
Hibiscus syriacus,0.0816326530612244,0.3061224489795918,1.0,0.0816326530612244,0.2857142857142857,1.0,0.1836734693877551,0.4489795918367347,1.0,0.1836734693877551,0.4489795918367347,1.0,0.1428571428571428,0.5102040816326531,1.0,0.1224489795918367,0.5714285714285714,1.0,49,241.0,Hibiscus,True,Q4 high,wide
Hirschfeldia incana,0.1095890410958904,0.2876712328767123,1.0,0.1095890410958904,0.3698630136986301,1.0,0.1095890410958904,0.4520547945205479,1.0,0.0958904109589041,0.3287671232876712,1.0,0.1232876712328767,0.4657534246575342,1.0,0.1095890410958904,0.4657534246575342,1.0,73,54.0,Hirschfeldia,False,Q4 high,R3
Holocarpha virgata,0.0,0.5,0.0,0.0,0.0,0.0,0.5,0.5,1.0,0.0,0.0,0.0,0.0,0.5,0.0,0.0,0.5,0.0,2,17.0,Holocarpha,True,Q1 low,narrow
Hordeum jubatum,0.0,0.0,0.0,0.0,0.0,0.0,0.0,0.0,0.0,0.0,0.0,0.0,0.0,0.0,0.0,0.0,0.0,0.0,1,69.0,Hordeum,True,Q1 low,R3
Hymenothrix dissecta,0.0,0.0,0.0,0.0,1.0,0.0,0.0,0.0,0.0,0.0,0.0,0.0,0.0,1.0,0.0,0.0,1.0,0.0,1,26.0,Hymenothrix,False,Q1 low,R2
Hymenoxys richardsonii,0.0,0.0,0.0,0.0,0.0,0.0,0.0,0.0,0.0,0.0,0.0,0.0,0.0,0.0,0.0,0.0,0.0,0.0,1,19.0,Hymenoxys,True,Q1 low,narrow
Hypericum fasciculatum,0.0,0.5,0.0,0.5,0.5,1.0,0.5,1.0,1.0,0.5,1.0,1.0,0.5,1.0,1.0,0.5,1.0,1.0,2,28.0,Hypericum,True,Q1 low,R2
Hypericum galioides,0.0,0.5,0.0,0.5,0.5,1.0,0.5,1.0,1.0,1.0,1.0,1.0,0.5,1.0,1.0,0.5,1.0,1.0,2,10.0,Hypericum,True,Q1 low,narrow
Hypericum mutilum,0.5,0.5,1.0,0.5,1.0,1.0,0.5,1.0,1.0,0.5,0.5,1.0,0.5,1.0,1.0,0.5,0.5,1.0,2,161.0,Hypericum,True,Q1 low,wide
Hypericum prolificum,0.081081081081081,0.1351351351351351,1.0,0.1621621621621621,0.4054054054054054,1.0,0.1891891891891892,0.3513513513513513,1.0,0.1891891891891892,0.4324324324324324,1.0,0.2162162162162162,0.3783783783783784,1.0,0.1891891891891892,0.4054054054054054,1.0,37,83.0,Hypericum,True,Q4 high,R3
Hypericum tetrapetalum,0.2,0.2,1.0,0.2,0.4,1.0,0.2,0.4,1.0,0.2,0.4,1.0,0.4,0.6,1.0,0.4,0.8,1.0,5,46.0,Hypericum,True,Q2,R3
Hypochaeris glabra,0.0,0.0,0.0,0.0,0.5,0.0,0.3333333333333333,0.5,1.0,0.3333333333333333,0.6666666666666666,1.0,0.0,0.8333333333333334,0.0,0.1666666666666666,0.6666666666666666,1.0,6,55.0,Hypochaeris,True,Q2,R3
Hypoxis juncea,0.0,0.0,0.0,0.0,0.0,0.0,0.0,0.0,0.0,0.0,0.0,0.0,0.0,0.0,0.0,0.0,0.0,0.0,1,26.0,Hypoxis,True,Q1 low,R2
Impatiens pallida,0.0857142857142857,0.1714285714285714,1.0,0.2,0.4,1.0,0.0571428571428571,0.2,1.0,0.0857142857142857,0.2571428571428571,1.0,0.0857142857142857,0.3428571428571428,1.0,0.1142857142857142,0.4571428571428571,1.0,35,309.0,Impatiens,True,Q4 high,wide
Indigofera spicata,0.0,0.6666666666666666,0.0,0.3333333333333333,0.6666666666666666,1.0,0.0,1.0,0.0,0.0,0.6666666666666666,0.0,0.3333333333333333,1.0,1.0,0.3333333333333333,1.0,1.0,3,36.0,Indigofera,True,Q2,R2
Inula helenium,0.0416666666666666,0.25,1.0,0.125,0.3333333333333333,1.0,0.25,0.6666666666666666,1.0,0.2083333333333333,0.5416666666666666,1.0,0.2083333333333333,0.5416666666666666,1.0,0.25,0.625,1.0,24,52.0,Inula,False,Q4 high,R3
Ipomoea purpurea,0.027027027027027,0.081081081081081,1.0,0.1081081081081081,0.2162162162162162,1.0,0.081081081081081,0.2162162162162162,1.0,0.1081081081081081,0.2162162162162162,1.0,0.1081081081081081,0.2702702702702703,1.0,0.1081081081081081,0.2432432432432432,1.0,37,185.0,Ipomoea,True,Q4 high,wide
Iris savannarum,0.0,0.25,0.0,0.25,0.25,1.0,0.0,0.5,0.0,0.25,0.5,1.0,0.25,1.0,1.0,0.25,0.75,1.0,4,32.0,Iris,True,Q2,R2
Iva axillaris,0.0,0.0,0.0,0.0,0.0,0.0,0.0,1.0,0.0,0.0,0.0,0.0,0.0,0.0,0.0,0.0,0.0,0.0,1,18.0,Iva,True,Q1 low,narrow
Jacobaea vulgaris,0.048780487804878,0.1707317073170731,1.0,0.073170731707317,0.2439024390243902,1.0,0.0975609756097561,0.4146341463414634,1.0,0.0975609756097561,0.4146341463414634,1.0,0.073170731707317,0.4634146341463415,1.0,0.0975609756097561,0.4390243902439024,1.0,41,63.0,Jacobaea,False,Q4 high,R3
Jeffersonia diphylla,0.2,0.2,1.0,0.2,0.4,1.0,0.4,0.4,1.0,0.2,0.2,1.0,0.2,0.6,1.0,0.2,0.4,1.0,5,136.0,Jeffersonia,False,Q2,wide
Johnstonella angustifolia,0.2,0.6666666666666666,1.0,0.1333333333333333,0.4,1.0,0.3333333333333333,0.6666666666666666,1.0,0.0666666666666666,0.5333333333333333,1.0,0.2666666666666666,0.6,1.0,0.2666666666666666,0.7333333333333333,1.0,15,36.0,Johnstonella,False,Q3,R2
Justicia californica,0.2083333333333333,0.5416666666666666,1.0,0.0833333333333333,0.3333333333333333,1.0,0.1666666666666666,0.5416666666666666,1.0,0.25,0.5,1.0,0.25,0.7083333333333334,1.0,0.1666666666666666,0.6666666666666666,1.0,24,32.0,Justicia,True,Q4 high,R2
Justicia pilosella,1.0,1.0,1.0,0.0,1.0,0.0,0.0,1.0,0.0,0.0,1.0,0.0,0.0,1.0,0.0,0.0,1.0,0.0,1,63.0,Justicia,True,Q1 low,R3
Kallstroemia grandiflora,0.1666666666666666,0.3333333333333333,1.0,0.5,0.5,1.0,0.3333333333333333,0.3333333333333333,1.0,0.3333333333333333,0.5,1.0,0.1666666666666666,0.5,1.0,0.3333333333333333,0.5,1.0,6,31.0,Kallstroemia,True,Q2,R2
Kalmia microphylla,0.0,1.0,0.0,0.0,0.0,0.0,1.0,1.0,1.0,0.0,1.0,0.0,1.0,1.0,1.0,1.0,1.0,1.0,1,79.0,Kalmia,True,Q1 low,R3
Keckiella rothrockii,0.6666666666666666,0.6666666666666666,1.0,0.3333333333333333,1.0,1.0,1.0,1.0,1.0,0.6666666666666666,1.0,1.0,1.0,1.0,1.0,1.0,1.0,1.0,3,3.0,Keckiella,True,Q2,narrow
Kerria japonica,1.0,1.0,1.0,1.0,1.0,1.0,1.0,1.0,1.0,1.0,1.0,1.0,1.0,1.0,1.0,1.0,1.0,1.0,1,37.0,Kerria,False,Q1 low,R2
Kolkwitzia amabilis,0.1111111111111111,0.2222222222222222,1.0,0.0,0.0,0.0,0.1666666666666666,0.5555555555555556,1.0,0.1111111111111111,0.2777777777777778,1.0,0.2777777777777778,0.5,1.0,0.2222222222222222,0.6111111111111112,1.0,18,22.0,Kolkwitzia,False,Q3,R2
Lactuca virosa,0.0,0.0,0.0,0.0,0.0,0.0,0.0,0.0,0.0,0.0,0.0,0.0,0.0,0.0,0.0,0.0,0.0,0.0,1,11.0,Lactuca,True,Q1 low,narrow
Lantana velutina,0.0,0.2222222222222222,0.0,0.3333333333333333,0.5555555555555556,1.0,0.1111111111111111,0.5555555555555556,1.0,0.1111111111111111,0.5555555555555556,1.0,0.1111111111111111,0.5555555555555556,1.0,0.1111111111111111,0.5555555555555556,1.0,9,7.0,Lantana,True,Q3,narrow
Leontodon saxatilis,0.0,1.0,0.0,0.0,0.0,0.0,1.0,1.0,1.0,1.0,1.0,1.0,0.0,1.0,0.0,0.0,0.0,0.0,1,28.0,Leontodon,False,Q1 low,R2
Leptosiphon androsaceus,1.0,1.0,1.0,0.0,0.0,0.0,0.0,0.0,0.0,0.0,0.0,0.0,0.0,0.0,0.0,0.0,0.0,0.0,1,15.0,Leptosiphon,True,Q1 low,narrow
Lespedeza bicolor,0.5,1.0,1.0,1.0,1.0,1.0,1.0,1.0,1.0,0.5,1.0,1.0,0.5,1.0,1.0,1.0,1.0,1.0,2,53.0,Lespedeza,True,Q1 low,R3
Lespedeza capitata,0.0652173913043478,0.1739130434782608,1.0,0.1304347826086956,0.4130434782608695,1.0,0.1304347826086956,0.391304347826087,1.0,0.1739130434782608,0.4130434782608695,1.0,0.1521739130434782,0.4347826086956521,1.0,0.1521739130434782,0.5217391304347826,1.0,46,139.0,Lespedeza,True,Q4 high,wide
Lespedeza stuevei,0.0,0.5,0.0,0.5,1.0,1.0,0.5,0.5,1.0,0.5,0.5,1.0,0.5,0.5,1.0,0.5,1.0,1.0,2,12.0,Lespedeza,True,Q1 low,narrow
Liatris elegantula,0.0,1.0,0.0,0.0,0.0,0.0,0.0,0.0,0.0,0.0,1.0,0.0,0.0,0.0,0.0,0.0,0.0,0.0,1,12.0,Liatris,True,Q1 low,narrow
Liatris hirsuta,0.0,0.5,0.0,0.0,0.5,0.0,0.0,0.5,0.0,0.5,0.5,1.0,0.5,0.5,1.0,0.0,1.0,0.0,2,30.0,Liatris,True,Q1 low,R2
Liatris ligulistylis,0.1153846153846153,0.3846153846153846,1.0,0.1153846153846153,0.5769230769230769,1.0,0.1923076923076923,0.5769230769230769,1.0,0.2307692307692307,0.6153846153846154,1.0,0.2307692307692307,0.6153846153846154,1.0,0.2307692307692307,0.6153846153846154,1.0,26,32.0,Liatris,True,Q4 high,R2
Liatris quadriflora,0.0,0.5714285714285714,0.0,0.2857142857142857,0.7142857142857143,1.0,0.1428571428571428,0.7142857142857143,1.0,0.1428571428571428,0.7142857142857143,1.0,0.1428571428571428,0.4285714285714285,1.0,0.2857142857142857,0.7142857142857143,1.0,7,13.0,Liatris,True,Q3,narrow
Ligustrum japonicum,0.1111111111111111,0.4444444444444444,1.0,0.3888888888888889,0.6111111111111112,1.0,0.2222222222222222,0.6111111111111112,1.0,0.2777777777777778,0.5555555555555556,1.0,0.2777777777777778,0.6666666666666666,1.0,0.3888888888888889,0.6666666666666666,1.0,18,90.0,Ligustrum,True,Q3,R3
Ligustrum lucidum,0.3333333333333333,0.6666666666666666,1.0,0.3333333333333333,0.6666666666666666,1.0,0.6666666666666666,1.0,1.0,0.6666666666666666,0.6666666666666666,1.0,0.6666666666666666,1.0,1.0,0.6666666666666666,1.0,1.0,3,273.0,Ligustrum,True,Q2,wide
Ligustrum vulgare,0.2727272727272727,0.4545454545454545,1.0,0.4545454545454545,0.8181818181818182,1.0,0.1818181818181818,0.7272727272727273,1.0,0.1818181818181818,0.7272727272727273,1.0,0.2727272727272727,0.9090909090909092,1.0,0.3636363636363636,0.9090909090909092,1.0,11,186.0,Ligustrum,True,Q3,wide
Lilium kelloggii,0.0,0.0,0.0,1.0,1.0,1.0,0.0,0.0,0.0,0.0,0.0,0.0,0.0,1.0,0.0,0.0,1.0,0.0,1,6.0,Lilium,True,Q1 low,narrow
Limonium californicum,0.0,1.0,0.0,1.0,1.0,1.0,0.0,1.0,0.0,1.0,1.0,1.0,1.0,1.0,1.0,1.0,1.0,1.0,1,17.0,Limonium,True,Q1 low,narrow
Limonium sinuatum,0.1818181818181818,0.3636363636363636,1.0,0.2727272727272727,0.9090909090909092,1.0,0.3636363636363636,0.8181818181818182,1.0,0.6363636363636364,0.8181818181818182,1.0,0.5454545454545454,0.9090909090909092,1.0,0.5454545454545454,0.9090909090909092,1.0,11,13.0,Limonium,True,Q3,narrow
Linum bienne,0.0,0.0,0.0,0.0,0.5,0.0,0.0,0.5,0.0,0.0,0.0,0.0,0.0,0.5,0.0,0.5,1.0,1.0,2,28.0,Linum,True,Q1 low,R2
Liriodendron tulipifera,0.1363636363636363,0.1818181818181818,1.0,0.1136363636363636,0.1818181818181818,1.0,0.0909090909090909,0.1818181818181818,1.0,0.0681818181818181,0.1590909090909091,1.0,0.0909090909090909,0.2045454545454545,1.0,0.1136363636363636,0.25,1.0,44,476.0,Liriodendron,False,Q4 high,wide
Lithophragma affine,0.0,0.0,0.0,0.0,0.0,0.0,0.0,0.0,0.0,0.0,0.0,0.0,0.0,0.0,0.0,0.0,0.0,0.0,2,32.0,Lithophragma,True,Q1 low,R2
Lithophragma glabrum,0.0,1.0,0.0,0.0,0.0,0.0,1.0,1.0,1.0,1.0,1.0,1.0,1.0,1.0,1.0,0.0,1.0,0.0,1,84.0,Lithophragma,True,Q1 low,R3
Lithospermum occidentale,0.1666666666666666,0.6666666666666666,1.0,0.5,0.5,1.0,0.8333333333333334,1.0,1.0,0.6666666666666666,0.8333333333333334,1.0,0.6666666666666666,1.0,1.0,0.6666666666666666,1.0,1.0,6,24.0,Lithospermum,True,Q2,R2
Lobelia inflata,0.0357142857142857,0.1428571428571428,1.0,0.0714285714285714,0.4285714285714285,1.0,0.0357142857142857,0.1428571428571428,1.0,0.0357142857142857,0.1785714285714285,1.0,0.1071428571428571,0.4285714285714285,1.0,0.1428571428571428,0.4642857142857143,1.0,28,399.0,Lobelia,True,Q4 high,wide
Lomatium dasycarpum,0.0833333333333333,0.3333333333333333,1.0,0.0,0.1666666666666666,0.0,0.1666666666666666,0.4166666666666667,1.0,0.0,0.1666666666666666,0.0,0.0,0.4166666666666667,0.0,0.0,0.0833333333333333,0.0,12,30.0,Lomatium,True,Q3,R2
Lonicera caerulea,0.0,0.0,0.0,0.1388888888888889,0.3611111111111111,1.0,0.0833333333333333,0.1944444444444444,1.0,0.0555555555555555,0.2222222222222222,1.0,0.1111111111111111,0.3888888888888889,1.0,0.0555555555555555,0.4444444444444444,1.0,36,13.0,Lonicera,True,Q4 high,narrow
Lonicera conjugialis,0.0,0.0,0.0,0.0,0.0,0.0,0.0,1.0,0.0,0.0,1.0,0.0,0.0,0.0,0.0,0.0,0.0,0.0,1,41.0,Lonicera,True,Q1 low,R3
Lonicera japonica,0.1052631578947368,0.4210526315789473,1.0,0.1578947368421052,0.5263157894736842,1.0,0.2105263157894736,0.5,1.0,0.1842105263157894,0.5526315789473685,1.0,0.1842105263157894,0.631578947368421,1.0,0.1578947368421052,0.631578947368421,1.0,38,574.0,Lonicera,True,Q4 high,wide
Lonicera villosa,0.0,0.0,0.0,1.0,1.0,1.0,0.0,1.0,0.0,1.0,1.0,1.0,1.0,1.0,1.0,1.0,1.0,1.0,1,29.0,Lonicera,True,Q1 low,R2
Lotus corniculatus,0.0172413793103448,0.1551724137931034,1.0,0.0689655172413793,0.2672413793103448,1.0,0.0775862068965517,0.293103448275862,1.0,0.0775862068965517,0.3103448275862069,1.0,0.0775862068965517,0.3362068965517241,1.0,0.0862068965517241,0.3534482758620689,1.0,116,584.0,Lotus,True,Q4 high,wide
Ludwigia maritima,0.0,1.0,0.0,0.0,0.0,0.0,0.0,0.0,0.0,0.0,0.0,0.0,0.0,0.0,0.0,0.0,0.0,0.0,1,28.0,Ludwigia,True,Q1 low,R2
Luina hypoleuca,0.5,1.0,1.0,0.0,0.5,0.0,0.5,1.0,1.0,0.5,0.5,1.0,0.5,0.5,1.0,0.5,0.5,1.0,2,14.0,Luina,False,Q1 low,narrow
Lupinus albifrons,0.1111111111111111,0.2777777777777778,1.0,0.2222222222222222,0.3333333333333333,1.0,0.2777777777777778,0.5555555555555556,1.0,0.2222222222222222,0.5,1.0,0.2777777777777778,0.6111111111111112,1.0,0.1666666666666666,0.5555555555555556,1.0,18,46.0,Lupinus,True,Q3,R3
Lupinus arboreus,0.0909090909090909,0.3636363636363636,1.0,0.2727272727272727,0.6363636363636364,1.0,0.1818181818181818,0.4545454545454545,1.0,0.3636363636363636,0.6363636363636364,1.0,0.3636363636363636,0.6363636363636364,1.0,0.3636363636363636,0.6363636363636364,1.0,11,28.0,Lupinus,True,Q3,R2
Lupinus arbustus,0.0,0.7142857142857143,0.0,0.8571428571428571,1.0,1.0,0.8571428571428571,1.0,1.0,0.7142857142857143,1.0,1.0,0.8571428571428571,1.0,1.0,0.7142857142857143,1.0,1.0,7,18.0,Lupinus,True,Q3,narrow
Lupinus pusillus,0.0,0.6,0.0,0.6,1.0,1.0,0.6,1.0,1.0,0.6,1.0,1.0,0.6,1.0,1.0,0.2,1.0,1.0,5,19.0,Lupinus,True,Q2,narrow
Lycium barbarum,0.4,0.4,1.0,0.2,0.6,1.0,0.4,0.8,1.0,0.6,0.8,1.0,0.4,0.8,1.0,0.4,0.8,1.0,5,19.0,Lycium,True,Q2,narrow
Lycium berlandieri,0.0,0.0,0.0,0.0,1.0,0.0,1.0,1.0,1.0,1.0,1.0,1.0,1.0,1.0,1.0,0.0,1.0,0.0,1,50.0,Lycium,True,Q1 low,R3
Lycium brevipes,0.3333333333333333,0.8333333333333334,1.0,0.0,0.6666666666666666,0.0,0.3333333333333333,0.8333333333333334,1.0,0.0,0.8333333333333334,0.0,0.1666666666666666,0.8333333333333334,1.0,0.1666666666666666,0.8333333333333334,1.0,6,12.0,Lycium,True,Q2,narrow
Lycium californicum,0.1666666666666666,0.3333333333333333,1.0,0.1666666666666666,0.3333333333333333,1.0,0.5,0.5,1.0,0.1666666666666666,0.3333333333333333,1.0,0.1666666666666666,0.5,1.0,0.1666666666666666,0.6666666666666666,1.0,6,6.0,Lycium,True,Q2,narrow
Lycium cooperi,0.25,0.5,1.0,0.125,0.5,1.0,0.25,0.625,1.0,0.0,0.375,0.0,0.375,0.625,1.0,0.125,0.625,1.0,8,15.0,Lycium,True,Q3,narrow
Lycopus americanus,0.0,0.1764705882352941,0.0,0.0588235294117647,0.2352941176470588,1.0,0.1176470588235294,0.1764705882352941,1.0,0.1764705882352941,0.2941176470588235,1.0,0.1176470588235294,0.2941176470588235,1.0,0.1176470588235294,0.2352941176470588,1.0,17,113.0,Lycopus,True,Q3,wide
Lysimachia clethroides,0.0416666666666666,0.2291666666666666,1.0,0.0104166666666666,0.0520833333333333,1.0,0.0729166666666666,0.3541666666666667,1.0,0.0625,0.2395833333333333,1.0,0.0520833333333333,0.25,1.0,0.0416666666666666,0.1875,1.0,96,134.0,Lysimachia,True,Q4 high,wide
Magnolia virginiana,0.0,0.2,0.0,0.2,0.2,1.0,0.2,0.4,1.0,0.2,0.2,1.0,0.4,0.4,1.0,0.2,0.4,1.0,5,125.0,Magnolia,True,Q2,wide
Malacothamnus fasciculatus,0.0714285714285714,0.2857142857142857,1.0,0.2142857142857142,0.4285714285714285,1.0,0.1785714285714285,0.5714285714285714,1.0,0.2142857142857142,0.5,1.0,0.1071428571428571,0.5357142857142857,1.0,0.25,0.5714285714285714,1.0,28,22.0,Malacothamnus,True,Q4 high,R2
Malacothamnus jonesii,1.0,1.0,1.0,0.0,1.0,0.0,1.0,1.0,1.0,1.0,1.0,1.0,1.0,1.0,1.0,1.0,1.0,1.0,1,2.0,Malacothamnus,True,Q1 low,narrow
Malosma laurina,0.0888888888888888,0.2222222222222222,1.0,0.0666666666666666,0.1555555555555555,1.0,0.1111111111111111,0.3111111111111111,1.0,0.1555555555555555,0.2666666666666666,1.0,0.0888888888888888,0.2666666666666666,1.0,0.1111111111111111,0.2666666666666666,1.0,45,21.0,Malosma,False,Q4 high,R2
Malvaviscus arboreus,0.1714285714285714,0.4,1.0,0.1714285714285714,0.4285714285714285,1.0,0.1142857142857142,0.3142857142857143,1.0,0.1142857142857142,0.3714285714285714,1.0,0.1428571428571428,0.4571428571428571,1.0,0.1428571428571428,0.5142857142857142,1.0,35,89.0,Malvaviscus,False,Q4 high,R3
Marshallia caespitosa,0.0,0.4285714285714285,0.0,0.1428571428571428,0.4285714285714285,1.0,0.1428571428571428,0.5714285714285714,1.0,0.2857142857142857,0.4285714285714285,1.0,0.2857142857142857,0.4285714285714285,1.0,0.2857142857142857,0.5714285714285714,1.0,7,13.0,Marshallia,True,Q3,narrow
Mecardonia acuminata,0.0,0.5,0.0,0.0,0.5,0.0,0.0,0.5,0.0,0.0,0.5,0.0,0.0,0.5,0.0,0.5,0.5,1.0,2,84.0,Mecardonia,False,Q1 low,R3
Medeola virginiana,0.0,0.0,0.0,0.0,0.0,0.0,0.0,0.0,0.0,0.0,0.0,0.0,0.0,0.0,0.0,0.0,0.0,0.0,2,285.0,Medeola,False,Q1 low,wide
Medicago lupulina,0.0612244897959183,0.1836734693877551,1.0,0.0408163265306122,0.3061224489795918,1.0,0.0816326530612244,0.3061224489795918,1.0,0.0408163265306122,0.2857142857142857,1.0,0.0612244897959183,0.3469387755102041,1.0,0.0816326530612244,0.3877551020408163,1.0,49,500.0,Medicago,True,Q4 high,wide
Melilotus officinalis,0.0454545454545454,0.0909090909090909,1.0,0.0454545454545454,0.1666666666666666,1.0,0.053030303030303,0.2272727272727272,1.0,0.0757575757575757,0.2424242424242424,1.0,0.0757575757575757,0.2651515151515151,1.0,0.0681818181818181,0.2727272727272727,1.0,132,413.0,Melilotus,True,Q4 high,wide
Melothria pendula,0.0,0.4,0.0,0.2,0.4,1.0,0.2,0.4,1.0,0.2,0.6,1.0,0.2,0.4,1.0,0.2,0.4,1.0,5,184.0,Melothria,False,Q2,wide
Menyanthes trifoliata,0.0,0.0,0.0,0.0,0.0,0.0,0.1428571428571428,0.2857142857142857,1.0,0.0,0.2857142857142857,0.0,0.1428571428571428,0.2857142857142857,1.0,0.1428571428571428,0.4285714285714285,1.0,7,183.0,Menyanthes,False,Q3,wide
Mertensia longiflora,0.0,0.0,0.0,0.0,0.0,0.0,0.0,0.1666666666666666,0.0,0.0,0.1666666666666666,0.0,0.0,0.3333333333333333,0.0,0.0,0.5,0.0,6,20.0,Mertensia,True,Q2,narrow
Mertensia virginica,0.108695652173913,0.217391304347826,1.0,0.0869565217391304,0.3478260869565217,1.0,0.1521739130434782,0.4130434782608695,1.0,0.1739130434782608,0.3695652173913043,1.0,0.1521739130434782,0.4347826086956521,1.0,0.1739130434782608,0.4347826086956521,1.0,46,467.0,Mertensia,True,Q4 high,wide
Micranthes occidentalis,0.0,0.0,0.0,0.0,0.0,0.0,0.0,0.0,0.0,0.0,0.0,0.0,0.0,0.0,0.0,0.0,0.0,0.0,1,13.0,Micranthes,True,Q1 low,narrow
Micranthes petiolaris,0.0,0.0,0.0,0.0,0.0,0.0,0.5,0.5,1.0,0.0,1.0,0.0,0.5,1.0,1.0,0.5,1.0,1.0,2,20.0,Micranthes,True,Q1 low,narrow
Mikania scandens,0.0425531914893617,0.1808510638297872,1.0,0.0744680851063829,0.2978723404255319,1.0,0.1063829787234042,0.3191489361702128,1.0,0.0957446808510638,0.3191489361702128,1.0,0.1063829787234042,0.4148936170212766,1.0,0.0957446808510638,0.3297872340425531,1.0,94,234.0,Mikania,True,Q4 high,wide
Mirabilis laevis,0.2352941176470588,0.3529411764705882,1.0,0.2941176470588235,0.4705882352941176,1.0,0.2941176470588235,0.5294117647058824,1.0,0.1176470588235294,0.3529411764705882,1.0,0.2941176470588235,0.4705882352941176,1.0,0.3529411764705882,0.7058823529411765,1.0,17,83.0,Mirabilis,True,Q3,R3
Mitella diphylla,0.0,0.0,0.0,0.0,0.0,0.0,0.0,0.0,0.0,0.0,0.0,0.0,0.0,0.0,0.0,0.0,0.0,0.0,1,236.0,Mitella,False,Q1 low,wide
Monardella breweri,0.1666666666666666,0.3333333333333333,1.0,0.3333333333333333,0.6666666666666666,1.0,0.1666666666666666,0.6666666666666666,1.0,0.5,0.6666666666666666,1.0,0.1666666666666666,0.6666666666666666,1.0,0.0,0.8333333333333334,0.0,6,15.0,Monardella,True,Q2,narrow
Monoptilon bellioides,0.0,0.6666666666666666,0.0,0.3333333333333333,0.3333333333333333,1.0,0.6666666666666666,0.6666666666666666,1.0,0.3333333333333333,0.6666666666666666,1.0,0.3333333333333333,0.6666666666666666,1.0,0.3333333333333333,0.6666666666666666,1.0,3,44.0,Monoptilon,False,Q2,R3
Mucronea californica,0.0,0.0,0.0,0.0,0.0,0.0,0.0,0.0,0.0,0.0,0.0,0.0,0.0,1.0,0.0,0.0,0.0,0.0,1,3.0,Mucronea,False,Q1 low,narrow
Muscari neglectum,0.0833333333333333,0.25,1.0,0.3333333333333333,0.3333333333333333,1.0,0.5,0.5833333333333334,1.0,0.5833333333333334,0.75,1.0,0.5,0.75,1.0,0.4166666666666667,0.9166666666666666,1.0,12,46.0,Muscari,True,Q3,R3
Myosotis discolor,0.0,1.0,0.0,1.0,1.0,1.0,1.0,1.0,1.0,1.0,1.0,1.0,1.0,1.0,1.0,1.0,1.0,1.0,1,71.0,Myosotis,True,Q1 low,R3
Myosotis verna,0.0526315789473684,0.0526315789473684,1.0,0.0,0.0526315789473684,0.0,0.0,0.0526315789473684,0.0,0.0,0.0,0.0,0.0526315789473684,0.2105263157894736,1.0,0.1052631578947368,0.2105263157894736,1.0,19,16.0,Myosotis,True,Q4 high,narrow
Nabalus albus,0.0,0.0,0.0,0.0,0.0,0.0,1.0,1.0,1.0,1.0,1.0,1.0,1.0,1.0,1.0,1.0,1.0,1.0,1,138.0,Nabalus,True,Q1 low,wide
Nabalus altissimus,0.25,0.25,1.0,0.25,0.25,1.0,0.25,0.75,1.0,0.25,0.75,1.0,0.5,0.75,1.0,0.5,0.75,1.0,4,217.0,Nabalus,True,Q2,wide
Nabalus racemosus,0.0,0.2,0.0,0.2,0.2,1.0,0.6,1.0,1.0,0.6,1.0,1.0,0.0,0.8,0.0,0.4,1.0,1.0,5,31.0,Nabalus,True,Q2,R2
Nabalus trifoliolatus,0.0,0.6,0.0,0.2,0.2,1.0,0.4,1.0,1.0,0.6,1.0,1.0,0.2,0.6,1.0,0.4,0.6,1.0,5,61.0,Nabalus,True,Q2,R3
Nandina domestica,0.2,0.6,1.0,0.4,0.6,1.0,0.6,0.8,1.0,0.6,0.8,1.0,0.6,0.6,1.0,0.6,1.0,1.0,5,204.0,Nandina,False,Q2,wide
Narthecium californicum,1.0,1.0,1.0,0.0,0.0,0.0,1.0,1.0,1.0,1.0,1.0,1.0,1.0,1.0,1.0,1.0,1.0,1.0,1,9.0,Narthecium,False,Q1 low,narrow
Nassella pulchra,0.0,0.0,0.0,0.0,0.0,0.0,0.0,0.0,0.0,0.0,0.0,0.0,0.0,0.0,0.0,0.0,0.0,0.0,1,14.0,Nassella,False,Q1 low,narrow
Navarretia squarrosa,0.0,1.0,0.0,0.0,1.0,0.0,1.0,1.0,1.0,1.0,1.0,1.0,1.0,1.0,1.0,1.0,1.0,1.0,1,43.0,Navarretia,True,Q1 low,R3
Nemophila heterophylla,0.0,0.0,0.0,0.0,0.0,0.0,0.0,0.0,0.0,0.0,0.0,0.0,0.0,0.0,0.0,0.0,0.0,0.0,1,28.0,Nemophila,True,Q1 low,R2
Neptunia lutea,0.0,0.0,0.0,0.0,1.0,0.0,0.0,1.0,0.0,0.0,1.0,0.0,0.0,1.0,0.0,0.0,1.0,0.0,1,26.0,Neptunia,False,Q1 low,R2
Nigella damascena,0.2,0.2,1.0,0.4,0.8,1.0,0.6,0.8,1.0,0.6,0.8,1.0,0.8,0.8,1.0,0.8,0.8,1.0,5,31.0,Nigella,False,Q2,R2
Nothochelone nemorosa,0.0,0.5,0.0,0.5,0.5,1.0,0.5,0.5,1.0,0.5,0.5,1.0,0.5,0.5,1.0,0.5,0.5,1.0,2,33.0,Nothochelone,False,Q1 low,R2
Oenothera pallida,0.1666666666666666,0.5,1.0,0.1666666666666666,0.3333333333333333,1.0,0.1666666666666666,0.5,1.0,0.1666666666666666,0.5,1.0,0.3333333333333333,0.5,1.0,0.1666666666666666,0.5,1.0,6,39.0,Oenothera,True,Q2,R2
Oenothera simulans,0.0,0.0,0.0,0.0,0.0,0.0,0.0,0.5,0.0,0.0,0.5,0.0,0.0,0.5,0.0,0.0,0.0,0.0,2,42.0,Oenothera,True,Q1 low,R3
Oenothera speciosa,0.1186440677966101,0.288135593220339,1.0,0.1525423728813559,0.3220338983050847,1.0,0.135593220338983,0.4406779661016949,1.0,0.1525423728813559,0.4067796610169492,1.0,0.1186440677966101,0.3389830508474576,1.0,0.1016949152542373,0.3559322033898305,1.0,59,273.0,Oenothera,True,Q4 high,wide
Oenothera suffulta,0.0,0.3333333333333333,0.0,0.3333333333333333,0.3333333333333333,1.0,0.0,0.3333333333333333,0.0,0.0,0.3333333333333333,0.0,0.0,0.3333333333333333,0.0,0.3333333333333333,0.3333333333333333,1.0,3,29.0,Oenothera,True,Q2,R2
Oenothera triloba,0.0,1.0,0.0,0.0,1.0,0.0,0.0,1.0,0.0,0.0,1.0,0.0,0.0,1.0,0.0,0.0,1.0,0.0,1,45.0,Oenothera,True,Q1 low,R3
Opuntia cymochila,0.0,0.0,0.0,1.0,1.0,1.0,0.0,0.0,0.0,0.0,0.5,0.0,1.0,1.0,1.0,1.0,1.0,1.0,2,23.0,Opuntia,True,Q1 low,R2
Opuntia rufida,0.0,0.0,0.0,0.5,1.0,1.0,0.0,0.5,0.0,0.0,0.0,0.0,0.5,1.0,1.0,0.5,0.5,1.0,2,4.0,Opuntia,True,Q1 low,narrow
Orthocarpus cuspidatus,0.0,0.6666666666666666,0.0,1.0,1.0,1.0,1.0,1.0,1.0,1.0,1.0,1.0,0.6666666666666666,1.0,1.0,1.0,1.0,1.0,3,17.0,Orthocarpus,False,Q2,narrow
Orthocarpus luteus,0.0,0.0,0.0,1.0,1.0,1.0,1.0,1.0,1.0,0.0,1.0,0.0,1.0,1.0,1.0,1.0,1.0,1.0,1,20.0,Orthocarpus,False,Q1 low,narrow
Osmadenia tenella,0.0,0.0,0.0,0.0,0.375,0.0,0.25,0.5,1.0,0.125,0.375,1.0,0.375,0.625,1.0,0.375,0.375,1.0,8,6.0,Osmadenia,False,Q3,narrow
Oxalis californica,0.0,0.3333333333333333,0.0,0.3333333333333333,0.6666666666666666,1.0,0.3333333333333333,0.6666666666666666,1.0,0.0,0.6666666666666666,0.0,0.3333333333333333,1.0,1.0,0.0,1.0,0.0,3,7.0,Oxalis,True,Q2,narrow
Oxydendrum arboreum,0.125,0.625,1.0,0.375,0.5,1.0,0.375,0.625,1.0,0.5,0.75,1.0,0.375,0.75,1.0,0.375,0.625,1.0,8,122.0,Oxydendrum,False,Q3,wide
Oxypolis rigidior,0.0666666666666666,0.1333333333333333,1.0,0.1333333333333333,0.2,1.0,0.0666666666666666,0.2666666666666666,1.0,0.0666666666666666,0.2,1.0,0.2,0.3333333333333333,1.0,0.1333333333333333,0.5333333333333333,1.0,15,66.0,Oxypolis,False,Q3,R3
Packera paupercula,0.0,0.1666666666666666,0.0,0.1666666666666666,0.5833333333333334,1.0,0.0,0.3333333333333333,0.0,0.1666666666666666,0.25,1.0,0.1666666666666666,0.3333333333333333,1.0,0.0833333333333333,0.4166666666666667,1.0,12,108.0,Packera,True,Q3,wide
Palafoxia feayi,0.1,0.4,1.0,0.1,0.5,1.0,0.3,0.6,1.0,0.2,0.7,1.0,0.3,0.8,1.0,0.3,0.8,1.0,10,21.0,Palafoxia,True,Q3,R2
Paspalum notatum,0.0,0.5,0.0,0.5,0.5,1.0,0.25,0.75,1.0,0.25,0.5,1.0,0.25,0.75,1.0,0.75,0.75,1.0,4,20.0,Paspalum,True,Q2,narrow
Pectis papposa,0.2105263157894736,0.4736842105263157,1.0,0.2631578947368421,0.631578947368421,1.0,0.2631578947368421,0.5789473684210527,1.0,0.2105263157894736,0.631578947368421,1.0,0.2105263157894736,0.631578947368421,1.0,0.3157894736842105,0.6842105263157895,1.0,19,81.0,Pectis,False,Q4 high,R3
Pedicularis racemosa,0.25,0.75,1.0,0.625,0.875,1.0,0.75,1.0,1.0,0.625,1.0,1.0,0.75,1.0,1.0,0.75,1.0,1.0,8,64.0,Pedicularis,True,Q3,R3
Pediocactus nigrispinus,0.0,1.0,0.0,0.0,1.0,0.0,0.0,1.0,0.0,1.0,1.0,1.0,0.0,1.0,0.0,0.0,1.0,0.0,1,10.0,Pediocactus,False,Q1 low,narrow
Pediomelum argophyllum,0.5,0.75,1.0,1.0,1.0,1.0,0.5,1.0,1.0,0.75,1.0,1.0,0.75,1.0,1.0,1.0,1.0,1.0,4,42.0,Pediomelum,True,Q2,R3
Penstemon confertus,0.2105263157894736,0.7368421052631579,1.0,0.4210526315789473,0.8421052631578947,1.0,0.4736842105263157,0.7894736842105263,1.0,0.5263157894736842,0.8947368421052632,1.0,0.4210526315789473,0.8947368421052632,1.0,0.3157894736842105,0.8947368421052632,1.0,19,36.0,Penstemon,True,Q4 high,R2
Penstemon eatonii,0.0,0.3333333333333333,0.0,0.3333333333333333,1.0,1.0,0.0,0.3333333333333333,0.0,0.0,1.0,0.0,0.0,1.0,0.0,0.0,1.0,0.0,3,45.0,Penstemon,True,Q2,R3
Penstemon palmeri,0.0,0.0,0.0,0.5555555555555556,0.8888888888888888,1.0,0.3333333333333333,0.6666666666666666,1.0,0.6666666666666666,0.8888888888888888,1.0,0.3333333333333333,0.8888888888888888,1.0,0.2222222222222222,0.8888888888888888,1.0,9,58.0,Penstemon,True,Q3,R3
Penstemon spectabilis,0.0,0.1111111111111111,0.0,0.2222222222222222,0.3888888888888889,1.0,0.3333333333333333,0.4444444444444444,1.0,0.3333333333333333,0.5555555555555556,1.0,0.3333333333333333,0.6111111111111112,1.0,0.2222222222222222,0.5555555555555556,1.0,18,17.0,Penstemon,True,Q3,narrow
Perideridia gairdneri,0.0,0.375,0.0,0.0,0.25,0.0,0.75,1.0,1.0,0.0,0.625,0.0,0.375,0.875,1.0,0.25,0.625,1.0,8,11.0,Perideridia,True,Q3,narrow
Persicaria longiseta,0.1176470588235294,0.4117647058823529,1.0,0.2352941176470588,0.4117647058823529,1.0,0.2352941176470588,0.5294117647058824,1.0,0.2352941176470588,0.3529411764705882,1.0,0.1764705882352941,0.4117647058823529,1.0,0.1764705882352941,0.4117647058823529,1.0,17,260.0,Persicaria,True,Q3,wide
Persicaria pensylvanica,0.0909090909090909,0.2121212121212121,1.0,0.0909090909090909,0.3636363636363636,1.0,0.1515151515151515,0.3939393939393939,1.0,0.1818181818181818,0.4545454545454545,1.0,0.0909090909090909,0.4242424242424242,1.0,0.0606060606060606,0.2727272727272727,1.0,33,132.0,Persicaria,True,Q4 high,wide
Petasites frigidus,0.0909090909090909,0.1818181818181818,1.0,0.0,0.0909090909090909,0.0,0.1818181818181818,0.2727272727272727,1.0,0.0,0.1818181818181818,0.0,0.0,0.1818181818181818,0.0,0.0,0.2727272727272727,0.0,11,235.0,Petasites,True,Q3,wide
Phacelia hirsuta,0.0,0.0,0.0,0.0,0.0,0.0,0.0,0.0,0.0,0.0,0.0,0.0,0.0,0.0,0.0,0.0,0.0,0.0,1,17.0,Phacelia,True,Q1 low,narrow
Phacelia imbricata,0.125,0.25,1.0,0.5,0.625,1.0,0.375,0.625,1.0,0.625,0.625,1.0,0.375,0.625,1.0,0.25,0.625,1.0,8,30.0,Phacelia,True,Q3,R2
Phacelia nemoralis,0.1666666666666666,0.1666666666666666,1.0,0.5,0.8333333333333334,1.0,0.6666666666666666,0.6666666666666666,1.0,0.6666666666666666,0.8333333333333334,1.0,0.6666666666666666,1.0,1.0,0.3333333333333333,1.0,1.0,6,23.0,Phacelia,True,Q2,R2
Phacelia parryi,0.0,0.0,0.0,1.0,1.0,1.0,1.0,1.0,1.0,1.0,1.0,1.0,0.5,1.0,1.0,0.0,1.0,0.0,2,12.0,Phacelia,True,Q1 low,narrow
Phacelia pedicellata,1.0,1.0,1.0,1.0,1.0,1.0,1.0,1.0,1.0,1.0,1.0,1.0,1.0,1.0,1.0,0.0,1.0,0.0,1,21.0,Phacelia,True,Q1 low,R2
Phleum pratense,0.0,0.3,0.0,0.1,0.35,1.0,0.2,0.45,1.0,0.15,0.4,1.0,0.2,0.55,1.0,0.2,0.55,1.0,20,102.0,Phleum,False,Q4 high,R3
Phlox stolonifera,0.1666666666666666,0.5,1.0,0.5,0.6666666666666666,1.0,0.5,0.6666666666666666,1.0,0.5,0.6666666666666666,1.0,0.3333333333333333,0.8333333333333334,1.0,0.1666666666666666,0.6666666666666666,1.0,6,45.0,Phlox,True,Q2,R3
Pholistoma membranaceum,0.0,0.25,0.0,0.0,0.25,0.0,0.0,0.25,0.0,0.0,0.0,0.0,0.0,0.0,0.0,0.0,0.0,0.0,4,25.0,Pholistoma,True,Q2,R2
Phyla nodiflora,0.0317460317460317,0.1428571428571428,1.0,0.0476190476190476,0.1825396825396825,1.0,0.0396825396825396,0.1825396825396825,1.0,0.0396825396825396,0.1666666666666666,1.0,0.0476190476190476,0.2222222222222222,1.0,0.0714285714285714,0.2301587301587301,1.0,126,167.0,Phyla,True,Q4 high,wide
Physalis angulata,0.0,1.0,0.0,0.0,1.0,0.0,0.0,0.0,0.0,0.0,1.0,0.0,0.0,0.0,0.0,0.0,0.0,0.0,1,148.0,Physalis,True,Q1 low,wide
Physocarpus intermedius,0.125,0.25,1.0,0.25,0.5,1.0,0.25,0.25,1.0,0.25,0.5,1.0,0.25,0.5,1.0,0.125,0.375,1.0,8,18.0,Physocarpus,True,Q3,narrow
Physocarpus opulifolius,0.056338028169014,0.1267605633802817,1.0,0.0845070422535211,0.1971830985915492,1.0,0.056338028169014,0.2112676056338028,1.0,0.056338028169014,0.1971830985915492,1.0,0.056338028169014,0.1408450704225352,1.0,0.056338028169014,0.1690140845070422,1.0,71,127.0,Physocarpus,True,Q4 high,wide
Physostegia purpurea,0.0,0.0,0.0,0.0,0.0,0.0,0.0,0.0,0.0,0.0,0.75,0.0,0.0,0.25,0.0,0.0,0.0,0.0,4,22.0,Physostegia,True,Q2,R2
Pinguicula planifolia,0.0,0.0,0.0,0.0,0.0,0.0,1.0,1.0,1.0,0.0,0.0,0.0,0.0,0.0,0.0,0.0,0.0,0.0,1,4.0,Pinguicula,False,Q1 low,narrow
Platanthera ciliaris,0.3333333333333333,0.5,1.0,0.5,0.8333333333333334,1.0,0.1666666666666666,0.5,1.0,0.0,0.6666666666666666,0.0,0.5,0.8333333333333334,1.0,0.3333333333333333,1.0,1.0,6,110.0,Platanthera,True,Q2,wide
Platanthera grandiflora,0.0,0.1666666666666666,0.0,0.0,0.1666666666666666,0.0,0.0,0.5,0.0,0.0,0.5,0.0,0.3333333333333333,0.5,1.0,0.0,0.6666666666666666,0.0,6,59.0,Platanthera,True,Q2,R3
Platanthera integrilabia,0.0,0.6666666666666666,0.0,0.0,0.0,0.0,0.0,0.3333333333333333,0.0,0.0,0.3333333333333333,0.0,0.3333333333333333,0.3333333333333333,1.0,0.3333333333333333,0.3333333333333333,1.0,3,6.0,Platanthera,True,Q2,narrow
Plumbago auriculata,0.1304347826086956,0.2608695652173913,1.0,0.1304347826086956,0.3478260869565217,1.0,0.1739130434782608,0.391304347826087,1.0,0.1304347826086956,0.391304347826087,1.0,0.0869565217391304,0.6086956521739131,1.0,0.1304347826086956,0.5652173913043478,1.0,23,26.0,Plumbago,True,Q4 high,R2
Poa pratensis,0.0416666666666666,0.125,1.0,0.0,0.0416666666666666,0.0,0.0833333333333333,0.2083333333333333,1.0,0.0416666666666666,0.125,1.0,0.0833333333333333,0.0833333333333333,1.0,0.125,0.125,1.0,24,27.0,Poa,False,Q4 high,R2
Polanisia dodecandra,0.2727272727272727,0.5909090909090909,1.0,0.1363636363636363,0.5,1.0,0.2727272727272727,0.5909090909090909,1.0,0.1818181818181818,0.6363636363636364,1.0,0.1363636363636363,0.5454545454545454,1.0,0.1818181818181818,0.4545454545454545,1.0,22,130.0,Polanisia,False,Q4 high,wide
Polygonatum biflorum,0.0,0.0909090909090909,0.0,0.0909090909090909,0.1363636363636363,1.0,0.1363636363636363,0.3636363636363636,1.0,0.1818181818181818,0.2272727272727272,1.0,0.1818181818181818,0.2272727272727272,1.0,0.1818181818181818,0.2727272727272727,1.0,22,259.0,Polygonatum,True,Q4 high,wide
Polytaenia texana,0.0526315789473684,0.1578947368421052,1.0,0.0,0.1578947368421052,0.0,0.1052631578947368,0.2631578947368421,1.0,0.1052631578947368,0.2105263157894736,1.0,0.0526315789473684,0.1578947368421052,1.0,0.1052631578947368,0.2631578947368421,1.0,19,16.0,Polytaenia,True,Q4 high,narrow
Pombalia verticillata,1.0,1.0,1.0,0.0,1.0,0.0,0.0,1.0,0.0,0.0,1.0,0.0,0.0,0.0,0.0,0.0,0.0,0.0,1,37.0,Pombalia,False,Q1 low,R2
Portulaca amilis,0.0,0.0,0.0,1.0,1.0,1.0,1.0,1.0,1.0,0.0,1.0,0.0,0.0,1.0,0.0,1.0,1.0,1.0,1,73.0,Portulaca,True,Q1 low,R3
Portulaca pilosa,0.1,0.4,1.0,0.2,0.5,1.0,0.1,0.4,1.0,0.1,0.3,1.0,0.1,0.3,1.0,0.1,0.5,1.0,10,124.0,Portulaca,True,Q3,wide
Potentilla argentea,0.0,0.25,0.0,0.25,0.625,1.0,0.25,0.75,1.0,0.125,0.5,1.0,0.375,0.5,1.0,0.25,0.375,1.0,8,166.0,Potentilla,True,Q3,wide
Potentilla thurberi,0.0,0.0,0.0,0.0,1.0,0.0,0.0,1.0,0.0,0.0,0.0,0.0,0.0,0.0,0.0,0.0,0.0,0.0,1,13.0,Potentilla,True,Q1 low,narrow
Primula hendersonii,0.125,0.5,1.0,0.375,0.625,1.0,0.375,0.875,1.0,0.375,1.0,1.0,0.625,1.0,1.0,0.625,1.0,1.0,8,60.0,Primula,True,Q3,R3
Primula tetrandra,0.0,0.0,0.0,1.0,1.0,1.0,1.0,1.0,1.0,1.0,1.0,1.0,1.0,1.0,1.0,1.0,1.0,1.0,1,15.0,Primula,True,Q1 low,narrow
Prunella vulgaris,0.0396825396825396,0.1507936507936507,1.0,0.0793650793650793,0.2063492063492063,1.0,0.0714285714285714,0.2777777777777778,1.0,0.0793650793650793,0.3174603174603174,1.0,0.0793650793650793,0.3095238095238095,1.0,0.0793650793650793,0.3095238095238095,1.0,126,868.0,Prunella,False,Q4 high,wide
Prunus americana,0.072463768115942,0.1739130434782608,1.0,0.1159420289855072,0.217391304347826,1.0,0.0869565217391304,0.2463768115942029,1.0,0.0869565217391304,0.2753623188405797,1.0,0.0289855072463768,0.2318840579710145,1.0,0.0289855072463768,0.2608695652173913,1.0,69,231.0,Prunus,True,Q4 high,wide
Prunus andersonii,0.0,0.25,0.0,0.0,0.25,0.0,0.25,0.5,1.0,0.25,0.75,1.0,0.25,0.75,1.0,0.0,0.75,0.0,4,20.0,Prunus,True,Q2,narrow
Prunus cerasifera,0.25,0.25,1.0,0.0,0.5,0.0,0.25,0.5,1.0,0.25,0.75,1.0,0.25,0.75,1.0,0.25,0.75,1.0,4,33.0,Prunus,True,Q2,R2
Pseudognaphalium californicum,0.0,0.3333333333333333,0.0,0.0833333333333333,0.5,1.0,0.1666666666666666,0.4166666666666667,1.0,0.0833333333333333,0.3333333333333333,1.0,0.0833333333333333,0.3333333333333333,1.0,0.0833333333333333,0.5833333333333334,1.0,12,36.0,Pseudognaphalium,True,Q3,R2
Pulsatilla nuttalliana,0.1875,0.3125,1.0,0.125,0.3125,1.0,0.125,0.375,1.0,0.125,0.375,1.0,0.125,0.5625,1.0,0.125,0.4375,1.0,16,168.0,Pulsatilla,True,Q3,wide
Pycnanthemum tenuifolium,0.0235849056603773,0.1179245283018868,1.0,0.0471698113207547,0.2169811320754717,1.0,0.0471698113207547,0.2075471698113207,1.0,0.0471698113207547,0.2122641509433962,1.0,0.0330188679245283,0.1792452830188679,1.0,0.0330188679245283,0.1886792452830188,1.0,212,206.0,Pycnanthemum,True,Q4 high,wide
Quercus cornelius-mulleri,0.0,0.75,0.0,0.25,0.25,1.0,0.0,0.25,0.0,0.0,0.25,0.0,0.25,0.5,1.0,0.25,0.25,1.0,4,10.0,Quercus,True,Q2,narrow
Quercus macrocarpa,0.0476190476190476,0.1428571428571428,1.0,0.0476190476190476,0.1904761904761904,1.0,0.0,0.0952380952380952,0.0,0.0,0.1904761904761904,0.0,0.0476190476190476,0.1904761904761904,1.0,0.0476190476190476,0.1428571428571428,1.0,21,154.0,Quercus,True,Q4 high,wide
Quercus phellos,0.0,0.1666666666666666,0.0,0.1111111111111111,0.2777777777777778,1.0,0.0,0.0,0.0,0.0,0.0555555555555555,0.0,0.1666666666666666,0.2777777777777778,1.0,0.1111111111111111,0.2777777777777778,1.0,18,72.0,Quercus,True,Q3,R3
Quercus stellata,0.1111111111111111,0.1111111111111111,1.0,0.0,0.0,0.0,0.0,0.0,0.0,0.0,0.0,0.0,0.0,0.1111111111111111,0.0,0.0,0.0,0.0,9,76.0,Quercus,True,Q3,R3
Quercus virginiana,0.3333333333333333,0.3333333333333333,1.0,0.0,0.3333333333333333,0.0,0.0,0.0,0.0,0.3333333333333333,0.3333333333333333,1.0,0.0,0.3333333333333333,0.0,0.0,0.3333333333333333,0.0,3,59.0,Quercus,True,Q2,R3
Quercus wislizeni,0.3333333333333333,1.0,1.0,0.3333333333333333,0.6666666666666666,1.0,0.3333333333333333,0.3333333333333333,1.0,0.0,0.3333333333333333,0.0,0.3333333333333333,1.0,1.0,0.3333333333333333,1.0,1.0,3,51.0,Quercus,True,Q2,R3
Rhexia cubensis,0.0,0.0,0.0,0.0,0.0,0.0,0.0,0.0,0.0,0.0,0.0,0.0,0.0,0.0,0.0,0.0,0.0,0.0,1,22.0,Rhexia,True,Q1 low,R2
Rhizophora mangle,0.0,0.0,0.0,0.0,0.0,0.0,0.0,0.0,0.0,0.0,0.0,0.0,0.0,0.0,0.0,0.0,0.0,0.0,2,32.0,Rhizophora,False,Q1 low,R2
Rhododendron maximum,0.2307692307692307,0.4615384615384615,1.0,0.3846153846153846,0.6923076923076923,1.0,0.3076923076923077,0.6153846153846154,1.0,0.3076923076923077,0.6923076923076923,1.0,0.3076923076923077,0.6923076923076923,1.0,0.3076923076923077,0.7692307692307693,1.0,13,129.0,Rhododendron,True,Q3,wide
Rhodotypos scandens,0.0,0.25,0.0,0.25,0.375,1.0,0.25,0.5,1.0,0.25,0.375,1.0,0.25,0.5,1.0,0.25,0.375,1.0,8,97.0,Rhodotypos,False,Q3,R3
Rhynchospora latifolia,0.0,1.0,0.0,0.0,1.0,0.0,0.0,0.0,0.0,0.0,1.0,0.0,0.0,1.0,0.0,0.0,1.0,0.0,1,14.0,Rhynchospora,True,Q1 low,narrow
Ribes americanum,0.5,0.5,1.0,0.0,0.5,0.0,0.5,0.5,1.0,0.25,0.5,1.0,0.25,0.75,1.0,0.25,0.75,1.0,4,95.0,Ribes,True,Q2,R3
Ribes glandulosum,0.0,0.0,0.0,0.0,0.0,0.0,0.0,0.0,0.0,0.0,0.0,0.0,0.0,0.0,0.0,0.0,0.0,0.0,1,65.0,Ribes,True,Q1 low,R3
Ribes montigenum,0.0,0.0,0.0,0.0,1.0,0.0,0.0,1.0,0.0,1.0,1.0,1.0,0.0,1.0,0.0,0.0,1.0,0.0,1,42.0,Ribes,True,Q1 low,R3
Ribes rubrum,0.0,0.1,0.0,0.2,0.4,1.0,0.4,0.6,1.0,0.3,0.6,1.0,0.2,0.7,1.0,0.2,0.8,1.0,10,41.0,Ribes,True,Q3,R3
Romulea rosea,0.0,0.5,0.0,0.0,0.5,0.0,0.0,1.0,0.0,0.0,0.0,0.0,0.5,1.0,1.0,0.0,1.0,0.0,2,20.0,Romulea,False,Q1 low,narrow
Rosa acicularis,0.0,0.0769230769230769,0.0,0.0512820512820512,0.358974358974359,1.0,0.1025641025641025,0.3333333333333333,1.0,0.1538461538461538,0.3846153846153846,1.0,0.1282051282051282,0.3846153846153846,1.0,0.1282051282051282,0.3846153846153846,1.0,39,14.0,Rosa,True,Q4 high,narrow
Rosa blanda,0.05,0.2,1.0,0.15,0.55,1.0,0.2,0.35,1.0,0.15,0.5,1.0,0.1,0.4,1.0,0.1,0.4,1.0,20,38.0,Rosa,True,Q4 high,R2
Rosa palustris,0.125,0.4375,1.0,0.4375,0.6875,1.0,0.375,0.4375,1.0,0.3125,0.5625,1.0,0.375,0.6875,1.0,0.375,0.6875,1.0,16,313.0,Rosa,True,Q3,wide
Rotanthella floridana,0.0,0.0,0.0,0.0,0.5,0.0,0.0,0.5,0.0,0.5,0.5,1.0,0.0,0.0,0.0,0.5,0.5,1.0,2,23.0,Rotanthella,False,Q1 low,R2
Rubus flagellaris,0.1739130434782608,0.2608695652173913,1.0,0.0869565217391304,0.3043478260869565,1.0,0.1304347826086956,0.4347826086956521,1.0,0.0869565217391304,0.4782608695652174,1.0,0.1739130434782608,0.3043478260869565,1.0,0.1304347826086956,0.3478260869565217,1.0,23,221.0,Rubus,True,Q4 high,wide
Rubus odoratus,0.1,0.2,1.0,0.125,0.3,1.0,0.25,0.4,1.0,0.225,0.45,1.0,0.2,0.575,1.0,0.2,0.475,1.0,40,187.0,Rubus,True,Q4 high,wide
Rudbeckia hirta,0.0268456375838926,0.1006711409395973,1.0,0.0335570469798657,0.1476510067114094,1.0,0.0335570469798657,0.1476510067114094,1.0,0.0335570469798657,0.1543624161073825,1.0,0.0335570469798657,0.1543624161073825,1.0,0.0335570469798657,0.1543624161073825,1.0,298,810.0,Rudbeckia,True,Q4 high,wide
Rudbeckia missouriensis,0.25,0.25,1.0,0.25,0.5,1.0,0.0,0.25,0.0,0.25,0.5,1.0,0.0,0.5,0.0,0.25,0.5,1.0,4,17.0,Rudbeckia,True,Q2,narrow
Ruellia nudiflora,0.2,0.6,1.0,0.4,0.6,1.0,0.2,0.6,1.0,0.2,0.8,1.0,0.2,0.8,1.0,0.2,0.8,1.0,5,71.0,Ruellia,True,Q2,R3
Sagittaria engelmanniana,0.0,0.0,0.0,0.0,1.0,0.0,0.0,0.0,0.0,0.0,1.0,0.0,0.0,1.0,0.0,0.0,0.0,0.0,1,7.0,Sagittaria,True,Q1 low,narrow
Sagittaria graminea,0.0,0.0,0.0,0.0,0.0,0.0,0.0,0.0,0.0,0.0,0.0,0.0,0.0,0.0,0.0,0.0,0.0,0.0,1,27.0,Sagittaria,True,Q1 low,R2
Sairocarpus coulterianus,0.0,0.6666666666666666,0.0,0.3333333333333333,1.0,1.0,0.6666666666666666,1.0,1.0,0.6666666666666666,0.6666666666666666,1.0,0.6666666666666666,1.0,1.0,0.6666666666666666,1.0,1.0,3,16.0,Sairocarpus,True,Q2,narrow
Salix bebbiana,0.3333333333333333,0.6666666666666666,1.0,0.0,0.0,0.0,0.0,0.0,0.0,0.0,0.0,0.0,0.0,0.0,0.0,0.0,0.0,0.0,3,94.0,Salix,True,Q2,R3
Salix commutata,0.0,0.0,0.0,0.0,0.0,0.0,0.5,1.0,1.0,0.0,1.0,0.0,1.0,1.0,1.0,0.5,1.0,1.0,2,7.0,Salix,True,Q1 low,narrow
Salix discolor,0.0769230769230769,0.282051282051282,1.0,0.1025641025641025,0.282051282051282,1.0,0.1538461538461538,0.4871794871794871,1.0,0.1538461538461538,0.5128205128205128,1.0,0.1025641025641025,0.4615384615384615,1.0,0.1538461538461538,0.4102564102564102,1.0,39,100.0,Salix,True,Q4 high,R3
Salix exigua,0.6666666666666666,0.6666666666666666,1.0,0.3333333333333333,0.3333333333333333,1.0,0.6666666666666666,0.6666666666666666,1.0,0.3333333333333333,0.6666666666666666,1.0,0.3333333333333333,0.6666666666666666,1.0,0.3333333333333333,0.6666666666666666,1.0,3,93.0,Salix,True,Q2,R3
Salix gooddingii,0.4,0.4,1.0,0.4,0.4,1.0,0.4,0.6,1.0,0.2,0.2,1.0,0.6,0.6,1.0,0.4,0.6,1.0,5,31.0,Salix,True,Q2,R2
Salix laevigata,0.0,1.0,0.0,0.0,1.0,0.0,0.0,0.0,0.0,0.0,0.0,0.0,0.0,1.0,0.0,0.0,1.0,0.0,1,19.0,Salix,True,Q1 low,narrow
Salvia arizonica,0.0,0.0,0.0,0.0,0.0,0.0,0.0,0.0,0.0,0.0,0.0,0.0,0.0,0.0,0.0,0.0,0.0,0.0,1,5.0,Salvia,True,Q1 low,narrow
Salvia carduacea,0.125,0.625,1.0,0.0,0.5,0.0,0.25,0.375,1.0,0.125,0.25,1.0,0.125,0.5,1.0,0.25,0.375,1.0,8,20.0,Salvia,True,Q3,narrow
Salvia coccinea,0.1111111111111111,0.3518518518518518,1.0,0.0925925925925925,0.4444444444444444,1.0,0.1481481481481481,0.4074074074074074,1.0,0.1111111111111111,0.3518518518518518,1.0,0.1296296296296296,0.3703703703703703,1.0,0.074074074074074,0.4259259259259259,1.0,54,103.0,Salvia,True,Q4 high,wide
Salvia columbariae,0.15,0.3,1.0,0.1,0.4,1.0,0.25,0.45,1.0,0.15,0.35,1.0,0.15,0.4,1.0,0.1,0.4,1.0,20,101.0,Salvia,True,Q4 high,R3
Salvia dorrii,0.0833333333333333,0.125,1.0,0.2083333333333333,0.625,1.0,0.25,0.5,1.0,0.4166666666666667,0.625,1.0,0.25,0.6666666666666666,1.0,0.125,0.5416666666666666,1.0,24,63.0,Salvia,True,Q4 high,R3
Salvia leucophylla,0.073170731707317,0.4146341463414634,1.0,0.2195121951219512,0.5609756097560976,1.0,0.1951219512195122,0.6097560975609756,1.0,0.2439024390243902,0.5853658536585366,1.0,0.2195121951219512,0.5609756097560976,1.0,0.1951219512195122,0.5853658536585366,1.0,41,20.0,Salvia,True,Q4 high,narrow
Salvia lyrata,0.1818181818181818,0.5,1.0,0.1363636363636363,0.5454545454545454,1.0,0.3181818181818182,0.5909090909090909,1.0,0.2272727272727272,0.5,1.0,0.2727272727272727,0.7272727272727273,1.0,0.2272727272727272,0.6818181818181818,1.0,22,399.0,Salvia,True,Q4 high,wide
Salvia munzii,0.0,0.0909090909090909,0.0,0.1818181818181818,0.6363636363636364,1.0,0.2727272727272727,0.7272727272727273,1.0,0.2727272727272727,0.3636363636363636,1.0,0.2727272727272727,0.6363636363636364,1.0,0.1818181818181818,0.9090909090909092,1.0,11,5.0,Salvia,True,Q3,narrow
Sanguinaria canadensis,0.0425531914893617,0.1276595744680851,1.0,0.1063829787234042,0.1489361702127659,1.0,0.1702127659574468,0.3191489361702128,1.0,0.0851063829787234,0.2340425531914893,1.0,0.1276595744680851,0.3829787234042553,1.0,0.1914893617021276,0.3829787234042553,1.0,47,804.0,Sanguinaria,False,Q4 high,wide
Sanicula crassicaulis,0.1,0.25,1.0,0.1,0.15,1.0,0.15,0.4,1.0,0.15,0.35,1.0,0.2,0.6,1.0,0.15,0.5,1.0,20,76.0,Sanicula,True,Q4 high,R3
Scandix pecten-veneris,0.0,0.0,0.0,0.0,0.0,0.0,0.0,0.5,0.0,0.0,0.5,0.0,0.0,0.5,0.0,0.0,0.5,0.0,2,29.0,Scandix,False,Q1 low,R2
Sedum divergens,0.3333333333333333,0.6666666666666666,1.0,0.3333333333333333,1.0,1.0,1.0,1.0,1.0,0.6666666666666666,1.0,1.0,1.0,1.0,1.0,0.3333333333333333,1.0,1.0,3,19.0,Sedum,True,Q2,narrow
Sedum oregonense,0.0,1.0,0.0,1.0,1.0,1.0,1.0,1.0,1.0,1.0,1.0,1.0,1.0,1.0,1.0,0.0,1.0,0.0,1,15.0,Sedum,True,Q1 low,narrow
Sedum pulchellum,0.0,0.6,0.0,0.2,0.6,1.0,0.4,0.6,1.0,0.4,0.6,1.0,0.2,0.4,1.0,0.2,0.6,1.0,5,35.0,Sedum,True,Q2,R2
Sedum sarmentosum,0.0,0.0,0.0,0.0,0.0,0.0,0.0,0.0,0.0,0.0,0.0,0.0,0.0,0.0,0.0,0.0,0.0,0.0,1,146.0,Sedum,True,Q1 low,wide
Sedum stenopetalum,0.1,0.4,1.0,0.2,0.6,1.0,0.4,0.6,1.0,0.2,0.6,1.0,0.3,0.6,1.0,0.2,0.5,1.0,10,54.0,Sedum,True,Q3,R3
Senecio vulgaris,0.125,0.375,1.0,0.25,0.5,1.0,0.375,0.5,1.0,0.25,0.5,1.0,0.25,0.5,1.0,0.25,0.625,1.0,8,278.0,Senecio,True,Q3,wide
Senega cruciata,1.0,1.0,1.0,0.0,1.0,0.0,0.0,0.0,0.0,0.0,1.0,0.0,0.0,1.0,0.0,0.0,1.0,0.0,1,20.0,Senega,True,Q1 low,narrow
Senega curtissii,0.0,0.0,0.0,0.0,0.0,0.0,0.0,0.0,0.0,0.0,0.0,0.0,0.0,0.0,0.0,0.0,0.0,0.0,1,44.0,Senega,True,Q1 low,R3
Senna marilandica,0.05,0.1,1.0,0.1,0.15,1.0,0.1,0.25,1.0,0.1,0.25,1.0,0.1,0.3,1.0,0.1,0.2,1.0,20,70.0,Senna,True,Q4 high,R3
Senna obtusifolia,1.0,1.0,1.0,1.0,1.0,1.0,1.0,1.0,1.0,1.0,1.0,1.0,1.0,1.0,1.0,1.0,1.0,1.0,1,74.0,Senna,True,Q1 low,R3
Sidalcea campestris,0.0,0.3333333333333333,0.0,0.3333333333333333,0.5555555555555556,1.0,0.4444444444444444,0.7777777777777778,1.0,0.4444444444444444,0.7777777777777778,1.0,0.3333333333333333,0.7777777777777778,1.0,0.4444444444444444,0.7777777777777778,1.0,9,9.0,Sidalcea,True,Q3,narrow
Sidalcea virgata,0.0869565217391304,0.1739130434782608,1.0,0.1304347826086956,0.3478260869565217,1.0,0.1739130434782608,0.3478260869565217,1.0,0.217391304347826,0.4347826086956521,1.0,0.217391304347826,0.4782608695652174,1.0,0.1739130434782608,0.4782608695652174,1.0,23,8.0,Sidalcea,True,Q4 high,narrow
Sideroxylon celastrinum,0.1428571428571428,0.2857142857142857,1.0,0.0,0.4285714285714285,0.0,0.2857142857142857,0.4285714285714285,1.0,0.2857142857142857,0.2857142857142857,1.0,0.2857142857142857,0.4285714285714285,1.0,0.2857142857142857,0.4285714285714285,1.0,7,28.0,Sideroxylon,True,Q3,R2
Silphium asteriscus,0.088235294117647,0.2352941176470588,1.0,0.1764705882352941,0.2941176470588235,1.0,0.1470588235294117,0.3235294117647059,1.0,0.1470588235294117,0.4117647058823529,1.0,0.1470588235294117,0.3235294117647059,1.0,0.1764705882352941,0.3529411764705882,1.0,34,64.0,Silphium,True,Q4 high,R3
Sisymbrium irio,0.4444444444444444,0.6666666666666666,1.0,0.1111111111111111,0.3333333333333333,1.0,0.3333333333333333,0.5555555555555556,1.0,0.1111111111111111,0.5555555555555556,1.0,0.1111111111111111,0.6666666666666666,1.0,0.4444444444444444,0.6666666666666666,1.0,9,79.0,Sisymbrium,True,Q3,R3
Sisyrinchium montanum,0.5,0.5,1.0,0.5,0.5,1.0,0.5,0.5,1.0,0.0,1.0,0.0,0.5,0.5,1.0,0.5,1.0,1.0,2,54.0,Sisyrinchium,True,Q1 low,R3
Sixalix atropurpurea,0.0967741935483871,0.3870967741935484,1.0,0.1612903225806451,0.3225806451612903,1.0,0.1935483870967742,0.6129032258064516,1.0,0.1290322580645161,0.4193548387096774,1.0,0.2580645161290322,0.6774193548387096,1.0,0.2258064516129032,0.6451612903225806,1.0,31,13.0,Sixalix,False,Q4 high,narrow
Solanum americanum,0.0,0.5,0.0,0.0,0.0,0.0,0.0,0.0,0.0,0.0,0.0,0.0,0.0,0.0,0.0,0.0,0.0,0.0,2,125.0,Solanum,True,Q1 low,wide
Solanum umbelliferum,0.0,0.3333333333333333,0.0,0.1111111111111111,0.1111111111111111,1.0,0.3333333333333333,0.4444444444444444,1.0,0.3333333333333333,0.4444444444444444,1.0,0.3333333333333333,0.4444444444444444,1.0,0.1111111111111111,0.5555555555555556,1.0,9,23.0,Solanum,True,Q3,R2
Solidago canadensis,0.0342857142857142,0.1371428571428571,1.0,0.0571428571428571,0.2514285714285714,1.0,0.0514285714285714,0.2285714285714285,1.0,0.0514285714285714,0.2457142857142857,1.0,0.0514285714285714,0.2342857142857143,1.0,0.0514285714285714,0.2457142857142857,1.0,175,144.0,Solidago,True,Q4 high,wide
Solidago curtisii,0.0,0.0,0.0,1.0,1.0,1.0,1.0,1.0,1.0,1.0,1.0,1.0,1.0,1.0,1.0,1.0,1.0,1.0,1,11.0,Solidago,True,Q1 low,narrow
Solidago fistulosa,0.1,0.5,1.0,0.2,0.7,1.0,0.3,0.7,1.0,0.4,0.8,1.0,0.3,0.7,1.0,0.2,0.4,1.0,10,33.0,Solidago,True,Q3,R2
Solidago juncea,0.0625,0.171875,1.0,0.109375,0.421875,1.0,0.09375,0.3125,1.0,0.109375,0.390625,1.0,0.078125,0.390625,1.0,0.0625,0.375,1.0,64,192.0,Solidago,True,Q4 high,wide
Solidago odora,0.0588235294117647,0.1764705882352941,1.0,0.1764705882352941,0.5686274509803921,1.0,0.0980392156862745,0.2941176470588235,1.0,0.1176470588235294,0.4509803921568627,1.0,0.1568627450980392,0.5098039215686274,1.0,0.1176470588235294,0.5294117647058824,1.0,51,74.0,Solidago,True,Q4 high,R3
Solidago ptarmicoides,0.1111111111111111,0.2222222222222222,1.0,0.0,0.3333333333333333,0.0,0.1111111111111111,0.5555555555555556,1.0,0.1111111111111111,0.6666666666666666,1.0,0.0,0.4444444444444444,0.0,0.0,0.4444444444444444,0.0,9,71.0,Solidago,True,Q3,R3
Solidago uliginosa,0.0,0.25,0.0,0.375,0.625,1.0,0.25,0.5,1.0,0.125,0.5,1.0,0.375,0.625,1.0,0.25,0.5,1.0,8,41.0,Solidago,True,Q3,R3
Sonchus arvensis,0.0845070422535211,0.2535211267605634,1.0,0.1126760563380281,0.3661971830985915,1.0,0.1267605633802817,0.4225352112676056,1.0,0.1126760563380281,0.4366197183098591,1.0,0.1126760563380281,0.3661971830985915,1.0,0.1126760563380281,0.4084507042253521,1.0,71,68.0,Sonchus,False,Q4 high,R3
Sonchus asper,0.1521739130434782,0.2608695652173913,1.0,0.1739130434782608,0.4347826086956521,1.0,0.0869565217391304,0.391304347826087,1.0,0.108695652173913,0.3695652173913043,1.0,0.108695652173913,0.4782608695652174,1.0,0.1304347826086956,0.4782608695652174,1.0,46,274.0,Sonchus,False,Q4 high,wide
Spergularia rubra,0.0,0.4285714285714285,0.0,0.1428571428571428,0.2857142857142857,1.0,0.1428571428571428,0.4285714285714285,1.0,0.0,0.2857142857142857,0.0,0.1428571428571428,0.2857142857142857,1.0,0.2857142857142857,0.4285714285714285,1.0,7,109.0,Spergularia,False,Q3,wide
Spiraea lucida,0.3333333333333333,0.6666666666666666,1.0,0.0,0.6666666666666666,0.0,0.6666666666666666,1.0,1.0,0.6666666666666666,1.0,1.0,0.6666666666666666,1.0,1.0,0.6666666666666666,1.0,1.0,3,64.0,Spiraea,True,Q2,R3
Spiranthes praecox,0.0,1.0,0.0,0.0,0.0,0.0,0.0,1.0,0.0,0.0,0.0,0.0,0.0,1.0,0.0,0.0,0.0,0.0,1,49.0,Spiranthes,True,Q1 low,R3
Spiranthes romanzoffiana,0.0,0.0,0.0,0.0,0.0,0.0,0.25,0.5,1.0,0.25,0.75,1.0,0.25,0.5,1.0,0.25,0.5,1.0,4,96.0,Spiranthes,True,Q2,R3
Sporobolus pumilus,0.0,0.5,0.0,0.0,0.5,0.0,0.5,0.5,1.0,0.5,0.5,1.0,0.5,0.5,1.0,0.5,0.5,1.0,2,19.0,Sporobolus,True,Q1 low,narrow
Stachys stebbinsii,0.0,0.2857142857142857,0.0,0.1428571428571428,0.7142857142857143,1.0,0.1428571428571428,0.8571428571428571,1.0,0.4285714285714285,0.7142857142857143,1.0,0.4285714285714285,0.7142857142857143,1.0,0.2857142857142857,0.8571428571428571,1.0,7,6.0,Stachys,True,Q3,narrow
Stanleya pinnata,0.1666666666666666,0.3333333333333333,1.0,0.1111111111111111,0.2222222222222222,1.0,0.1111111111111111,0.4444444444444444,1.0,0.1666666666666666,0.6111111111111112,1.0,0.1111111111111111,0.5555555555555556,1.0,0.1111111111111111,0.3333333333333333,1.0,18,99.0,Stanleya,False,Q3,R3
Stenanthium densum,0.25,0.25,1.0,0.0,0.25,0.0,0.0,0.25,0.0,0.0,0.5,0.0,0.0,0.25,0.0,0.0,0.25,0.0,4,17.0,Stenanthium,False,Q2,narrow
Stenanthium gramineum,0.0,0.0,0.0,0.0714285714285714,0.2142857142857142,1.0,0.0714285714285714,0.1428571428571428,1.0,0.0714285714285714,0.1428571428571428,1.0,0.0714285714285714,0.2857142857142857,1.0,0.0714285714285714,0.3571428571428571,1.0,14,25.0,Stenanthium,False,Q3,R2
Symphoricarpos longiflorus,0.0,1.0,0.0,0.0,1.0,0.0,1.0,1.0,1.0,1.0,1.0,1.0,1.0,1.0,1.0,1.0,1.0,1.0,1,29.0,Symphoricarpos,True,Q1 low,R2
Symphyotrichum adnatum,0.0,0.0,0.0,0.0,0.0,0.0,0.0,0.5,0.0,0.0,0.0,0.0,0.0,0.5,0.0,0.0,0.0,0.0,2,16.0,Symphyotrichum,True,Q1 low,narrow
Symphyotrichum chilense,0.0652173913043478,0.2391304347826087,1.0,0.108695652173913,0.3043478260869565,1.0,0.0869565217391304,0.4782608695652174,1.0,0.1304347826086956,0.4130434782608695,1.0,0.1521739130434782,0.5652173913043478,1.0,0.1521739130434782,0.4347826086956521,1.0,46,36.0,Symphyotrichum,True,Q4 high,R2
Symphyotrichum firmum,0.0909090909090909,0.2727272727272727,1.0,0.3636363636363636,0.6363636363636364,1.0,0.1818181818181818,0.7272727272727273,1.0,0.1818181818181818,0.5454545454545454,1.0,0.1818181818181818,0.6363636363636364,1.0,0.1818181818181818,0.7272727272727273,1.0,11,19.0,Symphyotrichum,True,Q3,narrow
Symphyotrichum pratense,0.0,0.0,0.0,0.0,0.0,0.0,0.0,0.0,0.0,0.0,1.0,0.0,0.0,0.0,0.0,0.0,0.0,0.0,1,6.0,Symphyotrichum,True,Q1 low,narrow
Symphyotrichum subspicatum,0.064516129032258,0.3548387096774194,1.0,0.1290322580645161,0.2903225806451613,1.0,0.1935483870967742,0.7419354838709677,1.0,0.1935483870967742,0.6774193548387096,1.0,0.2580645161290322,0.6774193548387096,1.0,0.1935483870967742,0.5806451612903226,1.0,31,22.0,Symphyotrichum,True,Q4 high,R2
Symphyotrichum tenuifolium,0.0714285714285714,0.2142857142857142,1.0,0.2857142857142857,0.5714285714285714,1.0,0.1428571428571428,0.5714285714285714,1.0,0.2142857142857142,0.5714285714285714,1.0,0.1428571428571428,0.6428571428571429,1.0,0.1428571428571428,0.4285714285714285,1.0,14,41.0,Symphyotrichum,True,Q3,R3
Syngonanthus flavidulus,0.0,0.0,0.0,0.0,0.0,0.0,0.0,1.0,0.0,0.0,1.0,0.0,1.0,1.0,1.0,1.0,1.0,1.0,1,24.0,Syngonanthus,False,Q1 low,R2
Tamarix ramosissima,0.1904761904761904,0.7142857142857143,1.0,0.1904761904761904,0.6666666666666666,1.0,0.238095238095238,0.6190476190476191,1.0,0.0952380952380952,0.6190476190476191,1.0,0.0952380952380952,0.6190476190476191,1.0,0.0952380952380952,0.3809523809523809,1.0,21,73.0,Tamarix,True,Q4 high,R3
Tecoma stans,0.0769230769230769,0.3333333333333333,1.0,0.0512820512820512,0.3333333333333333,1.0,0.1538461538461538,0.3846153846153846,1.0,0.0769230769230769,0.3333333333333333,1.0,0.1538461538461538,0.4102564102564102,1.0,0.1538461538461538,0.4358974358974359,1.0,39,33.0,Tecoma,False,Q4 high,R2
Tephrosia onobrychoides,0.0,0.0,0.0,0.0,0.0,0.0,0.0,0.0,0.0,0.0,0.0,0.0,0.0,0.0,0.0,0.0,0.0,0.0,1,11.0,Tephrosia,True,Q1 low,narrow
Tetradymia axillaris,0.0,0.0,0.0,0.0,0.0,0.0,0.0,0.0,0.0,0.0,0.0,0.0,0.0,0.0,0.0,0.0,0.0,0.0,1,22.0,Tetradymia,True,Q1 low,R2
Teucrium cubense,0.6666666666666666,0.6666666666666666,1.0,0.0,0.0,0.0,0.3333333333333333,0.6666666666666666,1.0,0.3333333333333333,0.6666666666666666,1.0,0.0,0.6666666666666666,0.0,0.3333333333333333,0.6666666666666666,1.0,3,37.0,Teucrium,True,Q2,R2
Thermopsis montana,0.0,0.3333333333333333,0.0,0.4,0.8,1.0,0.4,0.7333333333333333,1.0,0.5333333333333333,0.8,1.0,0.5333333333333333,0.8666666666666667,1.0,0.6,0.8666666666666667,1.0,15,33.0,Thermopsis,True,Q3,R2
Thymophylla tenuiloba,0.0,0.3333333333333333,0.0,0.3333333333333333,0.3333333333333333,1.0,0.0,0.3333333333333333,0.0,0.0,0.3333333333333333,0.0,0.3333333333333333,0.3333333333333333,1.0,0.3333333333333333,0.3333333333333333,1.0,3,19.0,Thymophylla,True,Q2,narrow
Tiedemannia filiformis,0.2,0.5,1.0,0.4,0.6,1.0,0.0,0.4,0.0,0.2,0.5,1.0,0.1,0.5,1.0,0.2,0.7,1.0,10,21.0,Tiedemannia,False,Q3,R2
Torilis nodosa,0.0,1.0,0.0,0.0,1.0,0.0,1.0,1.0,1.0,1.0,1.0,1.0,0.0,1.0,0.0,1.0,1.0,1.0,1,21.0,Torilis,True,Q1 low,R2
Tradescantia fluminensis,0.0,0.0,0.0,0.4285714285714285,0.4285714285714285,1.0,0.1428571428571428,0.5714285714285714,1.0,0.2857142857142857,0.5714285714285714,1.0,0.1428571428571428,0.5714285714285714,1.0,0.2857142857142857,0.5714285714285714,1.0,7,15.0,Tradescantia,True,Q3,narrow
Tragopogon dubius,0.1428571428571428,0.238095238095238,1.0,0.0952380952380952,0.2857142857142857,1.0,0.1428571428571428,0.4285714285714285,1.0,0.0952380952380952,0.3809523809523809,1.0,0.0476190476190476,0.4285714285714285,1.0,0.0476190476190476,0.3809523809523809,1.0,21,454.0,Tragopogon,True,Q4 high,wide
Tribulus terrestris,0.2666666666666666,0.6,1.0,0.2666666666666666,0.5333333333333333,1.0,0.2666666666666666,0.5333333333333333,1.0,0.1333333333333333,0.4,1.0,0.2,0.2666666666666666,1.0,0.1333333333333333,0.3333333333333333,1.0,15,199.0,Tribulus,True,Q3,wide
Trichostema parishii,0.0,0.5,0.0,0.25,0.75,1.0,0.5,0.75,1.0,0.5,1.0,1.0,0.5,1.0,1.0,0.5,0.75,1.0,4,11.0,Trichostema,True,Q2,narrow
Trifolium arvense,0.0769230769230769,0.3076923076923077,1.0,0.3076923076923077,0.7692307692307693,1.0,0.3076923076923077,0.5384615384615384,1.0,0.1538461538461538,0.6153846153846154,1.0,0.2307692307692307,0.6153846153846154,1.0,0.3846153846153846,0.7692307692307693,1.0,13,224.0,Trifolium,True,Q3,wide
Trifolium hirtum,0.2121212121212121,0.5151515151515151,1.0,0.1515151515151515,0.3939393939393939,1.0,0.1818181818181818,0.6060606060606061,1.0,0.1515151515151515,0.4848484848484848,1.0,0.1515151515151515,0.5151515151515151,1.0,0.1818181818181818,0.5151515151515151,1.0,33,77.0,Trifolium,True,Q4 high,R3
Trifolium incarnatum,0.1785714285714285,0.3571428571428571,1.0,0.2857142857142857,0.5714285714285714,1.0,0.2857142857142857,0.6428571428571429,1.0,0.3214285714285714,0.7142857142857143,1.0,0.3214285714285714,0.6785714285714286,1.0,0.3214285714285714,0.6785714285714286,1.0,28,241.0,Trifolium,True,Q4 high,wide
Trifolium repens,0.0333333333333333,0.1083333333333333,1.0,0.0416666666666666,0.1875,1.0,0.0416666666666666,0.1916666666666666,1.0,0.0416666666666666,0.1958333333333333,1.0,0.0375,0.1875,1.0,0.0375,0.1833333333333333,1.0,240,874.0,Trifolium,True,Q4 high,wide
Trillium ovatum,0.2,0.4,1.0,0.2,0.4,1.0,0.4,0.4,1.0,0.4,0.4,1.0,0.4,0.6,1.0,0.2,0.6,1.0,5,186.0,Trillium,True,Q2,wide
Turnera ulmifolia,0.0952380952380952,0.3809523809523809,1.0,0.0476190476190476,0.5238095238095238,1.0,0.238095238095238,0.6190476190476191,1.0,0.1904761904761904,0.6666666666666666,1.0,0.238095238095238,0.7142857142857143,1.0,0.238095238095238,0.6190476190476191,1.0,21,25.0,Turnera,False,Q4 high,R2
Ulmus rubra,0.0,0.0,0.0,0.0833333333333333,0.25,1.0,0.0833333333333333,0.3333333333333333,1.0,0.0,0.1666666666666666,0.0,0.0833333333333333,0.1666666666666666,1.0,0.0833333333333333,0.4166666666666667,1.0,12,71.0,Ulmus,True,Q3,R3
Vaccinium corymbosum,0.0179640718562874,0.0718562874251497,1.0,0.0538922155688622,0.1437125748502994,1.0,0.0419161676646706,0.1616766467065868,1.0,0.0538922155688622,0.1377245508982036,1.0,0.0359281437125748,0.1317365269461078,1.0,0.0179640718562874,0.1437125748502994,1.0,167,165.0,Vaccinium,True,Q4 high,wide
Vaccinium macrocarpon,0.0,0.15625,0.0,0.1875,0.3125,1.0,0.1875,0.34375,1.0,0.1875,0.3125,1.0,0.125,0.375,1.0,0.1875,0.34375,1.0,32,150.0,Vaccinium,True,Q4 high,wide
Vaccinium uliginosum,0.0,0.3333333333333333,0.0,0.3333333333333333,0.6666666666666666,1.0,0.6666666666666666,1.0,1.0,0.3333333333333333,1.0,1.0,0.3333333333333333,1.0,1.0,0.3333333333333333,0.6666666666666666,1.0,3,39.0,Vaccinium,True,Q2,R2
Veratrum viride,0.0,0.4,0.0,0.0,0.4,0.0,0.0,0.0,0.0,0.0,0.0,0.0,0.0,0.4,0.0,0.0,0.2,0.0,5,162.0,Veratrum,True,Q2,wide
Verbena canescens,0.0,0.0,0.0,0.0,1.0,0.0,0.0,1.0,0.0,0.0,1.0,0.0,0.0,1.0,0.0,0.0,1.0,0.0,1,20.0,Verbena,True,Q1 low,narrow
Verbena halei,0.3,0.8,1.0,0.1,0.7,1.0,0.1,0.8,1.0,0.2,0.8,1.0,0.2,0.7,1.0,0.1,0.6,1.0,10,68.0,Verbena,True,Q3,R3
Vernonia arkansana,0.0,0.25,0.0,0.1875,0.5,1.0,0.125,0.3125,1.0,0.1875,0.375,1.0,0.1875,0.5,1.0,0.25,0.6875,1.0,16,23.0,Vernonia,True,Q3,R2
Vernonia missurica,0.03125,0.4375,1.0,0.21875,0.6875,1.0,0.125,0.40625,1.0,0.21875,0.46875,1.0,0.21875,0.59375,1.0,0.28125,0.5625,1.0,32,27.0,Vernonia,True,Q4 high,R2
Vesper montanus,0.0,0.0,0.0,0.0,0.0,0.0,0.0,1.0,0.0,0.0,1.0,0.0,1.0,1.0,1.0,0.0,1.0,0.0,1,21.0,Vesper,False,Q1 low,R2
Viburnum acerifolium,0.0,0.0,0.0,0.0,0.1578947368421052,0.0,0.0,0.0526315789473684,0.0,0.0,0.0526315789473684,0.0,0.1052631578947368,0.3157894736842105,1.0,0.1052631578947368,0.3157894736842105,1.0,19,376.0,Viburnum,True,Q4 high,wide
Viburnum lentago,0.0,0.0,0.0,0.3333333333333333,0.6666666666666666,1.0,0.0,0.0,0.0,0.0,0.3333333333333333,0.0,0.3333333333333333,0.6666666666666666,1.0,0.1666666666666666,0.6666666666666666,1.0,6,212.0,Viburnum,True,Q2,wide
Viburnum nudum,0.1666666666666666,0.3333333333333333,1.0,0.1111111111111111,0.3333333333333333,1.0,0.0,0.2777777777777778,0.0,0.0555555555555555,0.3333333333333333,1.0,0.0,0.3888888888888889,0.0,0.0,0.3333333333333333,0.0,18,48.0,Viburnum,True,Q3,R3
Viburnum rafinesqueanum,0.0909090909090909,0.0909090909090909,1.0,0.1818181818181818,0.4545454545454545,1.0,0.0909090909090909,0.0909090909090909,1.0,0.0,0.2727272727272727,0.0,0.0,0.1818181818181818,0.0,0.0,0.3636363636363636,0.0,11,61.0,Viburnum,True,Q3,R3
Viburnum rhytidophyllum,0.0,0.0,0.0,0.0,0.0,0.0,0.0,0.0,0.0,0.0,0.0,0.0,0.0,0.0,0.0,0.0,0.0,0.0,1,10.0,Viburnum,True,Q1 low,narrow
Viburnum sieboldii,0.0,0.0,0.0,0.0,0.0,0.0,0.0,0.0,0.0,0.0,1.0,0.0,0.0,0.0,0.0,0.0,0.0,0.0,1,18.0,Viburnum,True,Q1 low,narrow
Vicia acutifolia,0.0,0.75,0.0,0.25,0.25,1.0,0.75,1.0,1.0,0.75,1.0,1.0,0.5,0.75,1.0,0.5,0.75,1.0,4,34.0,Vicia,True,Q2,R2
Vicia benghalensis,0.0142857142857142,0.1285714285714285,1.0,0.1428571428571428,0.4714285714285714,1.0,0.1,0.3285714285714285,1.0,0.1,0.3428571428571428,1.0,0.1142857142857142,0.4857142857142857,1.0,0.1285714285714285,0.5,1.0,70,17.0,Vicia,True,Q4 high,narrow
Vinca minor,0.081081081081081,0.2162162162162162,1.0,0.054054054054054,0.3243243243243243,1.0,0.2432432432432432,0.4864864864864865,1.0,0.1621621621621621,0.3783783783783784,1.0,0.1351351351351351,0.4594594594594595,1.0,0.1891891891891892,0.5135135135135135,1.0,37,502.0,Vinca,True,Q4 high,wide
Viola lobata,0.0,0.0,0.0,0.0,1.0,0.0,0.0,0.0,0.0,0.0,0.5,0.0,0.0,0.0,0.0,0.0,1.0,0.0,2,32.0,Viola,True,Q1 low,R2
Viola pedata,0.0857142857142857,0.2,1.0,0.1428571428571428,0.4857142857142857,1.0,0.0857142857142857,0.2857142857142857,1.0,0.0857142857142857,0.2857142857142857,1.0,0.1142857142857142,0.3714285714285714,1.0,0.1428571428571428,0.4285714285714285,1.0,35,248.0,Viola,True,Q4 high,wide
Viola sempervirens,0.0,1.0,0.0,0.0,1.0,0.0,0.0,1.0,0.0,0.0,1.0,0.0,0.0,1.0,0.0,1.0,1.0,1.0,1,78.0,Viola,True,Q1 low,R3
Vitis rotundifolia,0.0,1.0,0.0,0.25,0.25,1.0,0.25,1.0,1.0,0.0,0.75,0.0,0.25,1.0,1.0,0.25,1.0,1.0,4,305.0,Vitis,True,Q2,wide
Wahlenbergia marginata,0.0,0.0,0.0,0.0,0.0,0.0,0.0,0.5,0.0,0.0,0.0,0.0,0.0,0.0,0.0,0.0,1.0,0.0,2,74.0,Wahlenbergia,False,Q1 low,R3
Wisteria frutescens,0.25,0.4166666666666667,1.0,0.4166666666666667,0.8333333333333334,1.0,0.4166666666666667,0.75,1.0,0.5,0.8333333333333334,1.0,0.5833333333333334,0.8333333333333334,1.0,0.5833333333333334,0.9166666666666666,1.0,12,68.0,Wisteria,True,Q3,R3
Xylorhiza cognata,0.1428571428571428,0.4285714285714285,1.0,0.4285714285714285,0.5714285714285714,1.0,0.1428571428571428,0.5714285714285714,1.0,0.1428571428571428,0.2857142857142857,1.0,0.2857142857142857,0.5714285714285714,1.0,0.4285714285714285,0.7142857142857143,1.0,7,3.0,Xylorhiza,True,Q3,narrow
Yucca campestris,0.1428571428571428,0.1428571428571428,1.0,0.1428571428571428,0.2857142857142857,1.0,0.0,0.1428571428571428,0.0,0.0,0.0,0.0,0.1428571428571428,0.2857142857142857,1.0,0.0,0.1428571428571428,0.0,7,13.0,Yucca,True,Q3,narrow
Zanthoxylum americanum,0.0952380952380952,0.0952380952380952,1.0,0.0476190476190476,0.0952380952380952,1.0,0.0952380952380952,0.1428571428571428,1.0,0.0952380952380952,0.1428571428571428,1.0,0.0952380952380952,0.238095238095238,1.0,0.0952380952380952,0.3809523809523809,1.0,21,104.0,Zanthoxylum,True,Q4 high,wide
Zephyranthes simpsonii,0.0,0.0,0.0,0.0,0.0,0.0,0.0,0.0,0.0,0.0,0.0,0.0,0.0,0.0,0.0,0.0,0.0,0.0,1,15.0,Zephyranthes,False,Q1 low,narrow
Zizia aurea,0.04375,0.0875,1.0,0.05,0.19375,1.0,0.04375,0.1875,1.0,0.04375,0.175,1.0,0.025,0.14375,1.0,0.025,0.1,1.0,160,274.0,Zizia,False,Q4 high,wide
