plant,pollinator
Abrus precatorius,Bombus impatiens
Abrus precatorius,Bombus pensylvanicus
Abrus precatorius,Lasioglossum tegulare
Abrus precatorius,Megachile exilis
Abrus precatorius,Megachile petulans
Abutilon theophrasti,Archilochus colubris
Abutilon theophrasti,Bombus pensylvanicus
Abutilon theophrasti,Lasioglossum versatum
Abutilon theophrasti,Megachile brevis
Abutilon theophrasti,Megachile latimanus
Abutilon theophrasti,Melissodes agilis
Abutilon theophrasti,Melissodes bimaculatus
Abutilon theophrasti,Melissodes boltoniae
Abutilon theophrasti,Melissodes communis
Abutilon theophrasti,Melissodes comptoides
Abutilon theophrasti,Melissodes druriellus
Abutilon theophrasti,Melissodes niveus
Abutilon theophrasti,Melissodes tepaneca
Abutilon theophrasti,Pholisora catullus
Abutilon theophrasti,Pieris rapae
Abutilon theophrasti,Svastra obliqua
Abutilon theophrasti,Toxomerus marginatus
Acacia baileyana,Apis mellifera
Acacia dealbata,Bombus
Acacia verticillata,Habropoda depressa
Acaciella angustissima,Exomalopsis mellipes
Acaciella angustissima,Melissoptila otomita
Acalypha persimilis,Abaeis nicippe
Acer platanoides,Chalcosyrphus nemorum
Acer platanoides,Coccinella septempunctata
Acer platanoides,Dasysyrphus venustus
Acer platanoides,Epistrophe nitidicollis
Acer platanoides,Episyrphus balteatus
Acer platanoides,Eristalis tenax
Acer platanoides,Meligramma triangulifera
Acer platanoides,Myathropa florea
Acer platanoides,Syritta pipiens
Acer platanoides,Syrphus ribesii
Acer platanoides,Syrphus torvus
Acer platanoides,Syrphus vitripennis
Acer platanoides,Xylota segnis
Acer pseudoplatanus,Andrena barbilabris
Acer pseudoplatanus,Andrena wilkella
Acer pseudoplatanus,Apis mellifera
Acer pseudoplatanus,Bombus
Acer pseudoplatanus,Bombus lapidarius
Acer pseudoplatanus,Chalcosyrphus nemorum
Acer pseudoplatanus,Dasysyrphus venustus
Acer pseudoplatanus,Epistrophe nitidicollis
Acer pseudoplatanus,Episyrphus balteatus
Acer pseudoplatanus,Eristalis arbustorum
Acer pseudoplatanus,Eristalis tenax
Acer pseudoplatanus,Meligramma triangulifera
Acer pseudoplatanus,Meliscaeva cinctella
Acer pseudoplatanus,Myathropa florea
Acer pseudoplatanus,Sarcophaga subvicina
Acer pseudoplatanus,Syritta pipiens
Acer pseudoplatanus,Syrphus ribesii
Acer pseudoplatanus,Syrphus vitripennis
Acer pseudoplatanus,Xylota segnis
Acer saccharum,Lasioglossum ephialtum
Achillea millefolium,Aglais io
Achillea millefolium,Aglais milberti
Achillea millefolium,Aglais urticae
Achillea millefolium,Anambodera gemina
Achillea millefolium,Anthonomus rubi
Achillea millefolium,Anthophila fabriciana
Achillea millefolium,Araschnia levana
Achillea millefolium,Aricia agestis
Achillea millefolium,Athalia rosae
Achillea millefolium,Bellardia vulgaris
Achillea millefolium,Blera scitula
Achillea millefolium,Boloria titania
Achillea millefolium,Bombus hypnorum
Achillea millefolium,Bombus lapidarius
Achillea millefolium,Botanophila fugax
Achillea millefolium,Brachypterus urticae
Achillea millefolium,Brassicogethes aeneus
Achillea millefolium,Calliphora vicina
Achillea millefolium,Calliphora vomitoria
Achillea millefolium,Carterocephalus palaemon
Achillea millefolium,Celastrina ladon
Achillea millefolium,Ceratitis capitata
Achillea millefolium,Cerceris compacta
Achillea millefolium,Cerceris nigrescens
Achillea millefolium,Chloromyia formosa
Achillea millefolium,Chrysops striatus
Achillea millefolium,Coenonympha tullia
Achillea millefolium,Coenosia tigrina
Achillea millefolium,Colias croceus
Achillea millefolium,Colias hyale
Achillea millefolium,Colias meadii
Achillea millefolium,Copestylum mexicanum
Achillea millefolium,Ctenucha brunnea
Achillea millefolium,Cylindromyia interrupta
Achillea millefolium,Delia platura
Achillea millefolium,Delia radicum
Achillea millefolium,Dinera grisescens
Achillea millefolium,Discomyza incurva
Achillea millefolium,Dufourea maura
Achillea millefolium,Eana osseana
Achillea millefolium,Echinargus isola
Achillea millefolium,Ectemnius borealis
Achillea millefolium,Epidemia dorcas
Achillea millefolium,Episyrphus balteatus
Achillea millefolium,Erebia epipsodea
Achillea millefolium,Erebia tyndarus
Achillea millefolium,Eristalis anthophorina
Achillea millefolium,Eristalis obscura
Achillea millefolium,Eristalis rupium
Achillea millefolium,Erynnis pacuvius
Achillea millefolium,Euchloe ausonides
Achillea millefolium,Eupeodes latifasciatus
Achillea millefolium,Glaucopsyche lygdamus
Achillea millefolium,Graphomya maculata
Achillea millefolium,Gymnoclytia immaculata
Achillea millefolium,Gymnoclytia occidua
Achillea millefolium,Halictus parallelus
Achillea millefolium,Helophilus hybridus
Achillea millefolium,Heriades truncorum
Achillea millefolium,Hesperia comma
Achillea millefolium,Hesperia viridis
Achillea millefolium,Hylaeus annulatus
Achillea millefolium,Hylaeus hyalinatus
Achillea millefolium,Lasioglossum anomalum
Achillea millefolium,Lasioglossum hitchensi
Achillea millefolium,Lasioglossum leucozonium
Achillea millefolium,Lasioglossum versatum
Achillea millefolium,Leptotes marina
Achillea millefolium,Lucilia bufonivora
Achillea millefolium,Lucilia illustris
Achillea millefolium,Lucilia silvarum
Achillea millefolium,Lycaena gorgon
Achillea millefolium,Lycaena heteronea
Achillea millefolium,Lycaena phlaeas
Achillea millefolium,Lycaena rubidus
Achillea millefolium,Lycaena xanthoides
Achillea millefolium,Megachile petulans
Achillea millefolium,Mordella melaena
Achillea millefolium,Musca autumnalis
Achillea millefolium,Musca domestica
Achillea millefolium,Nathalis iole
Achillea millefolium,Neominois ridingsii
Achillea millefolium,Neomyia cornicina
Achillea millefolium,Nomada cuneata
Achillea millefolium,Oarisma garita
Achillea millefolium,Occidryas anicia
Achillea millefolium,Ochlodes snowi
Achillea millefolium,Oeneis melissa
Achillea millefolium,Ogcodocera leucoprocta
Achillea millefolium,Opomyza germinationis
Achillea millefolium,Oscinella frit
Achillea millefolium,Oxybelus emarginatus
Achillea millefolium,Papilio machaon
Achillea millefolium,Phyciodes batesii
Achillea millefolium,Pieris marginalis
Achillea millefolium,Pieris napi
Achillea millefolium,Pipiza quadrimaculata
Achillea millefolium,Piruna pirus
Achillea millefolium,Platycheirus stegnus
Achillea millefolium,Plebejus saepiolus
Achillea millefolium,Poladryas minuta
Achillea millefolium,Polites coras
Achillea millefolium,Polites mystic
Achillea millefolium,Polites origenes
Achillea millefolium,Polites sabuleti
Achillea millefolium,Pollenia angustigena
Achillea millefolium,Pollenia pediculata
Achillea millefolium,Polygonia c-album
Achillea millefolium,Polyommatus icarus
Achillea millefolium,Protophormia terraenovae
Achillea millefolium,Pseudospinolia neglecta
Achillea millefolium,Pyrausta subsequalis
Achillea millefolium,Pyrgus communis
Achillea millefolium,Pyrophaena granditarsa
Achillea millefolium,Saltella sphondylii
Achillea millefolium,Sarcophaga subvicina
Achillea millefolium,Sitona obsoletus
Achillea millefolium,Speyeria aphrodite
Achillea millefolium,Speyeria atlantis
Achillea millefolium,Speyeria callippe
Achillea millefolium,Speyeria mormonia
Achillea millefolium,Sphecodes ranunculi
Achillea millefolium,Syrphus ribesii
Achillea millefolium,Syrphus vitripennis
Achillea millefolium,Tharsalea arota
Achillea millefolium,Thecophora occidensis
Achillea millefolium,Thessalia leanira
Achillea millefolium,Tipula
Achillea millefolium,Trichiotinus affinis
Achillea millefolium,Trichodes apiarius
Achillea millefolium,Urophora stylata
Achillea millefolium,Vespa crabro
Achillea millefolium,Villa agrippina
Achillea millefolium,Xylota segnis
Achillea ptarmica,Aglais urticae
Achillea ptarmica,Eristalis arbustorum
Achillea ptarmica,Eristalis tenax
Achillea ptarmica,Halictus rubicundus
Achillea ptarmica,Harmonia axyridis
Achillea ptarmica,Helophilus hybridus
Achillea ptarmica,Heriades truncorum
Achillea ptarmica,Hylaeus annulatus
Achillea ptarmica,Hylaeus hyalinatus
Achillea ptarmica,Hylaeus leptocephalus
Achillea ptarmica,Hylaeus pictipes
Achillea ptarmica,Hylaeus punctatus
Achillea ptarmica,Leucoma salicis
Achillea ptarmica,Lithurgus chrysurus
Achillea ptarmica,Lycaena phlaeas
Achillea ptarmica,Myathropa florea
Achillea ptarmica,Polyommatus icarus
Achillea ptarmica,Rhagonycha fulva
Achillea ptarmica,Syritta pipiens
Acmispon americanus,Anthidiellum notatum
Acmispon americanus,Anthidiellum robertsoni
Acmispon americanus,Ashmeadiella cactorum
Acmispon americanus,Megachile angelarum
Acmispon americanus,Megachile brevis
Aconitum columbianum,Bombus
Actaea racemosa,Trichiotinus affinis
Actaea rubra,Augochlorella aurata
Actaea rubra,Lasioglossum pectorale
Aegopodium podagraria,Andrena barbilabris
Aegopodium podagraria,Anthrenus fuscus
Aegopodium podagraria,Athous haemorrhoidalis
Aegopodium podagraria,Bellardia vulgaris
Aegopodium podagraria,Bombus bohemicus
Aegopodium podagraria,Bombus hypnorum
Aegopodium podagraria,Bombus lapidarius
Aegopodium podagraria,Botanophila fugax
Aegopodium podagraria,Chloromyia formosa
Aegopodium podagraria,Chrysis fuscipennis
Aegopodium podagraria,Clytus arietis
Aegopodium podagraria,Crioceris duodecimpunctata
Aegopodium podagraria,Delia platura
Aegopodium podagraria,Delia radicum
Aegopodium podagraria,Epistrophe grossulariae
Aegopodium podagraria,Epistrophe nitidicollis
Aegopodium podagraria,Episyrphus balteatus
Aegopodium podagraria,Eristalis nemorum
Aegopodium podagraria,Eristalis rupium
Aegopodium podagraria,Eristalis tenax
Aegopodium podagraria,Eupeodes latifasciatus
Aegopodium podagraria,Gnophaela vermiculata
Aegopodium podagraria,Halictus rubicundus
Aegopodium podagraria,Hylaeus annulatus
Aegopodium podagraria,Hylaeus hyalinatus
Aegopodium podagraria,Hylaeus leptocephalus
Aegopodium podagraria,Hylaeus pictipes
Aegopodium podagraria,Hylaeus punctatus
Aegopodium podagraria,Lapposyrphus lapponicus
Aegopodium podagraria,Lucilia silvarum
Aegopodium podagraria,Meliscaeva cinctella
Aegopodium podagraria,Myathropa florea
Aegopodium podagraria,Oxybelus uniglumis
Aegopodium podagraria,Pieris napi
Aegopodium podagraria,Rhagonycha fulva
Aegopodium podagraria,Scathophaga stercoraria
Aegopodium podagraria,Syrphus ribesii
Aegopodium podagraria,Syrphus vitripennis
Aegopodium podagraria,Vanessa atalanta
Aegopodium podagraria,Vanessa cardui
Aesculus californica,Ceratina punctigena
Aesculus californica,Cyaniris neglecta
Aesculus californica,Eresia aveyrona
Aesculus californica,Hesperia lindseyi
Aesculus californica,Icaricia icarioides
Aesculus californica,Junonia coenia
Aesculus californica,Lycaena gorgon
Aesculus californica,Thecla tetra
Aesculus californica,Thorybes pylades
Aesculus glabra,Anthophora ursina
Aesculus glabra,Osmia bucephala
Aesculus glabra,Osmia cordata
Aesculus hippocastanum,Bombus auricomus
Aesculus hippocastanum,Bombus hypnorum
Aesculus hippocastanum,Bombus lapidarius
Aesculus hippocastanum,Bombus pensylvanicus
Aesculus hippocastanum,Cheilosia albitarsis
Aesculus hippocastanum,Dasysyrphus venustus
Aesculus hippocastanum,Epistrophe nitidicollis
Aesculus hippocastanum,Episyrphus balteatus
Aesculus hippocastanum,Eristalis arbustorum
Aesculus hippocastanum,Eristalis tenax
Aesculus hippocastanum,Habropoda depressa
Aesculus hippocastanum,Helophilus hybridus
Aesculus hippocastanum,Meliscaeva cinctella
Aesculus hippocastanum,Merodon equestris
Aesculus hippocastanum,Myathropa florea
Aesculus hippocastanum,Syritta pipiens
Aesculus hippocastanum,Syrphus ribesii
Aesculus hippocastanum,Syrphus vitripennis
Aesculus hippocastanum,Vanessa atalanta
Aesculus hippocastanum,Vespa crabro
Aesculus hippocastanum,Xylota segnis
Aesculus sylvatica,Habropoda laboriosa
Agalinis filifolia,Agapostemon splendens
Agalinis filifolia,Anthidium maculifrons
Agalinis filifolia,Augochlorella aurata
Agalinis filifolia,Bombus impatiens
Agalinis filifolia,Bombus pensylvanicus
Agalinis filifolia,Hylaeus confluens
Agalinis filifolia,Lasioglossum tegulare
Agalinis filifolia,Megachile albitarsis
Agalinis filifolia,Megachile mendica
Agalinis filifolia,Megachile petulans
Agalinis filifolia,Megachile pseudobrevis
Agalinis filifolia,Megachile texana
Agalinis purpurea,Bombus pensylvanicus
Agalinis purpurea,Ceratina calcarata
Agalinis purpurea,Megachile brevis
Agalinis purpurea,Megachile mendica
Agalinis purpurea,Melissodes boltoniae
Agalinis purpurea,Melissodes niveus
Agalinis tenuifolia,Apis mellifera
Agalinis tenuifolia,Augochlorella aurata
Agalinis tenuifolia,Calliopsis andreniformis
Agalinis tenuifolia,Ceratina dupla
Agalinis tenuifolia,Eupeodes americanus
Agalinis tenuifolia,Lasioglossum versatum
Agalinis tenuifolia,Megachile brevis
Agalinis tenuifolia,Megachile latimanus
Agalinis tenuifolia,Megachile mendica
Agalinis tenuifolia,Melissodes boltoniae
Agalinis tenuifolia,Pieris rapae
Agalinis tenuifolia,Pyrota mylabrina
Agastache nepetoides,Ammophila nigricans
Agastache nepetoides,Augochlora pura
Agastache nepetoides,Exoprosopa fasciata
Agastache nepetoides,Lasioglossum imitatum
Agastache nepetoides,Lasioglossum versatum
Agastache nepetoides,Melissodes bimaculatus
Agastache nepetoides,Pieris rapae
Agastache scrophulariifolia,Bombus auricomus
Agastache scrophulariifolia,Exoprosopa fasciata
Agastache scrophulariifolia,Megachile mendica
Agastache urticifolia,Euphyes vestris
Agastache urticifolia,Osmia juxta
Agastache urticifolia,Papilio glaucus
Agastache urticifolia,Speyeria atlantis
Agastache urticifolia,Speyeria callippe
Agastache urticifolia,Speyeria zerene
Agave parryi,Cynanthus latirostris
Agave parryi,Eugenes fulgens
Agave schottii,Cynanthus latirostris
Ageratina adenophora,Apis mellifera
Ageratina adenophora,Danaus plexippus
Ageratina adenophora,Pararge aegeria
Ageratina adenophora,Vanessa atalanta
Ageratina altissima,Augochlorella aurata
Ageratina altissima,Exoprosopa fasciata
Ageratina altissima,Larropsis distincta
Ageratina altissima,Lasioglossum imitatum
Ageratina altissima,Megachile mendica
Ageratina altissima,Paradidyma singularis
Ageratina altissima,Rhingia nasica
Ageratina altissima,Syrphus ribesii
Agoseris aurantiaca,Parnassius smintheus
Agoseris aurantiaca,Speyeria atlantis
Agoseris aurantiaca,Speyeria callippe
Agoseris aurantiaca,Speyeria mormonia
Agoseris aurantiaca,Tapinoma sessile
Agoseris glauca,Bombus frigidus
Agoseris glauca,Bombus sylvicola
Agoseris glauca,Oeneis chryxus
Agoseris glauca,Thymelicus lineola
Agrimonia striata,Lasioglossum versatum
Agrostis stolonifera,Bellardia vulgaris
Agrostis stolonifera,Chloromyia formosa
Agrostis stolonifera,Episyrphus balteatus
Agrostis stolonifera,Pollenia pediculata
Agrostis stolonifera,Rhagonycha fulva
Agrostis stolonifera,Scathophaga stercoraria
Ajuga reptans,Aglais io
Ajuga reptans,Anthocharis cardamines
Ajuga reptans,Boloria selene
Ajuga reptans,Bombus
Ajuga reptans,Bombus huntii
Ajuga reptans,Bombus hypnorum
Ajuga reptans,Bombus lapidarius
Ajuga reptans,Bombus vagans
Ajuga reptans,Bombylius major
Ajuga reptans,Carterocephalus palaemon
Ajuga reptans,Celastrina argiolus
Ajuga reptans,Eristalis tenax
Ajuga reptans,Eupeodes volucris
Ajuga reptans,Euphydryas aurinia
Ajuga reptans,Macroglossum stellatarum
Ajuga reptans,Osmia caerulescens
Ajuga reptans,Papilio machaon
Ajuga reptans,Pararge aegeria
Ajuga reptans,Pieris napi
Ajuga reptans,Polyommatus icarus
Albizia julibrissin,Andrena wilkella
Albizia julibrissin,Megachile ericetorum
Alcea rosea,Autographa californica
Alcea rosea,Bombus affinis
Alcea rosea,Bombus hypnorum
Alcea rosea,Bombus lapidarius
Alcea rosea,Bombus ternarius
Alliaria petiolata,Aglais io
Alliaria petiolata,Agrotis ipsilon
Alliaria petiolata,Amphipyra tragopoginis
Alliaria petiolata,Anthocharis cardamines
Alliaria petiolata,Apamea sordens
Alliaria petiolata,Autographa gamma
Alliaria petiolata,Brassicogethes aeneus
Alliaria petiolata,Caradrina morpheus
Alliaria petiolata,Celastrina argiolus
Alliaria petiolata,Cheilosia albitarsis
Alliaria petiolata,Dasysyrphus venustus
Alliaria petiolata,Delia platura
Alliaria petiolata,Dysstroma truncata
Alliaria petiolata,Epirrhoe alternata
Alliaria petiolata,Episyrphus balteatus
Alliaria petiolata,Hydraecia micacea
Alliaria petiolata,Hydriomena furcata
Alliaria petiolata,Idaea dimidiata
Alliaria petiolata,Lasioglossum zonulum
Alliaria petiolata,Leucoma salicis
Alliaria petiolata,Lycaena phlaeas
Alliaria petiolata,Meliscaeva cinctella
Alliaria petiolata,Mesapamea secalis
Alliaria petiolata,Noctua comes
Alliaria petiolata,Noctua pronuba
Alliaria petiolata,Oligia strigilis
Alliaria petiolata,Pararge aegeria
Alliaria petiolata,Phragmatobia fuliginosa
Alliaria petiolata,Pieris napi
Alliaria petiolata,Polygonia c-album
Alliaria petiolata,Scathophaga stercoraria
Alliaria petiolata,Tyria jacobaeae
Alliaria petiolata,Xestia c-nigrum
Alliaria petiolata,Xestia xanthographa
Allium cernuum,Elkalyce amyntula
Allium cernuum,Erynnis horatius
Allium cernuum,Phyciodes tharos
Allium cernuum,Polistes dominula
Allium neapolitanum,Apis mellifera
Allium neapolitanum,Delia platura
Allium neapolitanum,Pararge aegeria
Allium neapolitanum,Pieris rapae
Allium schoenoprasum,Aglais urticae
Allium schoenoprasum,Anthocharis cardamines
Allium schoenoprasum,Boloria selene
Allium schoenoprasum,Bombus huntii
Allium schoenoprasum,Bombus hypnorum
Allium schoenoprasum,Bombus lapidarius
Allium schoenoprasum,Bombylius major
Allium schoenoprasum,Episyrphus balteatus
Allium schoenoprasum,Eristalis flavipes
Allium schoenoprasum,Harmonia axyridis
Allium schoenoprasum,Hylaeus annulatus
Allium schoenoprasum,Lycaena phlaeas
Allium schoenoprasum,Malachius aeneus
Allium schoenoprasum,Mastor vialis
Allium schoenoprasum,Megachile frigida
Allium schoenoprasum,Megachile rotundata
Allium schoenoprasum,Megachile sculpturalis
Allium schoenoprasum,Papilio eurymedon
Allium schoenoprasum,Pieris napi
Allium schoenoprasum,Polygonia c-album
Allium triquetrum,Aglais urticae
Allium triquetrum,Anthocharis cardamines
Allium triquetrum,Apis mellifera
Allium triquetrum,Bombus hypnorum
Allium triquetrum,Bombus lapidarius
Allium triquetrum,Lycaena phlaeas
Allium triquetrum,Pieris rapae
Allium tuberosum,Bombus lapidarius
Allium unifolium,Bombus
Allium vineale,Anthidium oblongatum
Allium vineale,Anthrenus verbasci
Allium vineale,Bombus hypnorum
Allium vineale,Episyrphus balteatus
Allium vineale,Harmonia axyridis
Allium vineale,Hylaeus annulatus
Allium vineale,Megachile rotundata
Allium vineale,Megachile sculpturalis
Aloe arborescens,Phoebis philea
Alopecurus pratensis,Bruchidius villosus
Alopecurus pratensis,Scathophaga stercoraria
Alyssum desertorum,Andrena prunorum
Ambrosia artemisiifolia,Achyra rantalis
Ambrosia artemisiifolia,Ammophila pictipennis
Ambrosia artemisiifolia,Ancistrocerus gazella
Ambrosia artemisiifolia,Apis mellifera
Ambrosia artemisiifolia,Bombus impatiens
Ambrosia artemisiifolia,Chauliognathus pensylvanicus
Ambrosia artemisiifolia,Diabrotica undecimpunctata
Ambrosia artemisiifolia,Limenitis archippus
Ambrosia artemisiifolia,Megachile inimica
Ambrosia artemisiifolia,Papilio glaucus
Ambrosia artemisiifolia,Polistes fuscatus
Ambrosia artemisiifolia,Scolia dubia
Ambrosia artemisiifolia,Spoladea recurvalis
Ambrosia trifida,Episyrphus balteatus
Ambrosia trifida,Heriades truncorum
Ambrosia trifida,Hylaeus annulatus
Ambrosia trifida,Hylaeus hyalinatus
Ambrosia trifida,Hylaeus leptocephalus
Ambrosia trifida,Hylaeus pictipes
Ambrosia trifida,Hylaeus punctatus
Ambrosia trifida,Lithurgus chrysurus
Ambrosia trifida,Vespula germanica
Amelanchier alnifolia,Andrena milwaukeensis
Amelanchier alnifolia,Clossiana toddi
Amelanchier alnifolia,Erebia discoidalis
Amelanchier alnifolia,Halictus rubicundus
Amelanchier alnifolia,Papilio zelicaon
Amelanchier alnifolia,Toxomerus marginatus
Ammannia coccinea,Calliopsis andreniformis
Ammannia coccinea,Ceratina dupla
Ammannia coccinea,Elkalyce comyntas
Ammannia coccinea,Eurema lisa
Ammannia coccinea,Lasioglossum imitatum
Ammannia coccinea,Lasioglossum versatum
Ammannia coccinea,Pontia protodice
Ammannia coccinea,Syritta pipiens
Ammannia coccinea,Toxomerus marginatus
Amorpha canescens,Ammophila nigricans
Amorpha canescens,Ammophila pictipennis
Amorpha canescens,Ammophila procera
Amorpha canescens,Augochloropsis metallica
Amorpha canescens,Bicyrtes ventralis
Amorpha canescens,Bombus
Amorpha canescens,Ceratina dupla
Amorpha canescens,Cerceris bicornuta
Amorpha canescens,Coelioxys sayi
Amorpha canescens,Colletes eulophi
Amorpha canescens,Eumenes fraternus
Amorpha canescens,Geron vitripennis
Amorpha canescens,Halictus confusus
Amorpha canescens,Halictus parallelus
Amorpha canescens,Hemipenthes sinuosus
Amorpha canescens,Heriades leavitti
Amorpha canescens,Hoplitis pilosifrons
Amorpha canescens,Hylaeus affinis
Amorpha canescens,Isodontia apicalis
Amorpha canescens,Lasioglossum imitatum
Amorpha canescens,Lasioglossum tegulare
Amorpha canescens,Lasioglossum versatum
Amorpha canescens,Megachile brevis
Amorpha canescens,Philanthus ventilabris
Amorpha canescens,Phyllobaenus subfasciatus
Amorpha canescens,Prionyx atratus
Amorpha canescens,Prionyx thomae
Amorpha canescens,Tachytes distinctus
Amorpha canescens,Tachytes pepticus
Amorpha canescens,Toxophora amphitea
Amorpha canescens,Tropidia mamillata
Amorpha fruticosa,Aglais io
Amorpha fruticosa,Cyaniris neglecta
Amorpha fruticosa,Echinargus isola
Amorpha fruticosa,Leptotes marina
Amphicarpaea bracteata,Archilochus colubris
Amphicarpaea bracteata,Bombus pensylvanicus
Amsinckia menziesii,Bombus flavifrons
Amsinckia menziesii,Icaricia icarioides
Anaphalis margaritacea,Athalia rosae
Anaphalis margaritacea,Eristalis flavipes
Anchusa officinalis,Bombus
Anchusa officinalis,Bombus lapidarius
Anchusa officinalis,Bombus vancouverensis
Anchusa officinalis,Celastrina argiolus
Anchusa officinalis,Hesperia comma
Anchusa officinalis,Lycaena phlaeas
Anchusa officinalis,Pieris napi
Anchusa officinalis,Pieris rapae
Anchusa officinalis,Polyommatus icarus
Anchusa officinalis,Vanessa cardui
Anemonastrum canadense,Coccinella septempunctata
Anemonastrum canadense,Eristalis stipator
Anemonastrum canadense,Glaucopsyche lygdamus
Anemonastrum canadense,Halictus rubicundus
Anemonastrum canadense,Helophilus latifrons
Anemonastrum canadense,Phyciodes tharos
Anemonastrum canadense,Pieris rapae
Anemone cylindrica,Speyeria atlantis
Anethum graveolens,Chrysis fuscipennis
Anethum graveolens,Cyaniris neglecta
Anethum graveolens,Lucilia sericata
Anethum graveolens,Symmorphus cristatus
Anethum graveolens,Xylota segnis
Angelica hendersonii,Trichodes ornatus
Angelica lucida,Hammerschmidtia rufa
Angelica lucida,Mesembrina latreillii
Anisacanthus thurberi,Selasphorus rufus
Anoda cristata,Aellopos clavipes
Anoda cristata,Ancyloxypha arene
Anoda cristata,Apis mellifera
Anoda cristata,Ascia monuste
Anoda cristata,Episyrphus balteatus
Anoda cristata,Eurema daira
Anoda cristata,Halictus ligatus
Anoda cristata,Hemiargus ceraunus
Anoda cristata,Hylephila phyleus
Anoda cristata,Oarisma minima
Anoda cristata,Papilio rumiko
Anoda cristata,Pyrgus oileus
Anoda cristata,Pyrisitia proterpia
Anoda cristata,Strymon albata
Anoda cristata,Urbanus procne
Anoda cristata,Urbanus proteus
Anoda cristata,Xylocopa tabaniformis
Anoda cristata,Zerene cesonia
Antennaria plantaginifolia,Andrena andrenoides
Antennaria plantaginifolia,Andrena erythrogaster
Antennaria plantaginifolia,Andrena forbesii
Antennaria plantaginifolia,Andrena imitatrix
Antennaria plantaginifolia,Andrena miserabilis
Antennaria plantaginifolia,Andrena nigrae
Antennaria plantaginifolia,Andrena personata
Antennaria plantaginifolia,Anthrenus scrophulariae
Antennaria plantaginifolia,Apis mellifera
Antennaria plantaginifolia,Augochlorella aurata
Antennaria plantaginifolia,Bombus pensylvanicus
Antennaria plantaginifolia,Bombylius major
Antennaria plantaginifolia,Ceratina calcarata
Antennaria plantaginifolia,Diplotoxa versicolor
Antennaria plantaginifolia,Eristalinus aeneus
Antennaria plantaginifolia,Erynnis brizo
Antennaria plantaginifolia,Halictus ligatus
Antennaria plantaginifolia,Halictus rubicundus
Antennaria plantaginifolia,Hylaeus sparsus
Antennaria plantaginifolia,Lasioglossum foxii
Antennaria plantaginifolia,Lasioglossum imitatum
Antennaria plantaginifolia,Lasioglossum pectorale
Antennaria plantaginifolia,Lasioglossum pruinosum
Antennaria plantaginifolia,Lasioglossum versatum
Antennaria plantaginifolia,Limnophora narona
Antennaria plantaginifolia,Morellia micans
Antennaria plantaginifolia,Nomada cressonii
Antennaria plantaginifolia,Nomada integerrima
Antennaria plantaginifolia,Nomada obliterata
Antennaria plantaginifolia,Orthonevra nitida
Antennaria plantaginifolia,Osmia pumila
Antennaria plantaginifolia,Platycheirus hyperboreus
Antennaria plantaginifolia,Platycheirus quadratus
Antennaria plantaginifolia,Sphecodes antennariae
Antennaria plantaginifolia,Toxomerus marginatus
Anthemis cotula,Eupeodes latifasciatus
Anthemis cotula,Halictus rubicundus
Anthemis cotula,Lasioglossum imitatum
Anthemis cotula,Pieris rapae
Anthemis cotula,Thecophora occidensis
Anthemis cotula,Xylota segnis
Anthriscus sylvestris,Aglais io
Anthriscus sylvestris,Aglais urticae
Anthriscus sylvestris,Agriotes lineatus
Anthriscus sylvestris,Agriotes sputator
Anthriscus sylvestris,Agrotis ipsilon
Anthriscus sylvestris,Amphipyra tragopoginis
Anthriscus sylvestris,Andrena barbilabris
Anthriscus sylvestris,Andrena wilkella
Anthriscus sylvestris,Anthocharis cardamines
Anthriscus sylvestris,Anthrenus fuscus
Anthriscus sylvestris,Anthrenus museorum
Anthriscus sylvestris,Apamea sordens
Anthriscus sylvestris,Araschnia levana
Anthriscus sylvestris,Athalia rosae
Anthriscus sylvestris,Athous haemorrhoidalis
Anthriscus sylvestris,Autographa gamma
Anthriscus sylvestris,Bellardia vulgaris
Anthriscus sylvestris,Bombus
Anthriscus sylvestris,Bombus hypnorum
Anthriscus sylvestris,Bombus lapidarius
Anthriscus sylvestris,Botanophila fugax
Anthriscus sylvestris,Brachypterus urticae
Anthriscus sylvestris,Brassicogethes aeneus
Anthriscus sylvestris,Bruchus rufimanus
Anthriscus sylvestris,Buathra laborator
Anthriscus sylvestris,Calliphora vicina
Anthriscus sylvestris,Calliphora vomitoria
Anthriscus sylvestris,Calvia quatuordecimguttata
Anthriscus sylvestris,Caradrina morpheus
Anthriscus sylvestris,Celastrina argiolus
Anthriscus sylvestris,Ceropales maculata
Anthriscus sylvestris,Ceutorhynchus obstrictus
Anthriscus sylvestris,Cheilosia albitarsis
Anthriscus sylvestris,Chelostoma campanularum
Anthriscus sylvestris,Chloromyia formosa
Anthriscus sylvestris,Clytus arietis
Anthriscus sylvestris,Coccinella septempunctata
Anthriscus sylvestris,Coenosia tigrina
Anthriscus sylvestris,Dasysyrphus venustus
Anthriscus sylvestris,Delia platura
Anthriscus sylvestris,Delia radicum
Anthriscus sylvestris,Dysstroma truncata
Anthriscus sylvestris,Ectemnius lapidarius
Anthriscus sylvestris,Epirrhoe alternata
Anthriscus sylvestris,Epistrophe nitidicollis
Anthriscus sylvestris,Episyrphus balteatus
Anthriscus sylvestris,Eristalis arbustorum
Anthriscus sylvestris,Eristalis nemorum
Anthriscus sylvestris,Eristalis obscura
Anthriscus sylvestris,Eristalis rupium
Anthriscus sylvestris,Eristalis tenax
Anthriscus sylvestris,Geomyza tripunctata
Anthriscus sylvestris,Halictus rubicundus
Anthriscus sylvestris,Hebecnema nigra
Anthriscus sylvestris,Helina evecta
Anthriscus sylvestris,Helophilus hybridus
Anthriscus sylvestris,Hydraecia micacea
Anthriscus sylvestris,Hydriomena furcata
Anthriscus sylvestris,Hylaeus annulatus
Anthriscus sylvestris,Hylaeus hyalinatus
Anthriscus sylvestris,Hylaeus leptocephalus
Anthriscus sylvestris,Hylaeus pictipes
Anthriscus sylvestris,Hylaeus punctatus
Anthriscus sylvestris,Idaea dimidiata
Anthriscus sylvestris,Leucoma salicis
Anthriscus sylvestris,Lucilia silvarum
Anthriscus sylvestris,Meliscaeva cinctella
Anthriscus sylvestris,Mesapamea secalis
Anthriscus sylvestris,Musca autumnalis
Anthriscus sylvestris,Muscina levida
Anthriscus sylvestris,Muscina pascuorum
Anthriscus sylvestris,Myathropa florea
Anthriscus sylvestris,Myospila meditabunda
Anthriscus sylvestris,Myrmica rubra
Anthriscus sylvestris,Nephrotoma appendiculata
Anthriscus sylvestris,Noctua comes
Anthriscus sylvestris,Noctua pronuba
Anthriscus sylvestris,Oligia strigilis
Anthriscus sylvestris,Oscinella frit
Anthriscus sylvestris,Oxybelus uniglumis
Anthriscus sylvestris,Paragus haemorrhous
Anthriscus sylvestris,Pararge aegeria
Anthriscus sylvestris,Phragmatobia fuliginosa
Anthriscus sylvestris,Pieris napi
Anthriscus sylvestris,Pollenia pediculata
Anthriscus sylvestris,Polygonia c-album
Anthriscus sylvestris,Protophormia terraenovae
Anthriscus sylvestris,Rhagonycha fulva
Anthriscus sylvestris,Sarcophaga subvicina
Anthriscus sylvestris,Scathophaga furcata
Anthriscus sylvestris,Scathophaga stercoraria
Anthriscus sylvestris,Syrphus ribesii
Anthriscus sylvestris,Syrphus torvus
Anthriscus sylvestris,Syrphus vitripennis
Anthriscus sylvestris,Tyria jacobaeae
Anthriscus sylvestris,Vespula germanica
Anthriscus sylvestris,Xestia c-nigrum
Anthriscus sylvestris,Xestia xanthographa
Antigonon leptopus,Cynanthus latirostris
Antigonon leptopus,Selasphorus rufus
Apios americana,Andrena wilkella
Apios americana,Hydrotaea ignava
Apios americana,Megachile brevis
Apios americana,Megachile ericetorum
Aplectrum hyemale,Lasioglossum oblongum
Apocynum androsaemifolium,Aedes trivittatus
Apocynum androsaemifolium,Aedes vexans
Apocynum androsaemifolium,Atrytone arogos
Apocynum androsaemifolium,Augochlorella aurata
Apocynum androsaemifolium,Bombus
Apocynum androsaemifolium,Callophrys dumetorum
Apocynum androsaemifolium,Chlosyne gorgone
Apocynum androsaemifolium,Chlosyne nycteis
Apocynum androsaemifolium,Colias alexandra
Apocynum androsaemifolium,Colias eurytheme
Apocynum androsaemifolium,Erynnis telemachus
Apocynum androsaemifolium,Euptoieta claudia
Apocynum androsaemifolium,Graphomya americana
Apocynum androsaemifolium,Harkenclenus titus
Apocynum androsaemifolium,Icaricia icarioides
Apocynum androsaemifolium,Lasioglossum versatum
Apocynum androsaemifolium,Leptotes marina
Apocynum androsaemifolium,Limenitis weidemeyerii
Apocynum androsaemifolium,Lycaena dione
Apocynum androsaemifolium,Lycaena heteronea
Apocynum androsaemifolium,Lycaena hyllus
Apocynum androsaemifolium,Lycaena rubidus
Apocynum androsaemifolium,Mastor aenus
Apocynum androsaemifolium,Mastor oslari
Apocynum androsaemifolium,Mastor vialis
Apocynum androsaemifolium,Ministrymon leda
Apocynum androsaemifolium,Nomada articulata
Apocynum androsaemifolium,Oarisma edwardsii
Apocynum androsaemifolium,Oarisma garita
Apocynum androsaemifolium,Occidryas anicia
Apocynum androsaemifolium,Ochlodes snowi
Apocynum androsaemifolium,Papilio glaucus
Apocynum androsaemifolium,Papilio zelicaon
Apocynum androsaemifolium,Parnassius smintheus
Apocynum androsaemifolium,Phaeostrymon alcestis
Apocynum androsaemifolium,Piruna pirus
Apocynum androsaemifolium,Poladryas minuta
Apocynum androsaemifolium,Polites mystic
Apocynum androsaemifolium,Polites origenes
Apocynum androsaemifolium,Polygonia gracilis
Apocynum androsaemifolium,Satyrium calanus
Apocynum androsaemifolium,Speyeria aphrodite
Apocynum androsaemifolium,Speyeria atlantis
Apocynum androsaemifolium,Speyeria callippe
Apocynum androsaemifolium,Speyeria coronis
Apocynum androsaemifolium,Speyeria edwardsii
Apocynum androsaemifolium,Tharsalea arota
Apocynum androsaemifolium,Thorybes pylades
Apocynum cannabinum,Astata unicolor
Apocynum cannabinum,Augochlorella aurata
Apocynum cannabinum,Bicyrtes ventralis
Apocynum cannabinum,Bombylius atriceps
Apocynum cannabinum,Celastrina humulus
Apocynum cannabinum,Cochliomyia macellaria
Apocynum cannabinum,Colletes aestivalis
Apocynum cannabinum,Colletes productus
Apocynum cannabinum,Danaus gilippus
Apocynum cannabinum,Eristalis dimidiata
Apocynum cannabinum,Erynnis afranius
Apocynum cannabinum,Hylaeus affinis
Apocynum cannabinum,Isodontia apicalis
Apocynum cannabinum,Lasioglossum versatum
Apocynum cannabinum,Limnophora narona
Apocynum cannabinum,Lycaena dione
Apocynum cannabinum,Lycaena hyllus
Apocynum cannabinum,Lycaena rubidus
Apocynum cannabinum,Nomada affabilis
Apocynum cannabinum,Nomada articulata
Apocynum cannabinum,Parhelophilus laetus
Apocynum cannabinum,Phormia regina
Apocynum cannabinum,Piruna pirus
Apocynum cannabinum,Polites mystic
Apocynum cannabinum,Pontia protodice
Apocynum cannabinum,Prionyx atratus
Apocynum cannabinum,Prionyx thomae
Apocynum cannabinum,Speyeria cybele
Apocynum cannabinum,Stelis lateralis
Apocynum cannabinum,Trichiotinus affinis
Apocynum cannabinum,Tropidia mamillata
Apocynum cannabinum,Tropidia quadrata
Apocynum cannabinum,Typocerus acuticauda
Apocynum cannabinum,Villa alternata
Aquilegia pubescens,Bombus
Aquilegia vulgaris,Aglais io
Aquilegia vulgaris,Bombus affinis
Aquilegia vulgaris,Bombus centralis
Aquilegia vulgaris,Bombus hypnorum
Aquilegia vulgaris,Bombus lapidarius
Aquilegia vulgaris,Episyrphus balteatus
Arabidopsis thaliana,Anthocharis cardamines
Arabidopsis thaliana,Celastrina argiolus
Arabidopsis thaliana,Hylaeus annulatus
Arabidopsis thaliana,Hylaeus hyalinatus
Arabidopsis thaliana,Hylaeus leptocephalus
Arabidopsis thaliana,Hylaeus pictipes
Arabidopsis thaliana,Hylaeus punctatus
Arabidopsis thaliana,Lycaena phlaeas
Arabidopsis thaliana,Pieris napi
Aralia elata,Vespa velutina
Aralia spinosa,Augochlora pura
Aralia spinosa,Coelioxys dolichos
Aralia spinosa,Coelioxys texana
Aralia spinosa,Colletes mandibularis
Aralia spinosa,Epeolus zonatus
Aralia spinosa,Hylaeus confluens
Aralia spinosa,Megachile mendica
Aralia spinosa,Megachile xylocopoides
Arctium lappa,Agapostemon virescens
Arctium lappa,Aglais io
Arctium lappa,Allograpta obliqua
Arctium lappa,Anthidium manicatum
Arctium lappa,Apis mellifera
Arctium lappa,Araschnia levana
Arctium lappa,Archilochus colubris
Arctium lappa,Bombus
Arctium lappa,Bombus bohemicus
Arctium lappa,Bombus borealis
Arctium lappa,Bombus hypnorum
Arctium lappa,Bombus impatiens
Arctium lappa,Bombus lapidarius
Arctium lappa,Bombus perplexus
Arctium lappa,Bombus ternarius
Arctium lappa,Bombus vagans
Arctium lappa,Celastrina argiolus
Arctium lappa,Danaus plexippus
Arctium lappa,Epargyreus clarus
Arctium lappa,Episyrphus balteatus
Arctium lappa,Eristalis arbustorum
Arctium lappa,Eristalis tenax
Arctium lappa,Erynnis horatius
Arctium lappa,Euphyes vestris
Arctium lappa,Halictus ligatus
Arctium lappa,Hyles gallii
Arctium lappa,Limenitis archippus
Arctium lappa,Lucilia sericata
Arctium lappa,Megachile apicalis
Arctium lappa,Megachile inermis
Arctium lappa,Megachile melanophaea
Arctium lappa,Megachile pugnata
Arctium lappa,Megachile sculpturalis
Arctium lappa,Melissodes desponsus
Arctium lappa,Papilio glaucus
Arctium lappa,Papilio polyxenes
Arctium lappa,Pieris napi
Arctium lappa,Pieris oleracea
Arctium lappa,Pieris rapae
Arctium lappa,Poanes viator
Arctium lappa,Polygonia c-album
Arctium lappa,Syritta pipiens
Arctium lappa,Thymelicus lineola
Arctium lappa,Toxomerus geminatus
Arctium lappa,Vanessa atalanta
Arctium lappa,Vanessa cardui
Arctium minus,Aglais io
Arctium minus,Aglais urticae
Arctium minus,Agrotis ipsilon
Arctium minus,Amphipyra tragopoginis
Arctium minus,Apamea sordens
Arctium minus,Autographa gamma
Arctium minus,Bombus
Arctium minus,Bombus bohemicus
Arctium minus,Bombus centralis
Arctium minus,Bombus huntii
Arctium minus,Bombus hypnorum
Arctium minus,Bombus lapidarius
Arctium minus,Bombus pensylvanicus
Arctium minus,Brassicogethes aeneus
Arctium minus,Caradrina morpheus
Arctium minus,Ceratina dupla
Arctium minus,Colias philodice
Arctium minus,Dysstroma truncata
Arctium minus,Ectemnius lapidarius
Arctium minus,Epirrhoe alternata
Arctium minus,Episyrphus balteatus
Arctium minus,Eristalis nemorum
Arctium minus,Eristalis tenax
Arctium minus,Exoprosopa fasciata
Arctium minus,Halictus rubicundus
Arctium minus,Hesperia comma
Arctium minus,Hydraecia micacea
Arctium minus,Hydriomena furcata
Arctium minus,Idaea dimidiata
Arctium minus,Lasioglossum imitatum
Arctium minus,Leucoma salicis
Arctium minus,Megachile centuncularis
Arctium minus,Megachile inimica
Arctium minus,Melissodes bimaculatus
Arctium minus,Melissodes vernoniae
Arctium minus,Mesapamea secalis
Arctium minus,Myathropa florea
Arctium minus,Noctua comes
Arctium minus,Noctua pronuba
Arctium minus,Ochlodes sylvanoides
Arctium minus,Oligia strigilis
Arctium minus,Pholisora catullus
Arctium minus,Phragmatobia fuliginosa
Arctium minus,Pieris napi
Arctium minus,Piruna pirus
Arctium minus,Polites themistocles
Arctium minus,Polygonia satyrus
Arctium minus,Pontia protodice
Arctium minus,Pyrgus communis
Arctium minus,Speyeria aphrodite
Arctium minus,Speyeria atlantis
Arctium minus,Speyeria nokomis
Arctium minus,Strymon melinus
Arctium minus,Syritta pipiens
Arctium minus,Syrphus ribesii
Arctium minus,Syrphus vitripennis
Arctium minus,Tharsalea arota
Arctium minus,Thymelicus lineola
Arctium minus,Tyria jacobaeae
Arctium minus,Vespula pensylvanica
Arctium minus,Xestia c-nigrum
Arctium minus,Xestia xanthographa
Arctium minus,Xylota segnis
Arctostaphylos hookeri,Nymphalis californica
Arctostaphylos pungens,Basilinna leucotis
Arctostaphylos pungens,Bombus
Arctostaphylos pungens,Osmia ribifloris
Arctostaphylos pungens,Selasphorus platycercus
Arenaria serpyllifolia,Polyommatus icarus
Arenaria serpyllifolia,Syritta pipiens
Arethusa bulbosa,Bombus ternarius
Arethusa bulbosa,Bombus terricola
Argemone mexicana,Halictus ligatus
Argemone mexicana,Lasioglossum tegulare
Aristolochia californica,Battus philenor
Aristolochia californica,Calypte anna
Aristolochia macrophylla,Battus philenor
Aristolochia macrophylla,Xylocopa virginica
Aristolochia tomentosa,Canifa pallipes
Arnica cordifolia,Papilio canadensis
Arnica cordifolia,Phyciodes tharos
Arnoglossum atriplicifolium,Lasioglossum imitatum
Arnoglossum atriplicifolium,Lestica confluenta
Arnoglossum atriplicifolium,Oxybelus emarginatus
Arnoglossum atriplicifolium,Scolia bicincta
Arnoglossum reniforme,Agapostemon sericeus
Arnoglossum reniforme,Ammophila nigricans
Arnoglossum reniforme,Apis mellifera
Arnoglossum reniforme,Augochlora pura
Arnoglossum reniforme,Ceratina calcarata
Arnoglossum reniforme,Ceratina dupla
Arnoglossum reniforme,Eumenes fraternus
Arnoglossum reniforme,Geranomyia canadensis
Arnoglossum reniforme,Heriades leavitti
Arnoglossum reniforme,Hylaeus modestus
Arnoglossum reniforme,Lasioglossum cressonii
Arnoglossum reniforme,Lasioglossum foxii
Arnoglossum reniforme,Lasioglossum imitatum
Arnoglossum reniforme,Lasioglossum pectorale
Arnoglossum reniforme,Lasioglossum versatum
Arnoglossum reniforme,Lestica confluenta
Arnoglossum reniforme,Melissodes bimaculatus
Arnoglossum reniforme,Syritta pipiens
Arnoglossum reniforme,Thecophora occidensis
Artemisia absinthium,Coccinella septempunctata
Artemisia absinthium,Harmonia axyridis
Artemisia absinthium,Heriades truncorum
Artemisia absinthium,Hylaeus annulatus
Artemisia absinthium,Hylaeus hyalinatus
Artemisia absinthium,Hylaeus leptocephalus
Artemisia absinthium,Hylaeus pictipes
Artemisia absinthium,Hylaeus punctatus
Artemisia absinthium,Lithurgus chrysurus
Artemisia annua,Harmonia axyridis
Artemisia annua,Heriades truncorum
Artemisia annua,Hylaeus annulatus
Artemisia annua,Hylaeus hyalinatus
Artemisia annua,Hylaeus leptocephalus
Artemisia annua,Hylaeus pictipes
Artemisia annua,Hylaeus punctatus
Artemisia annua,Lithurgus chrysurus
Artemisia campestris,Harmonia axyridis
Artemisia campestris,Heriades truncorum
Artemisia campestris,Hylaeus annulatus
Artemisia campestris,Hylaeus hyalinatus
Artemisia campestris,Hylaeus leptocephalus
Artemisia campestris,Hylaeus pictipes
Artemisia campestris,Hylaeus punctatus
Artemisia campestris,Lithurgus chrysurus
Artemisia frigida,Ochlodes snowi
Artemisia vulgaris,Episyrphus balteatus
Artemisia vulgaris,Eristalis tenax
Artemisia vulgaris,Hippodamia variegata
Artemisia vulgaris,Pieris rapae
Artemisia vulgaris,Polygonia c-album
Artemisia vulgaris,Syrphus vitripennis
Aruncus dioicus,Episyrphus balteatus
Aruncus dioicus,Eristalis arbustorum
Aruncus dioicus,Eristalis tenax
Aruncus dioicus,Halictus rubicundus
Asclepias amplexicaulis,Apis mellifera
Asclepias amplexicaulis,Megachile brevis
Asclepias asperula,Hesperia pahaska
Asclepias cryptoceras,Bombus morrisoni
Asclepias curassavica,Achlyodes pallida
Asclepias curassavica,Augochloropsis metallica
Asclepias curassavica,Chlosyne janais
Asclepias curassavica,Cynanthus latirostris
Asclepias curassavica,Dione moneta
Asclepias curassavica,Dryadula phaetusa
Asclepias curassavica,Glutophrissa drusilla
Asclepias curassavica,Papilio demoleus
Asclepias curassavica,Polistes canadensis
Asclepias curassavica,Vespa velutina
Asclepias curtissii,Halictus ligatus
Asclepias curtissii,Lasioglossum nymphale
Asclepias eriocarpa,Centris caesalpiniae
Asclepias eriocarpa,Colletes hyalinus
Asclepias eriocarpa,Hoplitis sambuci
Asclepias eriocarpa,Megachile brevis
Asclepias eriocarpa,Megachile onobrychidis
Asclepias erosa,Centris pallida
Asclepias erosa,Megachile frugalis
Asclepias erosa,Megachile gentilis
Asclepias erosa,Melissodes communis
Asclepias exaltata,Ancyloxypha numitor
Asclepias exaltata,Apis mellifera
Asclepias exaltata,Bombus pensylvanicus
Asclepias exaltata,Epargyreus clarus
Asclepias exaltata,Speyeria aphrodite
Asclepias exaltata,Speyeria cybele
Asclepias exaltata,Vanessa cardui
Asclepias fascicularis,Ceratina nanula
Asclepias fascicularis,Hylaeus episcopalis
Asclepias fascicularis,Hylaeus mesillae
Asclepias incarnata,Acmaeodera pulchella
Asclepias incarnata,Anoplius atrox
Asclepias incarnata,Atalopedes campestris
Asclepias incarnata,Bembix nubilipennis
Asclepias incarnata,Bombus nevadensis
Asclepias incarnata,Bombus vagans
Asclepias incarnata,Cerceris clypeata
Asclepias incarnata,Cerceris finitima
Asclepias incarnata,Colletes latitarsis
Asclepias incarnata,Entypus fulvicornis
Asclepias incarnata,Epicauta vittata
Asclepias incarnata,Episyron biguttatus
Asclepias incarnata,Euphyes bimacula
Asclepias incarnata,Isodontia apicalis
Asclepias incarnata,Lasioglossum versatum
Asclepias incarnata,Lycaena dione
Asclepias incarnata,Megachile brevis
Asclepias incarnata,Megachile latimanus
Asclepias incarnata,Melissodes comptoides
Asclepias incarnata,Melissodes trinodis
Asclepias incarnata,Oxybelus emarginatus
Asclepias incarnata,Physoconops brachyrhynchus
Asclepias incarnata,Polistes carolina
Asclepias incarnata,Polites coras
Asclepias incarnata,Pompeius verna
Asclepias incarnata,Prionyx atratus
Asclepias incarnata,Prionyx thomae
Asclepias incarnata,Saygorytes phaleratus
Asclepias incarnata,Scolia bicincta
Asclepias incarnata,Speyeria cybele
Asclepias incarnata,Speyeria idalia
Asclepias incarnata,Stictia carolina
Asclepias incarnata,Stizus brevipennis
Asclepias incarnata,Stratiomys meigenii
Asclepias incarnata,Stylogaster biannulata
Asclepias incarnata,Svastra atripes
Asclepias incarnata,Tachytes distinctus
Asclepias incarnata,Tachytes pepticus
Asclepias incarnata,Trichopoda lanipes
Asclepias incarnata,Vespula germanica
Asclepias incarnata,Vespula squamosa
Asclepias linaria,Apis mellifera
Asclepias linaria,Danaus plexippus
Asclepias linaria,Lerina incarnata
Asclepias linaria,Melipotis indomita
Asclepias linaria,Vanessa annabella
Asclepias linaria,Vanessa virginiensis
Asclepias linaria,Zerene cesonia
Asclepias purpurascens,Anthophora ursina
Asclepias purpurascens,Archilochus colubris
Asclepias purpurascens,Augochlorella aurata
Asclepias purpurascens,Bombus impatiens
Asclepias purpurascens,Bombus pensylvanicus
Asclepias purpurascens,Bombus vagans
Asclepias purpurascens,Cerceris deserta
Asclepias purpurascens,Elkalyce comyntas
Asclepias purpurascens,Eucera rosae
Asclepias purpurascens,Euphydryas phaeton
Asclepias purpurascens,Lasioglossum pectorale
Asclepias purpurascens,Lasioglossum versatum
Asclepias purpurascens,Megachile addenda
Asclepias purpurascens,Megachile mendica
Asclepias purpurascens,Physocephala tibialis
Asclepias purpurascens,Polites coras
Asclepias purpurascens,Prionyx atratus
Asclepias purpurascens,Speyeria cybele
Asclepias purpurascens,Speyeria idalia
Asclepias purpurascens,Strymon sylvinus
Asclepias purpurascens,Tetraopes tetrophthalmus
Asclepias purpurascens,Thorybes pylades
Asclepias solanoana,Apis mellifera
Asclepias solanoana,Bombus vosnesenskii
Asclepias solanoana,Xylocopa californica
Asclepias speciosa,Atalopedes campestris
Asclepias speciosa,Atrytone arogos
Asclepias speciosa,Bombus perplexus
Asclepias speciosa,Cercyonis pegala
Asclepias speciosa,Colias philodice
Asclepias speciosa,Euphyes bimacula
Asclepias speciosa,Halictus rubicundus
Asclepias speciosa,Harkenclenus titus
Asclepias speciosa,Hesperia lindseyi
Asclepias speciosa,Hesperia ottoe
Asclepias speciosa,Hesperia viridis
Asclepias speciosa,Lasioglossum zephyrum
Asclepias speciosa,Lethe eurydice
Asclepias speciosa,Limenitis bredowii
Asclepias speciosa,Limenitis weidemeyerii
Asclepias speciosa,Lycaena dione
Asclepias speciosa,Lycaena hyllus
Asclepias speciosa,Lycaena rubidus
Asclepias speciosa,Nymphalis antiopa
Asclepias speciosa,Oarisma edwardsii
Asclepias speciosa,Oarisma garita
Asclepias speciosa,Occidryas anicia
Asclepias speciosa,Ochlodes sylvanoides
Asclepias speciosa,Papilio glaucus
Asclepias speciosa,Papilio machaon
Asclepias speciosa,Piruna pirus
Asclepias speciosa,Plebejus acmon
Asclepias speciosa,Poladryas minuta
Asclepias speciosa,Polites mystic
Asclepias speciosa,Polites origenes
Asclepias speciosa,Polites themistocles
Asclepias speciosa,Pontia protodice
Asclepias speciosa,Satyrium behrii
Asclepias speciosa,Satyrium liparops
Asclepias speciosa,Speyeria aphrodite
Asclepias speciosa,Speyeria atlantis
Asclepias speciosa,Speyeria cybele
Asclepias speciosa,Strymon saepium
Asclepias speciosa,Tharsalea arota
Asclepias speciosa,Thecla tetra
Asclepias speciosa,Vanessa atalanta
Asclepias subulata,Hylaeus episcopalis
Asclepias sullivantii,Ammophila pictipennis
Asclepias sullivantii,Archilochus colubris
Asclepias sullivantii,Astata bicolor
Asclepias sullivantii,Augochlora pura
Asclepias sullivantii,Augochlorella aurata
Asclepias sullivantii,Bembix americana
Asclepias sullivantii,Bembix nubilipennis
Asclepias sullivantii,Bombus auricomus
Asclepias sullivantii,Bombus fervidus
Asclepias sullivantii,Bombus pensylvanicus
Asclepias sullivantii,Ceratina dupla
Asclepias sullivantii,Cerceris clypeata
Asclepias sullivantii,Cerceris finitima
Asclepias sullivantii,Chaetogaedia analis
Asclepias sullivantii,Colias philodice
Asclepias sullivantii,Elkalyce comyntas
Asclepias sullivantii,Epeolus bifasciatus
Asclepias sullivantii,Epeolus minimus
Asclepias sullivantii,Eristalinus aeneus
Asclepias sullivantii,Florilegus condignus
Asclepias sullivantii,Halictus ligatus
Asclepias sullivantii,Halictus rubicundus
Asclepias sullivantii,Hemaris diffinis
Asclepias sullivantii,Ichneumon ambulatorius
Asclepias sullivantii,Isodontia apicalis
Asclepias sullivantii,Lasioglossum imitatum
Asclepias sullivantii,Lasioglossum tegulare
Asclepias sullivantii,Lasioglossum versatum
Asclepias sullivantii,Lyroda subita
Asclepias sullivantii,Megachile addenda
Asclepias sullivantii,Megachile brevis
Asclepias sullivantii,Megachile centuncularis
Asclepias sullivantii,Megachile latimanus
Asclepias sullivantii,Megachile mendica
Asclepias sullivantii,Megachile petulans
Asclepias sullivantii,Megachile pugnata
Asclepias sullivantii,Megachile texana
Asclepias sullivantii,Microbembex monodonta
Asclepias sullivantii,Oxybelus emarginatus
Asclepias sullivantii,Peponapis pruinosa
Asclepias sullivantii,Philanthus gibbosus
Asclepias sullivantii,Phyciodes tharos
Asclepias sullivantii,Physocephala tibialis
Asclepias sullivantii,Polites coras
Asclepias sullivantii,Prionyx atratus
Asclepias sullivantii,Prionyx thomae
Asclepias sullivantii,Sceliphron caementarium
Asclepias sullivantii,Speyeria cybele
Asclepias sullivantii,Sphecodes confertus
Asclepias sullivantii,Sphecodes dichrous
Asclepias sullivantii,Stratiomys meigenii
Asclepias sullivantii,Syritta pipiens
Asclepias sullivantii,Thorybes pylades
Asclepias sullivantii,Trichiotinus affinis
Asclepias sullivantii,Tropidia quadrata
Asclepias sullivantii,Vanessa atalanta
Asclepias sullivantii,Zodion obliquefasciatum
Asclepias syriaca,Aedes stimulans
Asclepias syriaca,Agapostemon sericeus
Asclepias syriaca,Agrotis ipsilon
Asclepias syriaca,Atrytone arogos
Asclepias syriaca,Belvosia bifasciata
Asclepias syriaca,Belvosia unifasciata
Asclepias syriaca,Bembix nubilipennis
Asclepias syriaca,Boloria selene
Asclepias syriaca,Cerceris clypeata
Asclepias syriaca,Colletes latitarsis
Asclepias syriaca,Colletes nudus
Asclepias syriaca,Epeolus bifasciatus
Asclepias syriaca,Eucera rosae
Asclepias syriaca,Florilegus condignus
Asclepias syriaca,Macrodactylus angustatus
Asclepias syriaca,Megachile brevis
Asclepias syriaca,Megachile petulans
Asclepias syriaca,Melissodes agilis
Asclepias syriaca,Melissodes comptoides
Asclepias syriaca,Melissodes tepaneca
Asclepias syriaca,Pholisora catullus
Asclepias syriaca,Physocephala texana
Asclepias syriaca,Polites coras
Asclepias syriaca,Polites origenes
Asclepias syriaca,Prionyx atratus
Asclepias syriaca,Prionyx thomae
Asclepias syriaca,Sceliphron caementarium
Asclepias syriaca,Scolia bicincta
Asclepias syriaca,Speyeria cybele
Asclepias syriaca,Speyeria idalia
Asclepias syriaca,Sphecodes ranunculi
Asclepias syriaca,Stictia carolina
Asclepias syriaca,Stomoxys calcitrans
Asclepias syriaca,Svastra obliqua
Asclepias syriaca,Syritta pipiens
Asclepias syriaca,Triepeolus remigatus
Asclepias syriaca,Tropidia mamillata
Asclepias syriaca,Xenoglossa strenua
Asclepias variegata,Linogeraeus neglectus
Asclepias verticillata,Agapostemon sericeus
Asclepias verticillata,Allograpta obliqua
Asclepias verticillata,Ammophila nigricans
Asclepias verticillata,Anacrabro ocellatus
Asclepias verticillata,Arge humeralis
Asclepias verticillata,Astata unicolor
Asclepias verticillata,Bembix nubilipennis
Asclepias verticillata,Bombus pensylvanicus
Asclepias verticillata,Ceratina dupla
Asclepias verticillata,Ceratogastra ornata
Asclepias verticillata,Cerceris deserta
Asclepias verticillata,Cerceris finitima
Asclepias verticillata,Cerceris frontata
Asclepias verticillata,Cerceris rufopicta
Asclepias verticillata,Cochliomyia macellaria
Asclepias verticillata,Colletes compactus
Asclepias verticillata,Elkalyce comyntas
Asclepias verticillata,Entypus fulvicornis
Asclepias verticillata,Eristalis stipator
Asclepias verticillata,Eristalis transversa
Asclepias verticillata,Eumenes fraternus
Asclepias verticillata,Exoprosopa fasciata
Asclepias verticillata,Graphomya americana
Asclepias verticillata,Halictus rubicundus
Asclepias verticillata,Holopyga ventralis
Asclepias verticillata,Hylaeus affinis
Asclepias verticillata,Isodontia apicalis
Asclepias verticillata,Lasioglossum albipenne
Asclepias verticillata,Lasioglossum imitatum
Asclepias verticillata,Lasioglossum pectorale
Asclepias verticillata,Lestica confluenta
Asclepias verticillata,Limnophora narona
Asclepias verticillata,Megachile brevis
Asclepias verticillata,Megachile latimanus
Asclepias verticillata,Mydas clavatus
Asclepias verticillata,Orthonevra nitida
Asclepias verticillata,Paradidyma singularis
Asclepias verticillata,Pholisora catullus
Asclepias verticillata,Phormia regina
Asclepias verticillata,Physocephala texana
Asclepias verticillata,Physocephala tibialis
Asclepias verticillata,Pieris rapae
Asclepias verticillata,Polites coras
Asclepias verticillata,Polites themistocles
Asclepias verticillata,Prionyx atratus
Asclepias verticillata,Prionyx thomae
Asclepias verticillata,Sceliphron caementarium
Asclepias verticillata,Scolia bicincta
Asclepias verticillata,Speyeria cybele
Asclepias verticillata,Sphecodes dichrous
Asclepias verticillata,Syritta pipiens
Asclepias verticillata,Systoechus vulgaris
Asclepias verticillata,Tachytes distinctus
Asclepias verticillata,Tachytes pepticus
Asclepias verticillata,Toxomerus politus
Asclepias verticillata,Trichiotinus affinis
Asclepias verticillata,Trichopoda pennipes
Asclepias verticillata,Triepeolus lunatus
Asclepias verticillata,Tropidia quadrata
Asclepias verticillata,Typocerus sinuatus
Asclepias verticillata,Vanessa atalanta
Asclepias viridiflora,Bombus bimaculatus
Asimina parviflora,Lucilia sericata
Asimina reticulata,Lasioglossum nymphale
Asimina reticulata,Megachile brevis
Asimina triloba,Cynomya cadaverina
Asimina triloba,Eupeodes americanus
Asimina triloba,Phormia regina
Asimina triloba,Scathophaga furcata
Asparagus officinalis,Anthidium manicatum
Asparagus officinalis,Bombus lapidarius
Asparagus officinalis,Episyrphus balteatus
Asparagus officinalis,Lasioglossum versatum
Asparagus officinalis,Megachile centuncularis
Asperugo procumbens,Pieris napi
Asphodelus fistulosus,Pieris rapae
Asphodelus fistulosus,Polistes dominula
Asphodelus fistulosus,Syritta pipiens
Astragalus agnicidus,Bombus mixtus
Astragalus agnicidus,Bombus sitkensis
Astragalus agnicidus,Bombus vosnesenskii
Astragalus agnicidus,Bombylius major
Astragalus agnicidus,Osmia tristella
Astragalus agrestis,Bombus ternarius
Astragalus agrestis,Bombus vancouverensis
Astragalus agrestis,Icaricia saepiolus
Astragalus alpinus,Andrena wilkella
Astragalus alpinus,Bombus
Astragalus alpinus,Bombus mixtus
Astragalus alpinus,Colias nastes
Astragalus alpinus,Glaucopsyche lygdamus
Astragalus alpinus,Megachile ericetorum
Astragalus alpinus,Osmia inermis
Astragalus alpinus,Plebejus saepiolus
Astragalus alpinus,Polites sabuleti
Astragalus alpinus,Syrphus torvus
Astragalus alpinus,Vanessa cardui
Astragalus bisulcatus,Hesperia viridis
Astragalus bisulcatus,Oarisma garita
Astragalus bisulcatus,Strymon melinus
Astragalus canadensis,Anthidium psoraleae
Astragalus canadensis,Apis mellifera
Astragalus canadensis,Halictus parallelus
Astragalus canadensis,Megachile centuncularis
Astragalus canadensis,Melissodes bimaculatus
Astragalus cicer,Anthidium florentinum
Astragalus cicer,Autographa californica
Astragalus cicer,Bombus centralis
Astragalus cicer,Bombus perplexus
Astragalus cicer,Coccinella septempunctata
Astragalus cicer,Pieris rapae
Astragalus cicer,Polyommatus icarus
Astragalus cicer,Thymelicus lineola
Astragalus cicer,Vanessa cardui
Astragalus crassicarpus,Erynnis pacuvius
Astragalus drummondii,Echinargus isola
Astragalus drummondii,Erynnis brizo
Astragalus drummondii,Euphyes vestris
Astragalus drummondii,Glaucopsyche lygdamus
Astragalus drummondii,Glaucopsyche piasus
Astragalus drummondii,Hesperia nevada
Astragalus drummondii,Hesperia pahaska
Astragalus drummondii,Hesperia uncas
Astragalus drummondii,Polites mystic
Astragalus drummondii,Polites sabuleti
Astragalus drummondii,Satyrium behrii
Astragalus drummondii,Vanessa virginiensis
Astragalus drummondii,Yvretta rhesus
Astragalus laxmannii,Bombus centralis
Astragalus miser,Bombus flavifrons
Astragalus miser,Icaricia icarioides
Astragalus miser,Neominois ridingsii
Astragalus miser,Ochlodes snowi
Astragalus parryi,Chlosyne gorgone
Astragalus parryi,Erynnis brizo
Astragalus parryi,Erynnis telemachus
Astragalus purshii,Bombus fervidus
Astragalus purshii,Bombus huntii
Atriplex lentiformis,Dufourea australis
Aureolaria grandiflora,Archilochus colubris
Aureolaria grandiflora,Bombus auricomus
Aureolaria grandiflora,Bombus vagans
Aureolaria grandiflora,Lasioglossum versatum
Aureolaria grandiflora,Megachile mendica
Aureolaria grandiflora,Melissodes bimaculatus
Aureolaria grandiflora,Trichopsomyia apisaon
Avena fatua,Rhagonycha fulva
Baccharis halimifolia,Agapostemon splendens
Baccharis halimifolia,Augochlorella aurata
Baccharis halimifolia,Augochloropsis metallica
Baccharis halimifolia,Colletes mandibularis
Baccharis halimifolia,Colletes thysanellae
Baccharis halimifolia,Halictus ligatus
Baccharis halimifolia,Lasioglossum nymphale
Baccharis halimifolia,Sphecodes heraclei
Baccharis pilularis,Ceratina acantha
Baccharis pilularis,Hylaeus mesillae
Baccharis pilularis,Hylaeus polifolii
Baccharis salicifolia,Anthanassa texana
Baccharis salicifolia,Archonias nimbice
Baccharis salicifolia,Catasticta nimbice
Baccharis salicifolia,Echinargus isola
Bacopa monnieri,Apis mellifera
Bahiopsis laciniata,Judolia sexspilota
Balduina angustifolia,Agapostemon splendens
Balduina angustifolia,Anthidiellum notatum
Balduina angustifolia,Anthidiellum perplexum
Balduina angustifolia,Augochlorella aurata
Balduina angustifolia,Augochloropsis sumptuosa
Balduina angustifolia,Bombus pensylvanicus
Balduina angustifolia,Coelioxys dolichos
Balduina angustifolia,Coelioxys sayi
Balduina angustifolia,Coelioxys texana
Balduina angustifolia,Dieunomia heteropoda
Balduina angustifolia,Halictus ligatus
Balduina angustifolia,Lasioglossum nymphale
Balduina angustifolia,Lasioglossum pectorale
Balduina angustifolia,Lasioglossum tegulare
Balduina angustifolia,Megachile albitarsis
Balduina angustifolia,Megachile georgica
Balduina angustifolia,Megachile inimica
Balduina angustifolia,Megachile mendica
Balduina angustifolia,Megachile petulans
Balduina angustifolia,Megachile policaris
Balduina angustifolia,Megachile pruina
Balduina angustifolia,Megachile pseudobrevis
Balduina angustifolia,Megachile texana
Balduina angustifolia,Nomada fervida
Balduina angustifolia,Trachusa fontemvitae
Balduina angustifolia,Xylocopa micans
Balduina angustifolia,Xylocopa virginica
Barbarea orthoceras,Pieris oleracea
Barbarea verna,Chalcosyrphus nemorum
Barbarea verna,Hylaeus annulatus
Barbarea verna,Hylaeus hyalinatus
Barbarea verna,Hylaeus leptocephalus
Barbarea verna,Hylaeus pictipes
Barbarea verna,Hylaeus punctatus
Barbarea verna,Vanessa atalanta
Barbarea vulgaris,Andrena barbilabris
Barbarea vulgaris,Bombus lapidarius
Barbarea vulgaris,Eristalinus aeneus
Barbarea vulgaris,Pieris napi
Barbarea vulgaris,Polydontomyia curvipes
Barbarea vulgaris,Strymon melinus
Batis maritima,Ascia monuste
Bejaria racemosa,Anthidiellum perplexum
Bejaria racemosa,Anthidium maculifrons
Bejaria racemosa,Augochlorella aurata
Bejaria racemosa,Augochloropsis sumptuosa
Bejaria racemosa,Bombus pensylvanicus
Bejaria racemosa,Megachile mendica
Bejaria racemosa,Megachile petulans
Bejaria racemosa,Megachile pseudobrevis
Bellardia trixago,Episyrphus balteatus
Bellardia viscosa,Anthidium manicatum
Bellardia viscosa,Anthophora terminalis
Bellardia viscosa,Bombus appositus
Bellardia viscosa,Bombus californicus
Bellardia viscosa,Bombus griseocollis
Bellardia viscosa,Bombus vosnesenskii
Bellardia viscosa,Lasioglossum incompletum
Bellardia viscosa,Lasioglossum zonulum
Bellardia viscosa,Osmia trevoris
Bellardia viscosa,Toxomerus marginatus
Bellis perennis,Andrena barbilabris
Bellis perennis,Anthocharis cardamines
Bellis perennis,Bombus
Bellis perennis,Bombus hypnorum
Bellis perennis,Bombus lapidarius
Bellis perennis,Delia platura
Bellis perennis,Episyrphus balteatus
Bellis perennis,Lotophila atra
Bellis perennis,Lycaena phlaeas
Bellis perennis,Merodon equestris
Bellis perennis,Mompha subbistrigella
Bellis perennis,Myrmica rubra
Bellis perennis,Neomyia cornicina
Bellis perennis,Pararge aegeria
Bellis perennis,Pieris napi
Bellis perennis,Polygonia c-album
Bellis perennis,Polyommatus icarus
Bellis perennis,Saltella sphondylii
Bellis perennis,Syrphus ribesii
Bellis perennis,Syrphus vitripennis
Berberis dictyota,Xylocopa tabaniformis
Berberis nevinii,Bombus melanopygus
Berberis nevinii,Danaus plexippus
Berberis repens,Bombus bifarius
Berberis repens,Callophrys dumetorum
Berberis repens,Celastrina lucia
Berberis repens,Erynnis persius
Berberis repens,Erynnis telemachus
Berberis repens,Euchloe ausonides
Berberis repens,Glaucopsyche lygdamus
Berberis repens,Incisalia eryphon
Berberis repens,Osmia bucephala
Berberis repens,Polygonia gracilis
Berberis repens,Polygonia satyrus
Berberis repens,Speyeria callippe
Berberis repens,Strymon melinus
Berberis repens,Thecla sheridanii
Berberis thunbergii,Apis mellifera
Berberis thunbergii,Vespa crabro
Berberis thunbergii,Vespa velutina
Berberis thunbergii,Vespula atropilosa
Berberis vulgaris,Bombus
Berberis vulgaris,Dolichovespula maculata
Berberis vulgaris,Syrphus ribesii
Berberis vulgaris,Vespa crabro
Berteroa incana,Aglais urticae
Berteroa incana,Ceutorhynchus pallidactylus
Berteroa incana,Lycaena phlaeas
Berteroa incana,Pieris napi
Berteroa incana,Valgus hemipterus
Berula erecta,Hylaeus annulatus
Berula erecta,Hylaeus hyalinatus
Berula erecta,Hylaeus leptocephalus
Berula erecta,Hylaeus pictipes
Berula erecta,Hylaeus punctatus
Bidens aristosa,Agapostemon sericeus
Bidens aristosa,Ammophila nigricans
Bidens aristosa,Andrena accepta
Bidens aristosa,Andrena aliciae
Bidens aristosa,Andrena helianthi
Bidens aristosa,Archytas aterrima
Bidens aristosa,Augochlora pura
Bidens aristosa,Augochlorella aurata
Bidens aristosa,Bembix americana
Bidens aristosa,Bembix nubilipennis
Bidens aristosa,Bicyrtes ventralis
Bidens aristosa,Bombus auricomus
Bidens aristosa,Calliopsis andreniformis
Bidens aristosa,Calliopsis coloradensis
Bidens aristosa,Ceratina dupla
Bidens aristosa,Ceratina strenua
Bidens aristosa,Cerceris deserta
Bidens aristosa,Chauliognathus marginatus
Bidens aristosa,Cochliomyia macellaria
Bidens aristosa,Coelioxys sayi
Bidens aristosa,Colletes compactus
Bidens aristosa,Colletes eulophi
Bidens aristosa,Colletes simulans
Bidens aristosa,Epeolus autumnalis
Bidens aristosa,Epeolus bifasciatus
Bidens aristosa,Epeolus pusillus
Bidens aristosa,Epicauta cinerea
Bidens aristosa,Epicauta pensylvanica
Bidens aristosa,Eristalis dimidiata
Bidens aristosa,Eupeodes americanus
Bidens aristosa,Exetastes suaveolens
Bidens aristosa,Exoprosopa decora
Bidens aristosa,Exoprosopa fasciata
Bidens aristosa,Exoprosopa fascipennis
Bidens aristosa,Heriades leavitti
Bidens aristosa,Heriades variolosa
Bidens aristosa,Lasioglossum pruinosum
Bidens aristosa,Lepidophora lepidocera
Bidens aristosa,Limenitis archippus
Bidens aristosa,Megachile brevis
Bidens aristosa,Megachile mendica
Bidens aristosa,Megachile petulans
Bidens aristosa,Melissodes agilis
Bidens aristosa,Melissodes bimaculatus
Bidens aristosa,Melissodes boltoniae
Bidens aristosa,Melissodes dentiventris
Bidens aristosa,Melissodes druriellus
Bidens aristosa,Melissodes niveus
Bidens aristosa,Melissodes trinodis
Bidens aristosa,Milesia virginiensis
Bidens aristosa,Nathalis iole
Bidens aristosa,Nomada vicina
Bidens aristosa,Nomada vincta
Bidens aristosa,Orthonevra nitida
Bidens aristosa,Phyciodes tharos
Bidens aristosa,Physocephala texana
Bidens aristosa,Pieris rapae
Bidens aristosa,Poecilanthrax alcyon
Bidens aristosa,Pseudopanurgus compositarum
Bidens aristosa,Pseudopanurgus rudbeckiae
Bidens aristosa,Sceliphron caementarium
Bidens aristosa,Scolia bicincta
Bidens aristosa,Speyeria cybele
Bidens aristosa,Svastra atripes
Bidens aristosa,Svastra obliqua
Bidens aristosa,Systropus macer
Bidens aristosa,Toxomerus politus
Bidens aristosa,Toxophora amphitea
Bidens aristosa,Triepeolus concavus
Bidens aristosa,Triepeolus donatus
Bidens aristosa,Triepeolus lunatus
Bidens aristosa,Triepeolus pectoralis
Bidens aristosa,Triepeolus remigatus
Bidens aristosa,Vespula germanica
Bidens aristosa,Zodion fulvifrons
Bidens bipinnata,Bombus pensylvanicus
Bidens bipinnata,Coelioxys sayi
Bidens bipinnata,Heriades leavitti
Bidens bipinnata,Heriades truncorum
Bidens bipinnata,Hylaeus annulatus
Bidens bipinnata,Hylaeus hyalinatus
Bidens bipinnata,Hylaeus leptocephalus
Bidens bipinnata,Hylaeus pictipes
Bidens bipinnata,Hylaeus punctatus
Bidens bipinnata,Lithurgus chrysurus
Bidens bipinnata,Megachile centuncularis
Bidens bipinnata,Megachile inimica
Bidens bipinnata,Pieris rapae
Bidens bipinnata,Syritta pipiens
Bidens cernua,Aglais io
Bidens cernua,Vanessa cardui
Bidens connata,Bombus impatiens
Bidens connata,Bombus pensylvanicus
Bidens connata,Heriades truncorum
Bidens connata,Hylaeus annulatus
Bidens connata,Hylaeus hyalinatus
Bidens connata,Hylaeus punctatus
Bidens connata,Lithurgus chrysurus
Bidens frondosa,Ascia monuste
Bidens frondosa,Augochlorella aurata
Bidens frondosa,Chlosyne lacinia
Bidens frondosa,Chlosyne nycteis
Bidens frondosa,Colias eurytheme
Bidens frondosa,Colletes compactus
Bidens frondosa,Exoprosopa decora
Bidens frondosa,Halictus ligatus
Bidens frondosa,Lycaena hyllus
Bidens frondosa,Nathalis iole
Bidens frondosa,Pieris rapae
Bidens frondosa,Pontia protodice
Bidens frondosa,Tropidia albistylum
Bidens pilosa,Agapostemon splendens
Bidens pilosa,Anthidiellum notatum
Bidens pilosa,Anthidiellum perplexum
Bidens pilosa,Anthidium maculifrons
Bidens pilosa,Apis mellifera
Bidens pilosa,Augochlora pura
Bidens pilosa,Augochlorella aurata
Bidens pilosa,Augochloropsis metallica
Bidens pilosa,Ceratina dupla
Bidens pilosa,Coelioxys dolichos
Bidens pilosa,Coelioxys sayi
Bidens pilosa,Dieunomia heteropoda
Bidens pilosa,Epeolus glabratus
Bidens pilosa,Epeolus zonatus
Bidens pilosa,Halictus ligatus
Bidens pilosa,Halictus poeyi
Bidens pilosa,Heriades leavitti
Bidens pilosa,Lasioglossum pectorale
Bidens pilosa,Megachile albitarsis
Bidens pilosa,Megachile exilis
Bidens pilosa,Megachile inimica
Bidens pilosa,Megachile mendica
Bidens pilosa,Megachile petulans
Bidens pilosa,Megachile pseudobrevis
Bidens pilosa,Megachile rugifrons
Bidens pilosa,Megachile xylocopoides
Bidens pilosa,Melissodes communis
Bidens pilosa,Melissodes comptoides
Bidens pilosa,Nomada fervida
Bidens pilosa,Phoebis sennae
Bidens pilosa,Stelis louisae
Bidens pilosa,Xylocopa micans
Bignonia capreolata,Bombus
Bistorta vivipara,Eristalis rupium
Bistorta vivipara,Pollenia rudis
Bistorta vivipara,Syritta pipiens
Bituminaria bituminosa,Andrena wilkella
Bituminaria bituminosa,Anthidium manicatum
Bituminaria bituminosa,Apis mellifera
Bituminaria bituminosa,Danaus plexippus
Bituminaria bituminosa,Megachile ericetorum
Bituminaria bituminosa,Osmia caerulescens
Bituminaria bituminosa,Osmia inermis
Bituminaria bituminosa,Papilio machaon
Bituminaria bituminosa,Polistes dominula
Bituminaria bituminosa,Vanessa cardui
Blennosperma bakeri,Andrena angustitarsata
Blennosperma bakeri,Andrena blennospermatis
Blennosperma bakeri,Andrena pensilis
Blennosperma bakeri,Apis mellifera
Blennosperma bakeri,Halictus tripartitus
Blephilia ciliata,Ammophila nigricans
Blephilia ciliata,Ammophila pictipennis
Blephilia ciliata,Ammophila procera
Blephilia ciliata,Andrena geranii
Blephilia ciliata,Archytas aterrima
Blephilia ciliata,Augochlorella aurata
Blephilia ciliata,Bombylius atriceps
Blephilia ciliata,Calliopsis andreniformis
Blephilia ciliata,Ceratina dupla
Blephilia ciliata,Ceratina strenua
Blephilia ciliata,Chlosyne nycteis
Blephilia ciliata,Coelioxys sayi
Blephilia ciliata,Eristalis dimidiata
Blephilia ciliata,Eristalis flavipes
Blephilia ciliata,Eristalis transversa
Blephilia ciliata,Eucera dubitata
Blephilia ciliata,Eucera rosae
Blephilia ciliata,Halictus ligatus
Blephilia ciliata,Halictus parallelus
Blephilia ciliata,Heriades carinata
Blephilia ciliata,Heriades leavitti
Blephilia ciliata,Hoplitis pilosifrons
Blephilia ciliata,Hoplitis spoliata
Blephilia ciliata,Hylaeus affinis
Blephilia ciliata,Lasioglossum coriaceum
Blephilia ciliata,Lasioglossum imitatum
Blephilia ciliata,Lasioglossum pectorale
Blephilia ciliata,Lasioglossum versatum
Blephilia ciliata,Megachile brevis
Blephilia ciliata,Megachile montivaga
Blephilia ciliata,Osmia conjuncta
Blephilia ciliata,Osmia distincta
Blephilia ciliata,Parancistrocerus fulvipes
Blephilia ciliata,Physocephala tibialis
Blephilia ciliata,Pieris rapae
Blephilia ciliata,Pontia protodice
Blephilia ciliata,Prionyx atratus
Blephilia ciliata,Rhynchanthrax parvicornis
Blephilia ciliata,Speyeria cybele
Blephilia ciliata,Thorybes pylades
Blephilia ciliata,Toxophora amphitea
Blephilia ciliata,Trichiotinus affinis
Blephilia hirsuta,Agapostemon sericeus
Blephilia hirsuta,Agapostemon splendens
Blephilia hirsuta,Allograpta obliqua
Blephilia hirsuta,Ammophila nigricans
Blephilia hirsuta,Ammophila procera
Blephilia hirsuta,Anthophora terminalis
Blephilia hirsuta,Anthophora walshii
Blephilia hirsuta,Augochlora pura
Blephilia hirsuta,Augochlorella aurata
Blephilia hirsuta,Bombus pensylvanicus
Blephilia hirsuta,Ceratina calcarata
Blephilia hirsuta,Ceratina dupla
Blephilia hirsuta,Chalcosyrphus nemorum
Blephilia hirsuta,Chlosyne nycteis
Blephilia hirsuta,Coelioxys rufitarsis
Blephilia hirsuta,Coelioxys sayi
Blephilia hirsuta,Eristalis transversa
Blephilia hirsuta,Florilegus condignus
Blephilia hirsuta,Hemipenthes sinuosus
Blephilia hirsuta,Heriades leavitti
Blephilia hirsuta,Hoplitis pilosifrons
Blephilia hirsuta,Hylaeus affinis
Blephilia hirsuta,Lasioglossum cinctipes
Blephilia hirsuta,Lasioglossum imitatum
Blephilia hirsuta,Lasioglossum pectorale
Blephilia hirsuta,Megachile brevis
Blephilia hirsuta,Megachile inimica
Blephilia hirsuta,Megachile mendica
Blephilia hirsuta,Megachile petulans
Blephilia hirsuta,Megachile texana
Blephilia hirsuta,Melissodes agilis
Blephilia hirsuta,Melissodes communis
Blephilia hirsuta,Melissodes comptoides
Blephilia hirsuta,Melissodes trinodis
Blephilia hirsuta,Peponapis pruinosa
Blephilia hirsuta,Physocephala texana
Blephilia hirsuta,Physocephala tibialis
Blephilia hirsuta,Polistes fuscatus
Blephilia hirsuta,Pontia protodice
Blephilia hirsuta,Rhynchanthrax parvicornis
Blephilia hirsuta,Speyeria cybele
Blephilia hirsuta,Stylogaster neglecta
Blephilia hirsuta,Svastra obliqua
Blephilia hirsuta,Syritta pipiens
Blephilia hirsuta,Thecophora occidensis
Blephilia hirsuta,Triepeolus concavus
Blephilia hirsuta,Triepeolus cressonii
Blephilia hirsuta,Triepeolus lunatus
Blephilia hirsuta,Triepeolus remigatus
Blephilia hirsuta,Tropidia albistylum
Blephilia hirsuta,Vanessa atalanta
Blephilia hirsuta,Zodion obliquefasciatum
Bloomeria clevelandii,Adela flammeusella
Bloomeria clevelandii,Toxomerus marginatus
Boechera stricta,Euchloe ausonides
Boltonia asteroides,Ammophila nigricans
Boltonia asteroides,Ammophila pictipennis
Boltonia asteroides,Ancyloxypha numitor
Boltonia asteroides,Andrena simplex
Boltonia asteroides,Astata unicolor
Boltonia asteroides,Bembix americana
Boltonia asteroides,Bombus pensylvanicus
Boltonia asteroides,Calliopsis coloradensis
Boltonia asteroides,Cerceris deserta
Boltonia asteroides,Chrysanthrax cypris
Boltonia asteroides,Cochliomyia macellaria
Boltonia asteroides,Colletes americanus
Boltonia asteroides,Colletes compactus
Boltonia asteroides,Colletes eulophi
Boltonia asteroides,Cylindromyia interrupta
Boltonia asteroides,Diabrotica longicornis
Boltonia asteroides,Dioprosopa clavatus
Boltonia asteroides,Elkalyce comyntas
Boltonia asteroides,Epeolus bifasciatus
Boltonia asteroides,Epeolus pusillus
Boltonia asteroides,Eupeodes americanus
Boltonia asteroides,Graphomya americana
Boltonia asteroides,Gymnoclytia immaculata
Boltonia asteroides,Halictus parallelus
Boltonia asteroides,Heriades leavitti
Boltonia asteroides,Hippodamia parenthesis
Boltonia asteroides,Hylaeus affinis
Boltonia asteroides,Junonia coenia
Boltonia asteroides,Larropsis distincta
Boltonia asteroides,Lasioglossum imitatum
Boltonia asteroides,Lasioglossum obscurum
Boltonia asteroides,Lasioglossum pruinosum
Boltonia asteroides,Lasioglossum versatum
Boltonia asteroides,Leucostoma aterrimum
Boltonia asteroides,Limnophora narona
Boltonia asteroides,Megachile brevis
Boltonia asteroides,Megachile latimanus
Boltonia asteroides,Megachile mendica
Boltonia asteroides,Melissodes boltoniae
Boltonia asteroides,Melissodes dentiventris
Boltonia asteroides,Melissodes druriellus
Boltonia asteroides,Melissodes niveus
Boltonia asteroides,Nomada placida
Boltonia asteroides,Paradidyma singularis
Boltonia asteroides,Perdita boltoniae
Boltonia asteroides,Polites coras
Boltonia asteroides,Pontia protodice
Boltonia asteroides,Prionyx thomae
Boltonia asteroides,Pseudopanurgus compositarum
Boltonia asteroides,Scolia bicincta
Boltonia asteroides,Spilomyia longicornis
Boltonia asteroides,Stomoxys calcitrans
Boltonia asteroides,Svastra obliqua
Boltonia asteroides,Systoechus vulgaris
Boltonia asteroides,Systropus macer
Boltonia asteroides,Thecophora occidensis
Boltonia asteroides,Toxomerus politus
Boltonia asteroides,Toxophora amphitea
Boltonia asteroides,Triepeolus cressonii
Boltonia asteroides,Triepeolus pectoralis
Boltonia asteroides,Vanessa virginiensis
Boltonia asteroides,Zodion fulvifrons
Borago officinalis,Aglais urticae
Borago officinalis,Anthidium oblongatum
Borago officinalis,Autographa gamma
Borago officinalis,Bombus huntii
Borago officinalis,Bombus hypnorum
Borago officinalis,Bombus lapidarius
Borago officinalis,Bombus perplexus
Borago officinalis,Celastrina argiolus
Borago officinalis,Coccinella septempunctata
Borago officinalis,Dolichovespula arenaria
Borago officinalis,Episyrphus balteatus
Borago officinalis,Eristalis tenax
Borago officinalis,Halictus rubicundus
Borago officinalis,Papilio machaon
Borago officinalis,Polyommatus icarus
Bouvardia ternifolia,Archilochus colubris
Bouvardia ternifolia,Basilinna leucotis
Bouvardia ternifolia,Colibri thalassinus
Bouvardia ternifolia,Eugenes fulgens
Bouvardia ternifolia,Lampornis clemenciae
Bouvardia ternifolia,Leucolia violiceps
Bouvardia ternifolia,Papilio multicaudata
Bouvardia ternifolia,Selasphorus rufus
Brassica oleracea,Andrena arabis
Brassica oleracea,Bombus huntii
Brassica oleracea,Bombus lapidarius
Brassica oleracea,Bombus rufocinctus
Brassica oleracea,Bombylius major
Brassica oleracea,Eristalis arbustorum
Brassica oleracea,Eudasyphora cyanicolor
Brassica oleracea,Mesapamea secalis
Brassica oleracea,Pararge aegeria
Brassica oleracea,Pieris napi
Brassica oleracea,Syrphus ribesii
Brassica rapa,Bombus
Brassica rapa,Coccinella septempunctata
Brassica rapa,Episyrphus balteatus
Brassica rapa,Eristalis tenax
Brassica rapa,Megachile rotundata
Brodiaea filifolia,Bombus
Brunnera macrophylla,Apis mellifera
Brunnera macrophylla,Bombus bimaculatus
Brunnera macrophylla,Bombus rufocinctus
Brunnera macrophylla,Pieris rapae
Bryonia alba,Bombus hypnorum
Bryonia alba,Bombus lapidarius
Bryonia alba,Celastrina argiolus
Bryonia alba,Episyrphus balteatus
Bryonia alba,Megachile centuncularis
Bryonia alba,Syritta pipiens
Buddleja davidii,Aglais urticae
Buddleja davidii,Anthidium florentinum
Buddleja davidii,Anthocharis cardamines
Buddleja davidii,Aricia agestis
Buddleja davidii,Autographa gamma
Buddleja davidii,Bombus bohemicus
Buddleja davidii,Bombus hypnorum
Buddleja davidii,Bombus lapidarius
Buddleja davidii,Celastrina argiolus
Buddleja davidii,Chlosyne gorgone
Buddleja davidii,Colias croceus
Buddleja davidii,Colias hyale
Buddleja davidii,Diaphania indica
Buddleja davidii,Episyrphus balteatus
Buddleja davidii,Eristalis nemorum
Buddleja davidii,Hesperia comma
Buddleja davidii,Hypolimnas misippus
Buddleja davidii,Limenitis weidemeyerii
Buddleja davidii,Lycaena phlaeas
Buddleja davidii,Macroglossum stellatarum
Buddleja davidii,Maruca vitrata
Buddleja davidii,Myathropa florea
Buddleja davidii,Papilio machaon
Buddleja davidii,Papilio multicaudata
Buddleja davidii,Pararge aegeria
Buddleja davidii,Pieris napi
Buddleja davidii,Polites coras
Buddleja davidii,Polygonia c-album
Buddleja davidii,Polyommatus icarus
Buddleja davidii,Rhagonycha fulva
Buddleja davidii,Speyeria aphrodite
Buddleja davidii,Speyeria atlantis
Buddleja davidii,Speyeria cybele
Buddleja davidii,Speyeria edwardsii
Buddleja davidii,Thymelicus lineola
Buddleja davidii,Xestia c-nigrum
Buddleja davidii,Xylota segnis
Buglossoides arvensis,Bombus lapidarius
Bursera simaruba,Apis mellifera
Butomus umbellatus,Apis mellifera
Butomus umbellatus,Episyrphus balteatus
Butomus umbellatus,Eristalis arbustorum
Butomus umbellatus,Lycaena phlaeas
Butomus umbellatus,Pieris rapae
Cakile edentula,Bombus ternarius
Cakile maritima,Aglais urticae
Cakile maritima,Brassicogethes aeneus
Cakile maritima,Coccinella septempunctata
Cakile maritima,Eristalinus aeneus
Cakile maritima,Hylaeus punctatus
Cakile maritima,Papilio machaon
Cakile maritima,Polistes dominula
Cakile maritima,Syritta flaviventris
Cakile maritima,Trichopoda pennipes
Calendula arvensis,Aglais io
Calendula arvensis,Apis mellifera
Calendula arvensis,Aricia agestis
Calendula arvensis,Colias croceus
Calendula arvensis,Delia platura
Calendula arvensis,Episyrphus balteatus
Calendula arvensis,Eristalinus aeneus
Calendula arvensis,Eristalinus taeniops
Calendula arvensis,Eristalis arbustorum
Calendula arvensis,Eristalis tenax
Calendula arvensis,Euphydryas aurinia
Calendula arvensis,Heriades truncorum
Calendula arvensis,Hylaeus annulatus
Calendula arvensis,Hylaeus hyalinatus
Calendula arvensis,Hylaeus leptocephalus
Calendula arvensis,Hylaeus pictipes
Calendula arvensis,Hylaeus punctatus
Calendula arvensis,Lithurgus chrysurus
Calendula arvensis,Lycaena phlaeas
Calendula arvensis,Neomyia cornicina
Calendula arvensis,Papilio machaon
Calendula arvensis,Pieris rapae
Calendula arvensis,Syritta pipiens
Calendula arvensis,Vespula germanica
Calendula officinalis,Aglais io
Calendula officinalis,Aglais urticae
Calendula officinalis,Anthidium oblongatum
Calendula officinalis,Bombus huntii
Calendula officinalis,Bombus lapidarius
Calendula officinalis,Bombus perplexus
Calendula officinalis,Chelostoma campanularum
Calendula officinalis,Delia platura
Calendula officinalis,Episyrphus balteatus
Calendula officinalis,Eristalis nemorum
Calendula officinalis,Eupeodes fumipennis
Calendula officinalis,Halictus rubicundus
Calendula officinalis,Heriades truncorum
Calendula officinalis,Hylaeus annulatus
Calendula officinalis,Hylaeus hyalinatus
Calendula officinalis,Hylaeus leptocephalus
Calendula officinalis,Hylaeus pictipes
Calendula officinalis,Hylaeus punctatus
Calendula officinalis,Lapposyrphus lapponicus
Calendula officinalis,Lithurgus chrysurus
Calendula officinalis,Lycaena phlaeas
Calendula officinalis,Ochlodes sylvanoides
Calendula officinalis,Polygonia c-album
Calendula officinalis,Polyommatus icarus
Calendula officinalis,Syrphus ribesii
Calendula officinalis,Syrphus torvus
Calendula officinalis,Syrphus vitripennis
Callaeum macropterum,Calypte costae
Callaeum macropterum,Cynanthus latirostris
Callicarpa americana,Agapostemon splendens
Callicarpa americana,Augochlora pura
Callicarpa americana,Halictus ligatus
Callicarpa americana,Megachile pseudobrevis
Calochortus apiculatus,Icaricia icarioides
Calochortus argillosus,Apis mellifera
Calochortus argillosus,Coccinella septempunctata
Calochortus argillosus,Heliothodes diminutiva
Calochortus gunnisonii,Cyrtopogon montanus
Calochortus gunnisonii,Oarisma garita
Calochortus invenustus,Acmaeodera connexa
Calochortus luteus,Andrena lewisorum
Calochortus luteus,Ceratina acantha
Calochortus luteus,Ceratina nanula
Calochortus luteus,Ceratina punctigena
Calochortus luteus,Ceratina sequoiae
Calochortus luteus,Ceratina tejonensis
Calochortus luteus,Halictus farinosus
Calochortus luteus,Halictus tripartitus
Calochortus luteus,Hylaeus episcopalis
Calochortus luteus,Lasioglossum titusi
Calochortus luteus,Megachile brevis
Calochortus luteus,Osmia nemoris
Calochortus macrocarpus,Dufourea calochorti
Calochortus macrocarpus,Perdita calochorti
Calochortus nuttallii,Hesperia uncas
Calopogon tuberosus,Bombus fervidus
Caltha leptosepala,Boloria eunomia
Caltha leptosepala,Boloria titania
Caltha leptosepala,Erebia epipsodea
Caltha leptosepala,Ibalia leucospoides
Caltha palustris,Bombus
Caltha palustris,Brassicogethes aeneus
Caltha palustris,Chalcosyrphus nemorum
Caltha palustris,Cheilosia albitarsis
Caltha palustris,Coccinella septempunctata
Caltha palustris,Episyrphus balteatus
Caltha palustris,Eristalis arbustorum
Caltha palustris,Eristalis cryptarum
Caltha palustris,Eristalis tenax
Caltha palustris,Eumerus funeralis
Caltha palustris,Eupeodes latifasciatus
Caltha palustris,Melangyna lasiophthalma
Caltha palustris,Meliscaeva cinctella
Caltha palustris,Myathropa florea
Caltha palustris,Plagiodera versicolora
Caltha palustris,Pyrophaena granditarsa
Caltha palustris,Syritta pipiens
Caltha palustris,Syrphus ribesii
Caltha palustris,Syrphus vitripennis
Caltha palustris,Xylota segnis
Calypso bulbosa,Bombus
Calystegia occidentalis,Judolia sexspilota
Calystegia sepium,Bombus
Calystegia sepium,Bombus flavifrons
Calystegia sepium,Bombus hypnorum
Calystegia sepium,Bombus lapidarius
Calystegia sepium,Calliphora vomitoria
Calystegia sepium,Episyrphus balteatus
Calystegia sepium,Eristalis tenax
Calystegia silvatica,Apis mellifera
Calystegia silvatica,Bombus
Calystegia silvatica,Bombus lapidarius
Calystegia silvatica,Episyrphus balteatus
Calystegia silvatica,Merodon equestris
Calystegia silvatica,Pieris napi
Calystegia silvatica,Pieris rapae
Calystegia silvatica,Syrphus ribesii
Calystegia silvatica,Syrphus vitripennis
Calystegia silvatica,Vanessa atalanta
Calystegia soldanella,Apis mellifera
Calystegia soldanella,Bombus
Camassia leichtlinii,Osmia proxima
Camassia quamash,Coccinella septempunctata
Camassia scilloides,Andrena personata
Camassia scilloides,Augochlorella aurata
Camassia scilloides,Bombus auricomus
Camassia scilloides,Bombus pensylvanicus
Camassia scilloides,Chlosyne nycteis
Camassia scilloides,Cynomya cadaverina
Camassia scilloides,Eristalis dimidiata
Camassia scilloides,Halictus ligatus
Camassia scilloides,Halictus rubicundus
Camassia scilloides,Lasioglossum pectorale
Camassia scilloides,Lasioglossum pruinosum
Camassia scilloides,Lasioglossum versatum
Camassia scilloides,Lucilia sericata
Camassia scilloides,Megachile mendica
Camassia scilloides,Nomada affabilis
Camassia scilloides,Nomada articulata
Camassia scilloides,Nomada superba
Camassia scilloides,Orthonevra nitida
Camassia scilloides,Orthonevra pictipennis
Camassia scilloides,Osmia pumila
Camassia scilloides,Pholisora catullus
Camassia scilloides,Phormia regina
Camassia scilloides,Polistes fuscatus
Camassia scilloides,Syritta pipiens
Camassia scilloides,Vanessa atalanta
Camassia scilloides,Vanessa virginiensis
Camissoniopsis cheiranthifolia,Leptotes marina
Campanula glomerata,Aglais urticae
Campanula glomerata,Apis mellifera
Campanula glomerata,Bombus huntii
Campanula glomerata,Bombus hypnorum
Campanula glomerata,Bombus lapidarius
Campanula glomerata,Bombus perplexus
Campanula glomerata,Bombus rufocinctus
Campanula glomerata,Chelostoma campanularum
Campanula glomerata,Chelostoma rapunculi
Campanula glomerata,Chrysotoxum arcuatum
Campanula glomerata,Delia platura
Campanula glomerata,Episyrphus balteatus
Campanula glomerata,Megachile centuncularis
Campanula glomerata,Pieris napi
Campanula glomerata,Polygonia c-album
Campanula glomerata,Protophormia terraenovae
Campanula glomerata,Syritta pipiens
Campanula glomerata,Syrphus ribesii
Campanula glomerata,Syrphus vitripennis
Campanula glomerata,Vanessa cardui
Campanula parryi,Bombus frigidus
Campanula persicifolia,Aglais urticae
Campanula persicifolia,Apis mellifera
Campanula persicifolia,Boloria selene
Campanula persicifolia,Bombus
Campanula persicifolia,Bombus hypnorum
Campanula persicifolia,Bombus lapidarius
Campanula persicifolia,Bombus vagans
Campanula persicifolia,Bruchidius villosus
Campanula persicifolia,Chelostoma campanularum
Campanula persicifolia,Chelostoma rapunculi
Campanula persicifolia,Chrysotoxum arcuatum
Campanula persicifolia,Dasytes plumbeus
Campanula persicifolia,Delia platura
Campanula persicifolia,Episyrphus balteatus
Campanula persicifolia,Lapposyrphus lapponicus
Campanula persicifolia,Megachile centuncularis
Campanula persicifolia,Pieris napi
Campanula persicifolia,Pieris rapae
Campanula persicifolia,Polygonia c-album
Campanula persicifolia,Protophormia terraenovae
Campanula persicifolia,Syritta pipiens
Campanula persicifolia,Syrphus ribesii
Campanula persicifolia,Syrphus vitripennis
Campanula persicifolia,Thymelicus lineola
Campanula rapunculoides,Apis mellifera
Campanula rapunculoides,Bombus affinis
Campanula rapunculoides,Bombus hypnorum
Campanula rapunculoides,Bombus lapidarius
Campanula rapunculoides,Chelostoma rapunculi
Campanula rapunculoides,Delia platura
Campanula rapunculoides,Pontia occidentalis
Campanula rapunculoides,Protophormia terraenovae
Campsis radicans,Archilochus alexandri
Campsis radicans,Bombus
Campsis radicans,Cynanthus latirostris
Campsis radicans,Lasioglossum imitatum
Campsis radicans,Lasioglossum versatum
Campsis radicans,Musca domestica
Campsis radicans,Paratrea plebeja
Campsis radicans,Stomoxys calcitrans
Campsis radicans,Tapinoma sessile
Campsis radicans,Vespa velutina
Canna indica,Apis mellifera
Canna indica,Cynanthus latirostris
Capraria biflora,Apis mellifera
Capsella bursa-pastoris,Aglais io
Capsella bursa-pastoris,Allograpta obliqua
Capsella bursa-pastoris,Andrena arabis
Capsella bursa-pastoris,Andrena cressonii
Capsella bursa-pastoris,Andrena forbesii
Capsella bursa-pastoris,Andrena imitatrix
Capsella bursa-pastoris,Andrena miserabilis
Capsella bursa-pastoris,Andrena nasonii
Capsella bursa-pastoris,Andrena personata
Capsella bursa-pastoris,Anthocharis cardamines
Capsella bursa-pastoris,Chelostoma philadelphi
Capsella bursa-pastoris,Chlosyne nycteis
Capsella bursa-pastoris,Colias hyale
Capsella bursa-pastoris,Cynomya cadaverina
Capsella bursa-pastoris,Episyrphus balteatus
Capsella bursa-pastoris,Eristalis dimidiata
Capsella bursa-pastoris,Halictus ligatus
Capsella bursa-pastoris,Lasioglossum anomalum
Capsella bursa-pastoris,Lasioglossum foxii
Capsella bursa-pastoris,Lasioglossum imitatum
Capsella bursa-pastoris,Lasioglossum pectorale
Capsella bursa-pastoris,Lasioglossum tegulare
Capsella bursa-pastoris,Lasioglossum versatum
Capsella bursa-pastoris,Lucilia sericata
Capsella bursa-pastoris,Lycaena phlaeas
Capsella bursa-pastoris,Pholisora catullus
Capsella bursa-pastoris,Phyciodes tharos
Capsella bursa-pastoris,Pieris napi
Capsella bursa-pastoris,Polistes fuscatus
Capsella bursa-pastoris,Polites coras
Capsella bursa-pastoris,Polyommatus icarus
Capsella bursa-pastoris,Pyrophaena granditarsa
Capsella bursa-pastoris,Syritta pipiens
Capsella bursa-pastoris,Syrphus ribesii
Capsella bursa-pastoris,Thecophora occidensis
Capsella bursa-pastoris,Zodion fulvifrons
Capsicum annuum,Apis mellifera
Capsicum annuum,Eristalis tenax
Cardamine bulbosa,Andrena arabis
Cardamine bulbosa,Andrena miserabilis
Cardamine bulbosa,Andrena personata
Cardamine bulbosa,Augochlorella aurata
Cardamine bulbosa,Bombus auricomus
Cardamine bulbosa,Bombylius atriceps
Cardamine bulbosa,Bombylius major
Cardamine bulbosa,Ceratina calcarata
Cardamine bulbosa,Ceratina dupla
Cardamine bulbosa,Elkalyce comyntas
Cardamine bulbosa,Halictus ligatus
Cardamine bulbosa,Hoplitis pilosifrons
Cardamine bulbosa,Lasioglossum pectorale
Cardamine bulbosa,Lasioglossum pruinosum
Cardamine bulbosa,Lasioglossum versatum
Cardamine bulbosa,Myopa vesiculosa
Cardamine bulbosa,Nomada denticulata
Cardamine bulbosa,Nomada superba
Cardamine bulbosa,Orthonevra pictipennis
Cardamine bulbosa,Osmia atriventris
Cardamine bulbosa,Osmia conjuncta
Cardamine bulbosa,Osmia cordata
Cardamine bulbosa,Osmia georgica
Cardamine bulbosa,Osmia lignaria
Cardamine bulbosa,Osmia pumila
Cardamine bulbosa,Pholisora catullus
Cardamine bulbosa,Phyciodes tharos
Cardamine bulbosa,Pieris rapae
Cardamine bulbosa,Toxomerus marginatus
Cardamine bulbosa,Vanessa atalanta
Cardamine bulbosa,Zodion fulvifrons
Cardamine concatenata,Agapostemon sericeus
Cardamine concatenata,Andrena cressonii
Cardamine concatenata,Andrena erythronii
Cardamine concatenata,Andrena forbesii
Cardamine concatenata,Andrena frigida
Cardamine concatenata,Andrena mandibularis
Cardamine concatenata,Andrena miserabilis
Cardamine concatenata,Andrena tridens
Cardamine concatenata,Augochlorella aurata
Cardamine concatenata,Bombus pensylvanicus
Cardamine concatenata,Ceratina dupla
Cardamine concatenata,Ceratina strenua
Cardamine concatenata,Elkalyce comyntas
Cardamine concatenata,Halictus ligatus
Cardamine concatenata,Halictus rubicundus
Cardamine concatenata,Lasioglossum foxii
Cardamine concatenata,Lasioglossum imitatum
Cardamine concatenata,Lasioglossum versatum
Cardamine concatenata,Nomada cressonii
Cardamine concatenata,Nomada cuneata
Cardamine concatenata,Nomada illinoensis
Cardamine concatenata,Nomada integerrima
Cardamine concatenata,Nomada maculata
Cardamine concatenata,Osmia bucephala
Cardamine concatenata,Osmia lignaria
Cardamine concatenata,Osmia pumila
Cardamine cordifolia,Boloria eunomia
Cardamine cordifolia,Boloria frigga
Cardamine cordifolia,Boloria titania
Cardamine cordifolia,Euchloe ausonides
Cardamine cordifolia,Speyeria zerene
Cardamine flexuosa,Hylaeus annulatus
Cardamine flexuosa,Hylaeus hyalinatus
Cardamine flexuosa,Hylaeus leptocephalus
Cardamine flexuosa,Hylaeus pictipes
Cardamine flexuosa,Hylaeus punctatus
Cardamine hirsuta,Pieris napi
Cardamine impatiens,Hylaeus annulatus
Cardamine impatiens,Hylaeus hyalinatus
Cardamine impatiens,Hylaeus leptocephalus
Cardamine impatiens,Hylaeus pictipes
Cardamine impatiens,Hylaeus punctatus
Cardamine parviflora,Hylaeus annulatus
Cardamine parviflora,Hylaeus hyalinatus
Cardamine parviflora,Hylaeus leptocephalus
Cardamine parviflora,Hylaeus pictipes
Cardamine parviflora,Hylaeus punctatus
Cardamine pratensis,Aglais io
Cardamine pratensis,Aglais urticae
Cardamine pratensis,Anthocharis cardamines
Cardamine pratensis,Apis mellifera
Cardamine pratensis,Araschnia levana
Cardamine pratensis,Boloria selene
Cardamine pratensis,Bombus
Cardamine pratensis,Bombus lapidarius
Cardamine pratensis,Bombylius major
Cardamine pratensis,Brassicogethes aeneus
Cardamine pratensis,Carterocephalus palaemon
Cardamine pratensis,Copromyza equina
Cardamine pratensis,Episyrphus balteatus
Cardamine pratensis,Eristalis arbustorum
Cardamine pratensis,Eristalis cryptarum
Cardamine pratensis,Eristalis nemorum
Cardamine pratensis,Eristalis tenax
Cardamine pratensis,Euphydryas aurinia
Cardamine pratensis,Halictus rubicundus
Cardamine pratensis,Helophilus hybridus
Cardamine pratensis,Hylaeus annulatus
Cardamine pratensis,Hylaeus hyalinatus
Cardamine pratensis,Hylaeus leptocephalus
Cardamine pratensis,Hylaeus pictipes
Cardamine pratensis,Hylaeus punctatus
Cardamine pratensis,Lycaena phlaeas
Cardamine pratensis,Melangyna lasiophthalma
Cardamine pratensis,Papilio machaon
Cardamine pratensis,Pararge aegeria
Cardamine pratensis,Pieris napi
Cardamine pratensis,Pieris rapae
Cardamine pratensis,Polygonia c-album
Cardamine pratensis,Polyommatus icarus
Cardamine pratensis,Syritta pipiens
Cardamine pratensis,Syrphus vitripennis
Cardamine pratensis,Vanessa cardui
Cardiospermum halicacabum,Marpesia chiron
Cardiospermum halicacabum,Microtia elva
Carduus acanthoides,Aglais io
Carduus acanthoides,Autographa gamma
Carduus acanthoides,Bombus
Carduus acanthoides,Bombus centralis
Carduus acanthoides,Bombus lapidarius
Carduus acanthoides,Colias croceus
Carduus acanthoides,Euptoieta claudia
Carduus acanthoides,Harmonia axyridis
Carduus acanthoides,Heriades truncorum
Carduus acanthoides,Hylaeus annulatus
Carduus acanthoides,Hylaeus hyalinatus
Carduus acanthoides,Hylaeus leptocephalus
Carduus acanthoides,Hylaeus pictipes
Carduus acanthoides,Hylaeus punctatus
Carduus acanthoides,Lerodea eufala
Carduus acanthoides,Lithurgus chrysurus
Carduus acanthoides,Papilio machaon
Carduus acanthoides,Polygonia c-album
Carduus nutans,Agapostemon splendens
Carduus nutans,Aglais urticae
Carduus nutans,Archilochus colubris
Carduus nutans,Atrytone arogos
Carduus nutans,Atrytone delaware
Carduus nutans,Augochlorella aurata
Carduus nutans,Boloria selene
Carduus nutans,Bombus
Carduus nutans,Bombus bohemicus
Carduus nutans,Bombus hypnorum
Carduus nutans,Bombus lapidarius
Carduus nutans,Bombus vosnesenskii
Carduus nutans,Brachymelecta californica
Carduus nutans,Celastrina ladon
Carduus nutans,Cercyonis pegala
Carduus nutans,Chauliognathus marginatus
Carduus nutans,Chauliognathus pensylvanicus
Carduus nutans,Coccinella septempunctata
Carduus nutans,Colias alexandra
Carduus nutans,Colias croceus
Carduus nutans,Colias eurytheme
Carduus nutans,Colias philodice
Carduus nutans,Cyrtophorus verrucosus
Carduus nutans,Danaus gilippus
Carduus nutans,Danaus plexippus
Carduus nutans,Epargyreus clarus
Carduus nutans,Epistrophe grossulariae
Carduus nutans,Episyrphus balteatus
Carduus nutans,Erynnis horatius
Carduus nutans,Eucera hamata
Carduus nutans,Eupeodes americanus
Carduus nutans,Euphoria inda
Carduus nutans,Euphyes vestris
Carduus nutans,Euptoieta claudia
Carduus nutans,Halictus ligatus
Carduus nutans,Halictus rubicundus
Carduus nutans,Hedone vibex
Carduus nutans,Hemaris diffinis
Carduus nutans,Heriades leavitti
Carduus nutans,Hesperia comma
Carduus nutans,Hesperia leonardus
Carduus nutans,Hesperia ottoe
Carduus nutans,Hesperia pahaska
Carduus nutans,Hesperia uncas
Carduus nutans,Hesperia viridis
Carduus nutans,Hyles lineata
Carduus nutans,Lasioglossum coeruleum
Carduus nutans,Lasioglossum hitchensi
Carduus nutans,Lasioglossum imitatum
Carduus nutans,Lasioglossum leucozonium
Carduus nutans,Lerema accius
Carduus nutans,Limenitis weidemeyerii
Carduus nutans,Lycaena dione
Carduus nutans,Lycaena hyllus
Carduus nutans,Macroglossum stellatarum
Carduus nutans,Megachile pugnata
Carduus nutans,Megachile xylocopoides
Carduus nutans,Melissodes desponsus
Carduus nutans,Neophasia menapia
Carduus nutans,Nephrotoma cornicina
Carduus nutans,Oarisma garita
Carduus nutans,Ochlodes sylvanoides
Carduus nutans,Osmia coloradensis
Carduus nutans,Osmia juxta
Carduus nutans,Papilio eurymedon
Carduus nutans,Papilio glaucus
Carduus nutans,Papilio indra
Carduus nutans,Papilio machaon
Carduus nutans,Papilio multicaudata
Carduus nutans,Papilio polyxenes
Carduus nutans,Papilio rutulus
Carduus nutans,Papilio troilus
Carduus nutans,Pieris rapae
Carduus nutans,Polites coras
Carduus nutans,Polites mystic
Carduus nutans,Polites origenes
Carduus nutans,Polites sabuleti
Carduus nutans,Polites themistocles
Carduus nutans,Problema byssus
Carduus nutans,Speyeria aphrodite
Carduus nutans,Speyeria atlantis
Carduus nutans,Speyeria callippe
Carduus nutans,Speyeria coronis
Carduus nutans,Speyeria cybele
Carduus nutans,Speyeria edwardsii
Carduus nutans,Speyeria idalia
Carduus nutans,Speyeria mormonia
Carduus nutans,Speyeria nokomis
Carduus nutans,Strymon melinus
Carduus nutans,Strymon sylvinus
Carduus nutans,Vanessa atalanta
Carduus nutans,Vanessa cardui
Carduus nutans,Vanessa virginiensis
Carduus nutans,Xylocopa virginica
Carduus nutans,Zerene cesonia
Carduus pycnocephalus,Anthidium manicatum
Carduus pycnocephalus,Anthocharis cardamines
Carduus pycnocephalus,Autographa gamma
Carduus pycnocephalus,Bombus
Carduus pycnocephalus,Bombus lapidarius
Carduus pycnocephalus,Colias croceus
Carduus pycnocephalus,Harmonia axyridis
Carduus pycnocephalus,Heriades truncorum
Carduus pycnocephalus,Hylaeus hyalinatus
Carduus pycnocephalus,Hylaeus leptocephalus
Carduus pycnocephalus,Hylaeus pictipes
Carduus pycnocephalus,Hylaeus punctatus
Carduus pycnocephalus,Hylephila phyleus
Carduus pycnocephalus,Icaricia icarioides
Carduus pycnocephalus,Lerodea eufala
Carduus pycnocephalus,Papilio machaon
Carduus pycnocephalus,Paragus haemorrhous
Carduus pycnocephalus,Pieris napi
Carduus pycnocephalus,Polygonia c-album
Carduus tenuiflorus,Aglais urticae
Carduus tenuiflorus,Boloria selene
Carduus tenuiflorus,Bombus hypnorum
Carduus tenuiflorus,Bombus lapidarius
Carduus tenuiflorus,Colias croceus
Carduus tenuiflorus,Lasioglossum leucozonium
Carduus tenuiflorus,Pieris rapae
Carduus tenuiflorus,Tyria jacobaeae
Carduus tenuiflorus,Vanessa cardui
Carica papaya,Agrius cingulata
Carica papaya,Apis mellifera
Carica papaya,Biblis aganisa
Carica papaya,Heliconius charithonia
Carica papaya,Heliconius erato
Carica papaya,Papilio demoleus
Carica papaya,Sphingomorpha chlorea
Carnegiea gigantea,Cynanthus latirostris
Carnegiea gigantea,Selasphorus rufus
Carphephorus corymbosus,Halictus ligatus
Carphephorus odoratissimus,Augochlorella aurata
Carphephorus odoratissimus,Coelioxys sayi
Carphephorus odoratissimus,Dianthidium floridiense
Carphephorus odoratissimus,Megachile albitarsis
Carphephorus odoratissimus,Megachile inimica
Carthamus tinctorius,Apis mellifera
Cassiope mertensiana,Bombus bifarius
Castanea mollissima,Lasioglossum imitatum
Castanea pumila,Geraeus picumnus
Castanea pumila,Glyptobaris lecontei
Castanea sativa,Aglais io
Castanea sativa,Anthidium manicatum
Castanea sativa,Apis mellifera
Castanea sativa,Harmonia axyridis
Castanea sativa,Myathropa florea
Castanea sativa,Papilio machaon
Castanea sativa,Phymatodes testaceus
Castanea sativa,Syrphus vitripennis
Castilleja foliolosa,Augochlorella pomoniella
Castilleja levisecta,Bombus
Castilleja miniata,Megachile frigida
Castilleja miniata,Platycheirus obscurus
Catalpa bignonioides,Battus philenor
Catalpa speciosa,Bombus
Catharanthus roseus,Hedone vibex
Catharanthus roseus,Macroglossum stellatarum
Catharanthus roseus,Megachile pusilla
Catharanthus roseus,Papilio demoleus
Catharanthus roseus,Phoebis argante
Caulanthus amplexicaulis,Anthophora californica
Caulanthus amplexicaulis,Apis mellifera
Caulanthus lasiophyllus,Anthocharis cethura
Caulanthus lasiophyllus,Vanessa cardui
Caulophyllum thalictroides,Augochlora pura
Caulophyllum thalictroides,Augochlorella aurata
Caulophyllum thalictroides,Bombus bimaculatus
Caulophyllum thalictroides,Bombus impatiens
Caulophyllum thalictroides,Idiostethus subcalvus
Caulophyllum thalictroides,Lasioglossum imitatum
Caulophyllum thalictroides,Lasioglossum versatum
Caulophyllum thalictroides,Morellia micans
Caulophyllum thalictroides,Rhingia nasica
Caulophyllum thalictroides,Thaumatomyia glabra
Ceanothus americanus,Allograpta obliqua
Ceanothus americanus,Ammophila nigricans
Ceanothus americanus,Andrena platyparia
Ceanothus americanus,Archytas aterrima
Ceanothus americanus,Arge humeralis
Ceanothus americanus,Augochlorella aurata
Ceanothus americanus,Centrinites strigicollis
Ceanothus americanus,Ceratina dupla
Ceanothus americanus,Cerceris clypeata
Ceanothus americanus,Cerceris compacta
Ceanothus americanus,Cerceris finitima
Ceanothus americanus,Cerceris rufopicta
Ceanothus americanus,Ceropales robinsonii
Ceanothus americanus,Colletes eulophi
Ceanothus americanus,Colletes willistoni
Ceanothus americanus,Cryptorhopalum haemorrhoidale
Ceanothus americanus,Eumenes fraternus
Ceanothus americanus,Hedychrum violaceum
Ceanothus americanus,Hemipenthes sinuosus
Ceanothus americanus,Heriades leavitti
Ceanothus americanus,Hylaeus affinis
Ceanothus americanus,Isodontia apicalis
Ceanothus americanus,Lasioglossum cinctipes
Ceanothus americanus,Lasioglossum imitatum
Ceanothus americanus,Lasioglossum pectorale
Ceanothus americanus,Lasioglossum truncatum
Ceanothus americanus,Lasioglossum versatum
Ceanothus americanus,Lestica confluenta
Ceanothus americanus,Limnophora narona
Ceanothus americanus,Megachile brevis
Ceanothus americanus,Morellia micans
Ceanothus americanus,Musca domestica
Ceanothus americanus,Nomada articulata
Ceanothus americanus,Orthonevra nitida
Ceanothus americanus,Oxybelus emarginatus
Ceanothus americanus,Paradidyma singularis
Ceanothus americanus,Phormia regina
Ceanothus americanus,Sceliphron caementarium
Ceanothus americanus,Strymon sylvinus
Ceanothus americanus,Stylogaster biannulata
Ceanothus americanus,Thecophora occidensis
Ceanothus americanus,Tropidia mamillata
Ceanothus americanus,Tropidia quadrata
Ceanothus americanus,Typocerus sinuatus
Ceanothus americanus,Zodion fulvifrons
Ceanothus thyrsiflorus,Coccinella septempunctata
Celastrus orbiculatus,Andrena rugosa
Celastrus orbiculatus,Andrena tridens
Celastrus orbiculatus,Helophilus latifrons
Celastrus scandens,Andrena cressonii
Celastrus scandens,Colletes aestivalis
Celastrus scandens,Hoplitis spoliata
Celastrus scandens,Lasioglossum versatum
Centaurea calcitrapa,Aglais io
Centaurea calcitrapa,Anania funebris
Centaurea calcitrapa,Aricia agestis
Centaurea calcitrapa,Bombus
Centaurea calcitrapa,Bombus flavidus
Centaurea calcitrapa,Bombus lapidarius
Centaurea calcitrapa,Colias croceus
Centaurea calcitrapa,Episyrphus balteatus
Centaurea calcitrapa,Heriades truncorum
Centaurea calcitrapa,Hylaeus annulatus
Centaurea calcitrapa,Hylaeus hyalinatus
Centaurea calcitrapa,Hylaeus leptocephalus
Centaurea calcitrapa,Hylaeus pictipes
Centaurea calcitrapa,Hylaeus punctatus
Centaurea calcitrapa,Lithurgus chrysurus
Centaurea calcitrapa,Lycaena phlaeas
Centaurea calcitrapa,Macroglossum stellatarum
Centaurea calcitrapa,Megachile apicalis
Centaurea calcitrapa,Papilio machaon
Centaurea calcitrapa,Polyommatus icarus
Centaurea calcitrapa,Vanessa atalanta
Centaurea cyanus,Aricia agestis
Centaurea cyanus,Bombus
Centaurea cyanus,Bombus bohemicus
Centaurea cyanus,Bombus huntii
Centaurea cyanus,Bombus hypnorum
Centaurea cyanus,Bombus lapidarius
Centaurea cyanus,Chelostoma rapunculi
Centaurea cyanus,Diplazon laetatorius
Centaurea cyanus,Episyrphus balteatus
Centaurea cyanus,Halictus rubicundus
Centaurea cyanus,Pieris canidia
Centaurea cyanus,Polyommatus icarus
Centaurea cyanus,Strymon melinus
Centaurea cyanus,Syrphus ribesii
Centaurea cyanus,Vanessa cardui
Centaurea diffusa,Eristalis tenax
Centaurea jacea,Aglais io
Centaurea jacea,Aglais urticae
Centaurea jacea,Anania funebris
Centaurea jacea,Araschnia levana
Centaurea jacea,Aricia agestis
Centaurea jacea,Autographa gamma
Centaurea jacea,Bombus
Centaurea jacea,Bombus bohemicus
Centaurea jacea,Bombus flavidus
Centaurea jacea,Bombus hypnorum
Centaurea jacea,Bombus lapidarius
Centaurea jacea,Brassicogethes aeneus
Centaurea jacea,Carterocephalus palaemon
Centaurea jacea,Celastrina argiolus
Centaurea jacea,Colias croceus
Centaurea jacea,Colias hyale
Centaurea jacea,Delia platura
Centaurea jacea,Didea alneti
Centaurea jacea,Episyrphus balteatus
Centaurea jacea,Eristalinus aeneus
Centaurea jacea,Eristalis nemorum
Centaurea jacea,Eristalis rupium
Centaurea jacea,Halictus confusus
Centaurea jacea,Halictus rubicundus
Centaurea jacea,Heriades truncorum
Centaurea jacea,Hesperia comma
Centaurea jacea,Hippodamia variegata
Centaurea jacea,Hylaeus annulatus
Centaurea jacea,Hylaeus hyalinatus
Centaurea jacea,Hylaeus leptocephalus
Centaurea jacea,Hylaeus pictipes
Centaurea jacea,Hylaeus punctatus
Centaurea jacea,Lapposyrphus lapponicus
Centaurea jacea,Lasioglossum leucozonium
Centaurea jacea,Lithurgus chrysurus
Centaurea jacea,Lycaena phlaeas
Centaurea jacea,Megachile apicalis
Centaurea jacea,Megachile centuncularis
Centaurea jacea,Megachile ericetorum
Centaurea jacea,Merodon equestris
Centaurea jacea,Musca autumnalis
Centaurea jacea,Myathropa florea
Centaurea jacea,Papilio machaon
Centaurea jacea,Pieris napi
Centaurea jacea,Pollenia rudis
Centaurea jacea,Polyommatus icarus
Centaurea jacea,Syritta pipiens
Centaurea jacea,Syrphus ribesii
Centaurea jacea,Syrphus torvus
Centaurea jacea,Syrphus vitripennis
Centaurea jacea,Thymelicus lineola
Centaurea montana,Bombus
Centaurea montana,Bombus hypnorum
Centaurea montana,Bombus lapidarius
Centaurea montana,Episyrphus balteatus
Centaurea montana,Pieris rapae
Centaurea solstitialis,Aglais io
Centaurea solstitialis,Anania funebris
Centaurea solstitialis,Anthidium florentinum
Centaurea solstitialis,Aricia agestis
Centaurea solstitialis,Bombus
Centaurea solstitialis,Bombus flavidus
Centaurea solstitialis,Bombus lapidarius
Centaurea solstitialis,Colias croceus
Centaurea solstitialis,Episyrphus balteatus
Centaurea solstitialis,Heriades truncorum
Centaurea solstitialis,Hesperia lindseyi
Centaurea solstitialis,Hylaeus annulatus
Centaurea solstitialis,Hylaeus hyalinatus
Centaurea solstitialis,Hylaeus leptocephalus
Centaurea solstitialis,Hylaeus pictipes
Centaurea solstitialis,Hylaeus punctatus
Centaurea solstitialis,Lithurgus chrysurus
Centaurea solstitialis,Lycaena phlaeas
Centaurea solstitialis,Polyommatus icarus
Centaurea solstitialis,Syritta pipiens
Centaurea solstitialis,Thymelicus lineola
Centaurea solstitialis,Vanessa atalanta
Centaurea stoebe,Bombus lapidarius
Centaurea stoebe,Colias croceus
Centaurea stoebe,Episyrphus balteatus
Centaurea stoebe,Macroglossum stellatarum
Centaurea stoebe,Papilio machaon
Centaurium erythraea,Apis mellifera
Centaurium erythraea,Episyrphus balteatus
Centaurium erythraea,Eristalis arbustorum
Centaurium erythraea,Eristalis nemorum
Centaurium erythraea,Eristalis tenax
Centaurium erythraea,Halictus rubicundus
Centaurium erythraea,Pieris rapae
Centaurium erythraea,Polyommatus icarus
Centaurium erythraea,Syritta pipiens
Centaurium erythraea,Syrphus ribesii
Centaurium erythraea,Syrphus torvus
Centaurium erythraea,Syrphus vitripennis
Centaurium erythraea,Thymelicus lineola
Centaurium erythraea,Vanessa cardui
Centaurium pulchellum,Vanessa cardui
Centaurium tenuiflorum,Syritta pipiens
Centranthus ruber,Aglais io
Centranthus ruber,Aglais urticae
Centranthus ruber,Anthocharis cardamines
Centranthus ruber,Aricia agestis
Centranthus ruber,Boloria selene
Centranthus ruber,Bombus
Centranthus ruber,Bombus hypnorum
Centranthus ruber,Bombus lapidarius
Centranthus ruber,Bombylius major
Centranthus ruber,Celastrina argiolus
Centranthus ruber,Colias croceus
Centranthus ruber,Deilephila elpenor
Centranthus ruber,Delia platura
Centranthus ruber,Epistrophe grossulariae
Centranthus ruber,Episyrphus balteatus
Centranthus ruber,Eristalis arbustorum
Centranthus ruber,Helophilus hybridus
Centranthus ruber,Junonia coenia
Centranthus ruber,Limenitis reducta
Centranthus ruber,Lycaena phlaeas
Centranthus ruber,Lycaena xanthoides
Centranthus ruber,Merodon equestris
Centranthus ruber,Myathropa florea
Centranthus ruber,Papilio eurymedon
Centranthus ruber,Papilio machaon
Centranthus ruber,Paragus haemorrhous
Centranthus ruber,Pararge aegeria
Centranthus ruber,Pieris napi
Centranthus ruber,Polites coras
Centranthus ruber,Polites themistocles
Centranthus ruber,Polygonia c-album
Centranthus ruber,Polyommatus icarus
Centranthus ruber,Pyrophaena granditarsa
Centranthus ruber,Rhagonycha fulva
Centranthus ruber,Syrphus ribesii
Centranthus ruber,Tyta luctuosa
Centranthus ruber,Vanessa atalanta
Centrosema arenicola,Megachile mendica
Cephalanthus occidentalis,Agapostemon sericeus
Cephalanthus occidentalis,Ammophila nigricans
Cephalanthus occidentalis,Ceratina dupla
Cephalanthus occidentalis,Elkalyce comyntas
Cephalanthus occidentalis,Entypus fulvicornis
Cephalanthus occidentalis,Halictus rubicundus
Cephalanthus occidentalis,Hylaeus affinis
Cephalanthus occidentalis,Lasioglossum laevissimum
Cephalanthus occidentalis,Megachile brevis
Cephalanthus occidentalis,Megachile inimica
Cephalanthus occidentalis,Megachile petulans
Cephalanthus occidentalis,Melissodes communis
Cephalanthus occidentalis,Melissodes tepaneca
Cephalanthus occidentalis,Mitoura gryneus
Cephalanthus occidentalis,Musca domestica
Cephalanthus occidentalis,Nomada texana
Cephalanthus occidentalis,Physocephala texana
Cephalanthus occidentalis,Polites coras
Cephalanthus occidentalis,Pontia protodice
Cephalanthus occidentalis,Speyeria cybele
Cephalanthus occidentalis,Svastra obliqua
Cephalanthus occidentalis,Thorybes daunus
Cephalanthus occidentalis,Trichiotinus affinis
Cephalanthus occidentalis,Triepeolus concavus
Cephalanthus occidentalis,Triepeolus lunatus
Cephalanthus occidentalis,Zerene cesonia
Cerastium arvense,Andrena alleghaniensis
Cerastium arvense,Andrena cressonii
Cerastium arvense,Andrena erigeniae
Cerastium arvense,Andrena forbesii
Cerastium arvense,Andrena nasonii
Cerastium arvense,Andrena perplexa
Cerastium arvense,Andrena personata
Cerastium arvense,Andrena vicina
Cerastium arvense,Araschnia levana
Cerastium arvense,Bombus lapidarius
Cerastium arvense,Celastrina humulus
Cerastium arvense,Celastrina lucia
Cerastium arvense,Ceratina strenua
Cerastium arvense,Chlosyne gorgone
Cerastium arvense,Coenonympha tullia
Cerastium arvense,Erebia epipsodea
Cerastium arvense,Erynnis brizo
Cerastium arvense,Erynnis icelus
Cerastium arvense,Erynnis martialis
Cerastium arvense,Erynnis pacuvius
Cerastium arvense,Erynnis persius
Cerastium arvense,Erynnis telemachus
Cerastium arvense,Euchloe ausonides
Cerastium arvense,Euchloe olympia
Cerastium arvense,Glaucopsyche lygdamus
Cerastium arvense,Lasioglossum versatum
Cerastium arvense,Lycaena phlaeas
Cerastium arvense,Nathalis iole
Cerastium arvense,Nomada denticulata
Cerastium arvense,Oarisma garita
Cerastium arvense,Occidryas anicia
Cerastium arvense,Ochlodes sylvanoides
Cerastium arvense,Opomyza germinationis
Cerastium arvense,Osmia atriventris
Cerastium arvense,Osmia pumila
Cerastium arvense,Osmia tristella
Cerastium arvense,Pieris napi
Cerastium arvense,Pieris rapae
Cerastium arvense,Plebejus lupini
Cerastium arvense,Pontia sisymbrii
Cerastium arvense,Thecla schryveri
Cerastium arvense,Thecla sheridanii
Cerastium arvense,Vanessa cardui
Cerastium fontanum,Bombus hypnorum
Cerastium fontanum,Bombus lapidarius
Cerastium fontanum,Episyrphus balteatus
Cerastium fontanum,Lycaena phlaeas
Cerastium fontanum,Neomyia cornicina
Cerastium fontanum,Pyrophaena granditarsa
Cerastium fontanum,Scathophaga stercoraria
Cerastium fontanum,Syritta pipiens
Cerastium glomeratum,Andrena personata
Cerastium glomeratum,Anthocharis cardamines
Cerastium glomeratum,Bombus pensylvanicus
Cerastium glomeratum,Ceratina dupla
Cerastium glomeratum,Dasysyrphus venustus
Cerastium glomeratum,Episyrphus balteatus
Cerastium glomeratum,Gymnoclytia immaculata
Cerastium glomeratum,Stelis lateralis
Cerastium glomeratum,Syrphus ribesii
Cerastium glomeratum,Toxomerus marginatus
Cerastium glomeratum,Toxophora amphitea
Cerastium glomeratum,Zodion fulvifrons
Cercis occidentalis,Bombus
Cercis occidentalis,Callophrys mossii
Cercis occidentalis,Osmia lignaria
Cercis occidentalis,Papilio eurymedon
Cercis occidentalis,Thecla johnsoni
Cercocarpus betuloides,Habropoda depressa
Chaenactis douglasii,Euptoieta claudia
Chaenactis douglasii,Halictus ligatus
Chaenactis glabriuscula,Icaricia icarioides
Chaerophyllum procumbens,Andrena carlini
Chaerophyllum procumbens,Andrena nasonii
Chaerophyllum procumbens,Augochlora pura
Chaerophyllum procumbens,Augochlorella aurata
Chaerophyllum procumbens,Eupeodes americanus
Chaerophyllum procumbens,Lasioglossum cressonii
Chaerophyllum procumbens,Lasioglossum imitatum
Chaerophyllum procumbens,Lasioglossum obscurum
Chaerophyllum procumbens,Lasioglossum versatum
Chaerophyllum procumbens,Mantura floridana
Chaerophyllum procumbens,Myospila meditabunda
Chaerophyllum procumbens,Nomada obliterata
Chaerophyllum procumbens,Orthonevra nitida
Chaerophyllum procumbens,Osmia lignaria
Chaerophyllum procumbens,Osmia pumila
Chaerophyllum procumbens,Pipiza femoralis
Chaerophyllum procumbens,Sphecodes ranunculi
Chaerophyllum procumbens,Syrphus ribesii
Chaerophyllum procumbens,Syrphus torvus
Chaerophyllum procumbens,Toxomerus marginatus
Chaerophyllum procumbens,Trichopsomyia apisaon
Chaerophyllum temulum,Andrena barbilabris
Chaerophyllum temulum,Andrena wilkella
Chaerophyllum temulum,Anthrenus fuscus
Chaerophyllum temulum,Anthrenus verbasci
Chaerophyllum temulum,Apis mellifera
Chaerophyllum temulum,Araschnia levana
Chaerophyllum temulum,Bombus lapidarius
Chaerophyllum temulum,Cheilosia albitarsis
Chaerophyllum temulum,Clytus arietis
Chaerophyllum temulum,Dasysyrphus venustus
Chaerophyllum temulum,Dasytes plumbeus
Chaerophyllum temulum,Delia radicum
Chaerophyllum temulum,Episyrphus balteatus
Chaerophyllum temulum,Eristalis arbustorum
Chaerophyllum temulum,Eristalis tenax
Chaerophyllum temulum,Hylaeus annulatus
Chaerophyllum temulum,Hylaeus hyalinatus
Chaerophyllum temulum,Hylaeus leptocephalus
Chaerophyllum temulum,Hylaeus pictipes
Chaerophyllum temulum,Hylaeus punctatus
Chaerophyllum temulum,Meliscaeva cinctella
Chaerophyllum temulum,Nephrotoma appendiculata
Chaerophyllum temulum,Rhagonycha fulva
Chaerophyllum temulum,Syritta pipiens
Chaetopappa ericoides,Hesperia pahaska
Chaetopappa ericoides,Thessalia leanira
Chamaecrista fasciculata,Agapostemon sericeus
Chamaecrista fasciculata,Ageniella arcuata
Chamaecrista fasciculata,Anoplius apiculatus
Chamaecrista fasciculata,Anthophora walshii
Chamaecrista fasciculata,Astata unicolor
Chamaecrista fasciculata,Augochlora pura
Chamaecrista fasciculata,Augochloropsis metallica
Chamaecrista fasciculata,Augochloropsis sumptuosa
Chamaecrista fasciculata,Bombus vagans
Chamaecrista fasciculata,Cerceris kennicottii
Chamaecrista fasciculata,Entypus fulvicornis
Chamaecrista fasciculata,Florilegus condignus
Chamaecrista fasciculata,Lasioglossum imitatum
Chamaecrista fasciculata,Lasioglossum pectorale
Chamaecrista fasciculata,Lasioglossum tegulare
Chamaecrista fasciculata,Lasioglossum versatum
Chamaecrista fasciculata,Lyroda subita
Chamaecrista fasciculata,Megachile brevis
Chamaecrista fasciculata,Megachile latimanus
Chamaecrista fasciculata,Megachile mendica
Chamaecrista fasciculata,Megachile petulans
Chamaecrista fasciculata,Megachile pseudobrevis
Chamaecrista fasciculata,Megachile texana
Chamaecrista fasciculata,Melissodes bimaculatus
Chamaecrista fasciculata,Melissodes communis
Chamaecrista fasciculata,Oxybelus emarginatus
Chamaecrista fasciculata,Svastra atripes
Chamaecrista fasciculata,Syritta pipiens
Chamaecrista fasciculata,Tabanus lineola
Chamaecrista fasciculata,Tachysphex tarsatus
Chamaecrista fasciculata,Tachytes chrysopyga
Chamaecrista fasciculata,Tachytes mergus
Chamaecrista fasciculata,Tachytes pepticus
Chamaecrista fasciculata,Thaumatomyia glabra
Chamaecrista fasciculata,Thecophora occidensis
Chamaecrista fasciculata,Toxomerus marginatus
Chamaecrista fasciculata,Toxomerus politus
Chamaecrista nictitans,Augochloropsis metallica
Chapmannia floridana,Augochlorella aurata
Chapmannia floridana,Augochloropsis metallica
Chapmannia floridana,Bombus impatiens
Chapmannia floridana,Lasioglossum nymphale
Chelidonium majus,Aglais urticae
Chelidonium majus,Araschnia levana
Chelidonium majus,Bombus hypnorum
Chelidonium majus,Episyrphus balteatus
Chelidonium majus,Pararge aegeria
Chenopodium album,Episyrphus balteatus
Chenopodium album,Lycaena phlaeas
Chenopodium album,Syrphus ribesii
Chenopodium album,Syrphus vitripennis
Chilopsis linearis,Calothorax lucifer
Chilopsis linearis,Cynanthus latirostris
Chimaphila umbellata,Apis mellifera
Chloracantha spinosa,Echinargus isola
Chondrilla juncea,Colias croceus
Chondrilla juncea,Pieris rapae
Chorispora tenella,Euchloe olympia
Chorispora tenella,Hylaeus annulatus
Chorispora tenella,Hylaeus hyalinatus
Chorispora tenella,Hylaeus leptocephalus
Chorispora tenella,Hylaeus pictipes
Chorispora tenella,Hylaeus punctatus
Chorispora tenella,Pontia protodice
Chrysopsis scabrella,Agapostemon splendens
Chrysopsis scabrella,Andrena fulvipennis
Chrysopsis scabrella,Bombus impatiens
Chrysopsis scabrella,Lasioglossum nymphale
Chrysopsis scabrella,Megachile mendica
Chrysopsis scabrella,Megachile pseudobrevis
Cichorium intybus,Aglais io
Cichorium intybus,Aglais urticae
Cichorium intybus,Bellardia vulgaris
Cichorium intybus,Bombus
Cichorium intybus,Bombus affinis
Cichorium intybus,Bombus borealis
Cichorium intybus,Bombus hypnorum
Cichorium intybus,Bombus lapidarius
Cichorium intybus,Coenosia tigrina
Cichorium intybus,Colias croceus
Cichorium intybus,Episyrphus balteatus
Cichorium intybus,Halictus tripartitus
Cichorium intybus,Hesperia comma
Cichorium intybus,Lonchoptera bifurcata
Cichorium intybus,Megachile rotundata
Cichorium intybus,Musca autumnalis
Cichorium intybus,Muscina levida
Cichorium intybus,Myathropa florea
Cichorium intybus,Neomyia cornicina
Cichorium intybus,Ochlodes sylvanoides
Cichorium intybus,Opomyza germinationis
Cichorium intybus,Pieris napi
Cichorium intybus,Pollenia rudis
Cichorium intybus,Polyommatus icarus
Cichorium intybus,Scathophaga stercoraria
Cichorium intybus,Vanessa cardui
Cicuta maculata,Agapostemon sericeus
Cicuta maculata,Allograpta obliqua
Cicuta maculata,Ammophila nigricans
Cicuta maculata,Ancistrocerus campestris
Cicuta maculata,Anoplius atrox
Cicuta maculata,Archytas aterrima
Cicuta maculata,Astata bicolor
Cicuta maculata,Astata unicolor
Cicuta maculata,Augochlora pura
Cicuta maculata,Augochlorella aurata
Cicuta maculata,Batyle suturalis
Cicuta maculata,Belvosia bifasciata
Cicuta maculata,Belvosia unifasciata
Cicuta maculata,Bembix americana
Cicuta maculata,Bombus auricomus
Cicuta maculata,Celastrina lucia
Cicuta maculata,Cerceris bicornuta
Cicuta maculata,Cerceris clypeata
Cicuta maculata,Cerceris compacta
Cicuta maculata,Cerceris finitima
Cicuta maculata,Ceropales bipunctata
Cicuta maculata,Ceropales elegans
Cicuta maculata,Ceropales robinsonii
Cicuta maculata,Chrysops striatus
Cicuta maculata,Cochliomyia macellaria
Cicuta maculata,Colletes eulophi
Cicuta maculata,Colletes latitarsis
Cicuta maculata,Colletes simulans
Cicuta maculata,Dolichovespula maculata
Cicuta maculata,Ectemnius lapidarius
Cicuta maculata,Ectemnius trifasciatus
Cicuta maculata,Elkalyce comyntas
Cicuta maculata,Entypus fulvicornis
Cicuta maculata,Episyron biguttatus
Cicuta maculata,Eristalinus aeneus
Cicuta maculata,Eristalis flavipes
Cicuta maculata,Eristalis stipator
Cicuta maculata,Erynnis horatius
Cicuta maculata,Eucerceris zonata
Cicuta maculata,Euderces picipes
Cicuta maculata,Eugnoriste occidentalis
Cicuta maculata,Euperilampus triangularis
Cicuta maculata,Exoprosopa fascipennis
Cicuta maculata,Gorytes atricornis
Cicuta maculata,Gorytes simillimus
Cicuta maculata,Graphomya americana
Cicuta maculata,Gymnoclytia immaculata
Cicuta maculata,Halictus ligatus
Cicuta maculata,Halictus parallelus
Cicuta maculata,Halictus rubicundus
Cicuta maculata,Holopyga ventralis
Cicuta maculata,Hylaeus affinis
Cicuta maculata,Hylaeus illinoisensis
Cicuta maculata,Hylaeus modestus
Cicuta maculata,Hylaeus saniculae
Cicuta maculata,Ichneumon ambulatorius
Cicuta maculata,Larra analis
Cicuta maculata,Larropsis distincta
Cicuta maculata,Lasioglossum imitatum
Cicuta maculata,Leptometopa latipes
Cicuta maculata,Lestica confluenta
Cicuta maculata,Leucospis affinis
Cicuta maculata,Limenitis archippus
Cicuta maculata,Limnophora narona
Cicuta maculata,Liris argentatus
Cicuta maculata,Lyroda subita
Cicuta maculata,Megachile brevis
Cicuta maculata,Megachile petulans
Cicuta maculata,Megachile pugnata
Cicuta maculata,Melissodes bimaculatus
Cicuta maculata,Mordella melaena
Cicuta maculata,Morellia micans
Cicuta maculata,Musca domestica
Cicuta maculata,Mydas clavatus
Cicuta maculata,Mydas tibialis
Cicuta maculata,Odontocorynus salebrosus
Cicuta maculata,Orthonevra nitida
Cicuta maculata,Oxybelus cressonii
Cicuta maculata,Oxybelus emarginatus
Cicuta maculata,Oxybelus niger
Cicuta maculata,Paradidyma singularis
Cicuta maculata,Phormia regina
Cicuta maculata,Physoconops brachyrhynchus
Cicuta maculata,Plecia nearctica
Cicuta maculata,Poecilopompilus interruptus
Cicuta maculata,Polistes annularis
Cicuta maculata,Polistes carolina
Cicuta maculata,Prionyx atratus
Cicuta maculata,Prionyx thomae
Cicuta maculata,Scolia bicincta
Cicuta maculata,Scolia nobilitata
Cicuta maculata,Speyeria cybele
Cicuta maculata,Sphaerophoria pyrrhina
Cicuta maculata,Sphecodes dichrous
Cicuta maculata,Sphex ichneumoneus
Cicuta maculata,Stizoides renicinctus
Cicuta maculata,Stizus brevipennis
Cicuta maculata,Syritta pipiens
Cicuta maculata,Tabanus lineola
Cicuta maculata,Tachysphex tarsatus
Cicuta maculata,Tachytes chrysopyga
Cicuta maculata,Tachytes distinctus
Cicuta maculata,Tachytes pepticus
Cicuta maculata,Thecophora occidensis
Cicuta maculata,Toxomerus politus
Cicuta maculata,Trichopoda lanipes
Cicuta maculata,Trichopsomyia apisaon
Cicuta maculata,Tropidia quadrata
Cicuta maculata,Trypoxylon tridentatum
Cicuta maculata,Vespula germanica
Cicuta maculata,Vespula squamosa
Cicuta maculata,Vespula vidua
Cicuta maculata,Xylocopa virginica
Cirsium arvense,Aglais io
Cirsium arvense,Aglais urticae
Cirsium arvense,Agrotis ipsilon
Cirsium arvense,Amphipyra tragopoginis
Cirsium arvense,Anagrapha falcifera
Cirsium arvense,Anthonomus rubi
Cirsium arvense,Apamea sordens
Cirsium arvense,Araschnia levana
Cirsium arvense,Aricia agestis
Cirsium arvense,Asterocampa celtis
Cirsium arvense,Atalopedes campestris
Cirsium arvense,Athalia rosae
Cirsium arvense,Atrytone arogos
Cirsium arvense,Autographa californica
Cirsium arvense,Autographa gamma
Cirsium arvense,Batyle suturalis
Cirsium arvense,Bellardia vulgaris
Cirsium arvense,Boloria selene
Cirsium arvense,Bombus
Cirsium arvense,Bombus ashtoni
Cirsium arvense,Bombus bohemicus
Cirsium arvense,Bombus hypnorum
Cirsium arvense,Bombus lapidarius
Cirsium arvense,Brassicogethes aeneus
Cirsium arvense,Bruchus rufimanus
Cirsium arvense,Buathra laborator
Cirsium arvense,Calliphora vicina
Cirsium arvense,Calliphora vomitoria
Cirsium arvense,Caradrina morpheus
Cirsium arvense,Celastrina argiolus
Cirsium arvense,Cheilosia albitarsis
Cirsium arvense,Cheilosia corydon
Cirsium arvense,Chloromyia formosa
Cirsium arvense,Chlosyne gorgone
Cirsium arvense,Chlosyne nycteis
Cirsium arvense,Chrysoteuchia topiarius
Cirsium arvense,Coelioxys
Cirsium arvense,Coenosia tigrina
Cirsium arvense,Colias croceus
Cirsium arvense,Colias hyale
Cirsium arvense,Colletes kincaidii
Cirsium arvense,Copromyza equina
Cirsium arvense,Dinera grisescens
Cirsium arvense,Dysstroma truncata
Cirsium arvense,Echinargus isola
Cirsium arvense,Epidemia dorcas
Cirsium arvense,Epirrhoe alternata
Cirsium arvense,Episyrphus balteatus
Cirsium arvense,Eristalinus aeneus
Cirsium arvense,Eristalis obscura
Cirsium arvense,Eristalis rupium
Cirsium arvense,Euchloe ausonides
Cirsium arvense,Eumerus funeralis
Cirsium arvense,Eupeodes latifasciatus
Cirsium arvense,Eupeodes volucris
Cirsium arvense,Euphydryas aurinia
Cirsium arvense,Euphyes bimacula
Cirsium arvense,Eurithia anthophila
Cirsium arvense,Gnophaela vermiculata
Cirsium arvense,Graphomya maculata
Cirsium arvense,Harkenclenus titus
Cirsium arvense,Helophilus hybridus
Cirsium arvense,Hesperia comma
Cirsium arvense,Hesperia ottoe
Cirsium arvense,Hesperia pahaska
Cirsium arvense,Hesperia uncas
Cirsium arvense,Hesperia viridis
Cirsium arvense,Hydraecia micacea
Cirsium arvense,Hydriomena furcata
Cirsium arvense,Hylaeus hyalinatus
Cirsium arvense,Idaea dimidiata
Cirsium arvense,Ischnopterapion virens
Cirsium arvense,Lethe eurydice
Cirsium arvense,Lucilia bufonivora
Cirsium arvense,Lucilia sericata
Cirsium arvense,Lucilia silvarum
Cirsium arvense,Lycaena dione
Cirsium arvense,Lycaena heteronea
Cirsium arvense,Lycaena hyllus
Cirsium arvense,Lycaena phlaeas
Cirsium arvense,Lycaena rubidus
Cirsium arvense,Mastor oslari
Cirsium arvense,Megachile centuncularis
Cirsium arvense,Meliscaeva cinctella
Cirsium arvense,Mesapamea secalis
Cirsium arvense,Musca autumnalis
Cirsium arvense,Myathropa florea
Cirsium arvense,Myospila meditabunda
Cirsium arvense,Myrmica rubra
Cirsium arvense,Neomyia cornicina
Cirsium arvense,Noctua comes
Cirsium arvense,Nymphalis antiopa
Cirsium arvense,Oarisma garita
Cirsium arvense,Oligia strigilis
Cirsium arvense,Oscinella frit
Cirsium arvense,Papilio machaon
Cirsium arvense,Papilio multicaudata
Cirsium arvense,Papilio zelicaon
Cirsium arvense,Pararge aegeria
Cirsium arvense,Parhelophilus laetus
Cirsium arvense,Pholisora mejicanus
Cirsium arvense,Phragmatobia fuliginosa
Cirsium arvense,Phyciodes batesii
Cirsium arvense,Phyciodes picta
Cirsium arvense,Pieris napi
Cirsium arvense,Pieris oleracea
Cirsium arvense,Piruna pirus
Cirsium arvense,Plebejus acmon
Cirsium arvense,Poladryas minuta
Cirsium arvense,Polites coras
Cirsium arvense,Polites mystic
Cirsium arvense,Polites sabuleti
Cirsium arvense,Polites themistocles
Cirsium arvense,Pollenia pediculata
Cirsium arvense,Pollenia rudis
Cirsium arvense,Polygonia c-album
Cirsium arvense,Polygonia faunus
Cirsium arvense,Polygonia gracilis
Cirsium arvense,Polygonia satyrus
Cirsium arvense,Polyommatus icarus
Cirsium arvense,Pyrgus communis
Cirsium arvense,Pyrophaena granditarsa
Cirsium arvense,Saltella sphondylii
Cirsium arvense,Sarcophaga subvicina
Cirsium arvense,Satyrium behrii
Cirsium arvense,Satyrium liparops
Cirsium arvense,Scathophaga stercoraria
Cirsium arvense,Sceliphron caementarium
Cirsium arvense,Siphona pauciseta
Cirsium arvense,Speyeria aphrodite
Cirsium arvense,Speyeria atlantis
Cirsium arvense,Speyeria callippe
Cirsium arvense,Speyeria coronis
Cirsium arvense,Speyeria cybele
Cirsium arvense,Speyeria edwardsii
Cirsium arvense,Speyeria mormonia
Cirsium arvense,Speyeria zerene
Cirsium arvense,Strymon saepium
Cirsium arvense,Strymon sylvinus
Cirsium arvense,Syrphus opinator
Cirsium arvense,Syrphus ribesii
Cirsium arvense,Syrphus torvus
Cirsium arvense,Syrphus vitripennis
Cirsium arvense,Terellia occidentalis
Cirsium arvense,Terellia ruficauda
Cirsium arvense,Trichodes apiarius
Cirsium arvense,Tyria jacobaeae
Cirsium arvense,Tyta luctuosa
Cirsium arvense,Urophora stylata
Cirsium arvense,Vespula germanica
Cirsium arvense,Xestia c-nigrum
Cirsium arvense,Xestia xanthographa
Cirsium arvense,Xylota segnis
Cirsium cymosum,Bombus appositus
Cirsium discolor,Atalopedes campestris
Cirsium discolor,Augochlorella aurata
Cirsium discolor,Chauliognathus marginatus
Cirsium discolor,Colias philodice
Cirsium discolor,Colletes eulophi
Cirsium discolor,Diabrotica longicornis
Cirsium discolor,Exoprosopa fasciata
Cirsium discolor,Halictus ligatus
Cirsium discolor,Hyles lineata
Cirsium discolor,Lasioglossum imitatum
Cirsium discolor,Lasioglossum pruinosum
Cirsium discolor,Lasioglossum versatum
Cirsium discolor,Melissodes agilis
Cirsium discolor,Melissodes communis
Cirsium discolor,Melitoma taurea
Cirsium discolor,Polites coras
Cirsium discolor,Scolia bicincta
Cirsium discolor,Speyeria cybele
Cirsium discolor,Speyeria idalia
Cirsium discolor,Svastra obliqua
Cirsium discolor,Systoechus vulgaris
Cirsium discolor,Triepeolus concavus
Cirsium horridulum,Halictus ligatus
Cirsium horridulum,Lasioglossum nymphale
Cirsium horridulum,Lasioglossum pectorale
Cirsium horridulum,Megachile pseudobrevis
Cirsium neomexicanum,Cynanthus latirostris
Cirsium neomexicanum,Papilio multicaudata
Cirsium palustre,Apis mellifera
Cirsium palustre,Bombus
Cirsium palustre,Bombus bohemicus
Cirsium palustre,Bombus hypnorum
Cirsium palustre,Bombus lapidarius
Cirsium palustre,Episyrphus balteatus
Cirsium palustre,Eristalis arbustorum
Cirsium palustre,Eristalis tenax
Cirsium palustre,Helophilus hybridus
Cirsium palustre,Musca autumnalis
Cirsium palustre,Pieris napi
Cirsium palustre,Polyommatus icarus
Cirsium palustre,Rhagonycha fulva
Cirsium palustre,Scathophaga stercoraria
Cirsium parryi,Danaus plexippus
Cirsium pumilum,Bombus pensylvanicus
Cirsium pumilum,Lasioglossum pectorale
Cirsium pumilum,Megachile montivaga
Cirsium pumilum,Megachile pugnata
Cirsium pumilum,Papilio cresphontes
Cirsium pumilum,Polites coras
Cirsium pumilum,Speyeria cybele
Cirsium pumilum,Speyeria idalia
Cirsium pumilum,Thorybes daunus
Cirsium pumilum,Trichiotinus affinis
Cirsium pumilum,Typocerus sinuatus
Cirsium scariosum,Aglais milberti
Cirsium scariosum,Hesperia uncas
Cirsium scariosum,Occidryas anicia
Cirsium scariosum,Plebejus saepiolus
Cirsium scariosum,Polites mystic
Cirsium scariosum,Speyeria callippe
Cirsium scariosum,Speyeria zerene
Cirsium undulatum,Atrytone delaware
Cirsium undulatum,Bombus frigidus
Cirsium undulatum,Cercyonis pegala
Cirsium undulatum,Hesperia leonardus
Cirsium undulatum,Hesperia ottoe
Cirsium undulatum,Hesperia pahaska
Cirsium undulatum,Hesperia uncas
Cirsium undulatum,Hesperia viridis
Cirsium undulatum,Ochlodes snowi
Cirsium undulatum,Papilio polyxenes
Cirsium undulatum,Polites mystic
Cirsium undulatum,Polites origenes
Cirsium undulatum,Pontia protodice
Cirsium undulatum,Speyeria aphrodite
Cirsium undulatum,Speyeria callippe
Cirsium undulatum,Speyeria edwardsii
Cirsium undulatum,Speyeria idalia
Cistus creticus,Colias croceus
Cistus creticus,Eristalis tenax
Cistus creticus,Euphydryas aurinia
Cistus creticus,Hylaeus punctatus
Cistus creticus,Limenitis reducta
Cistus creticus,Papilio machaon
Cistus creticus,Polistes dominula
Cistus creticus,Vanessa atalanta
Cistus creticus,Vanessa cardui
Cistus salviifolius,Anthrenus verbasci
Cistus salviifolius,Apis mellifera
Cistus salviifolius,Episyrphus balteatus
Cistus salviifolius,Eristalinus aeneus
Cistus salviifolius,Eristalinus taeniops
Cistus salviifolius,Eristalis arbustorum
Cistus salviifolius,Eristalis tenax
Cistus salviifolius,Eupeodes latifasciatus
Cistus salviifolius,Lasioglossum leucozonium
Cistus salviifolius,Linepithema humile
Cistus salviifolius,Lycaena phlaeas
Cistus salviifolius,Myathropa florea
Cistus salviifolius,Polistes dominula
Cistus salviifolius,Syritta pipiens
Cistus salviifolius,Valgus hemipterus
Cistus salviifolius,Vanessa cardui
Citrus trifoliata,Apis mellifera
Citrus trifoliata,Eristalis tenax
Citrus trifoliata,Vespa crabro
Citrus trifoliata,Vespa velutina
Cladrastis kentukea,Bombus impatiens
Clarkia amoena,Osmia atrocyanea
Clarkia rubicunda,Acmaeodera labyrinthica
Clarkia xantiana,Megachile pascoensis
Claytonia lanceolata,Callophrys affinis
Claytonia lanceolata,Eupeodes volucris
Claytonia lanceolata,Halictus confusus
Claytonia lanceolata,Halictus rubicundus
Claytonia lanceolata,Halictus virgatellus
Claytonia lanceolata,Osmia coloradensis
Claytonia lanceolata,Osmia lignaria
Claytonia perfoliata,Hylaeus punctatus
Claytonia rosea,Aglais milberti
Claytonia rosea,Anaea andria
Claytonia rosea,Anthocharis midea
Claytonia rosea,Celastrina humulus
Claytonia rosea,Erynnis brizo
Claytonia rosea,Erynnis icelus
Claytonia rosea,Erynnis juvenalis
Claytonia rosea,Erynnis persius
Claytonia rosea,Erynnis telemachus
Claytonia rosea,Glaucopsyche lygdamus
Claytonia rosea,Pontia sisymbrii
Claytonia rosea,Pyrgus centaureae
Claytonia rosea,Thecla sheridanii
Claytonia sibirica,Bombus hypnorum
Claytonia sibirica,Episyrphus balteatus
Claytonia sibirica,Oscinella frit
Claytonia sibirica,Scathophaga stercoraria
Claytonia virginica,Agapostemon sericeus
Claytonia virginica,Agapostemon splendens
Claytonia virginica,Allograpta obliqua
Claytonia virginica,Andrena arabis
Claytonia virginica,Andrena erythrogaster
Claytonia virginica,Andrena erythronii
Claytonia virginica,Andrena frigida
Claytonia virginica,Andrena hippotes
Claytonia virginica,Andrena illini
Claytonia virginica,Andrena mandibularis
Claytonia virginica,Andrena perplexa
Claytonia virginica,Andrena personata
Claytonia virginica,Andrena pruni
Claytonia virginica,Andrena spiraeana
Claytonia virginica,Augochlorella aurata
Claytonia virginica,Bithoracochaeta leucoprocta
Claytonia virginica,Bombus auricomus
Claytonia virginica,Bombus pensylvanicus
Claytonia virginica,Bombus vagans
Claytonia virginica,Calliphora vicina
Claytonia virginica,Ceratina dupla
Claytonia virginica,Ceratina tejonensis
Claytonia virginica,Cynomya cadaverina
Claytonia virginica,Delia platura
Claytonia virginica,Elkalyce comyntas
Claytonia virginica,Eristalis stipator
Claytonia virginica,Halictus ligatus
Claytonia virginica,Lapposyrphus lapponicus
Claytonia virginica,Lasioglossum cinctipes
Claytonia virginica,Lasioglossum coriaceum
Claytonia virginica,Lasioglossum foxii
Claytonia virginica,Lasioglossum illinoense
Claytonia virginica,Lasioglossum imitatum
Claytonia virginica,Lasioglossum macoupinense
Claytonia virginica,Lasioglossum pectorale
Claytonia virginica,Lasioglossum truncatum
Claytonia virginica,Lasioglossum versatum
Claytonia virginica,Limnophora narona
Claytonia virginica,Myopa vesiculosa
Claytonia virginica,Nomada affabilis
Claytonia virginica,Nomada cressonii
Claytonia virginica,Nomada cuneata
Claytonia virginica,Nomada imbricata
Claytonia virginica,Nomada maculata
Claytonia virginica,Nomada obliterata
Claytonia virginica,Nomada sulphurata
Claytonia virginica,Osmia atriventris
Claytonia virginica,Osmia pumila
Claytonia virginica,Phormia regina
Claytonia virginica,Phyciodes tharos
Claytonia virginica,Pieris rapae
Claytonia virginica,Pontia protodice
Claytonia virginica,Prochyliza xanthostoma
Claytonia virginica,Ravinia derelicta
Claytonia virginica,Rhingia nasica
Claytonia virginica,Sargus viridis
Claytonia virginica,Scathophaga furcata
Claytonia virginica,Sphecodes dichrous
Claytonia virginica,Syritta pipiens
Claytonia virginica,Syrphus ribesii
Clematis ligusticifolia,Bombus perplexus
Clematis ligusticifolia,Halictus rubicundus
Clematis pitcheri,Bombus auricomus
Clematis pitcheri,Bombus pensylvanicus
Clematis pitcheri,Bombus vagans
Clematis virginiana,Agapostemon sericeus
Clematis virginiana,Ancistrocerus campestris
Clematis virginiana,Archytas aterrima
Clematis virginiana,Belvosia unifasciata
Clematis virginiana,Calliphora vicina
Clematis virginiana,Cochliomyia macellaria
Clematis virginiana,Fannia canicularis
Clematis virginiana,Graphomya americana
Clematis virginiana,Hylaeus affinis
Clematis virginiana,Isodontia apicalis
Clematis virginiana,Lasioglossum versatum
Clematis virginiana,Lestica confluenta
Clematis virginiana,Limnophora narona
Clematis virginiana,Musca domestica
Clematis virginiana,Nysson plagiatus
Clematis virginiana,Piophila casei
Clematis virginiana,Platycheirus quadratus
Clematis virginiana,Prochyliza xanthostoma
Clematis virginiana,Sceliphron caementarium
Clematis virginiana,Sphecodes dichrous
Clematis virginiana,Thecophora occidensis
Clematis vitalba,Apis mellifera
Clematis vitalba,Bombus
Clematis vitalba,Bombus lapidarius
Clematis vitalba,Brassicogethes aeneus
Clematis vitalba,Delia platura
Clematis vitalba,Episyrphus balteatus
Clematis vitalba,Eristalis nemorum
Clematis vitalba,Eristalis tenax
Clematis vitalba,Meliscaeva cinctella
Clematis vitalba,Minettia fasciata
Clematis vitalba,Rhagonycha fulva
Clematis vitalba,Syritta pipiens
Clematis vitalba,Syrphus ribesii
Clematis vitalba,Syrphus vitripennis
Cleomella serrulata,Bombus melanopygus
Cleomella serrulata,Cercyonis pegala
Cleomella serrulata,Colias philodice
Cleomella serrulata,Harkenclenus titus
Cleomella serrulata,Helophilus latifrons
Cleomella serrulata,Hesperia ottoe
Cleomella serrulata,Hesperia pahaska
Cleomella serrulata,Hesperia viridis
Cleomella serrulata,Lycaena rubidus
Cleomella serrulata,Oarisma garita
Cleomella serrulata,Papilio zelicaon
Cleomella serrulata,Pholisora mejicanus
Cleomella serrulata,Polites sabuleti
Cleomella serrulata,Pontia occidentalis
Cleomella serrulata,Pontia protodice
Cleomella serrulata,Speyeria aphrodite
Cleomella serrulata,Speyeria nokomis
Clethra alnifolia,Atlides halesus
Clethra alnifolia,Bombus melanopygus
Clethra alnifolia,Bombus occidentalis
Clethra alnifolia,Bombus vancouverensis
Clethra alnifolia,Thymelicus lineola
Clethra alnifolia,Vespula acadica
Clinopodium arkansanum,Apis mellifera
Clinopodium arkansanum,Augochlorella aurata
Clinopodium arkansanum,Ceratina strenua
Clinopodium arkansanum,Hoplitis truncata
Clinopodium ashei,Agapostemon splendens
Clinopodium ashei,Anthidiellum notatum
Clinopodium ashei,Anthidiellum perplexum
Clinopodium ashei,Augochlorella aurata
Clinopodium ashei,Augochloropsis sumptuosa
Clinopodium ashei,Bombus impatiens
Clinopodium ashei,Copestylum florida
Clinopodium ashei,Epeolus zonatus
Clinopodium ashei,Hoplitis truncata
Clinopodium ashei,Lasioglossum nymphale
Clinopodium ashei,Lasioglossum tegulare
Clinopodium ashei,Megachile exilis
Clinopodium ashei,Megachile georgica
Clinopodium ashei,Megachile petulans
Clinopodium ashei,Megachile pseudobrevis
Clinopodium ashei,Megachile rugifrons
Clinopodium ashei,Megachile texana
Clinopodium ashei,Osmia calaminthae
Clinopodium ashei,Systoechus solitus
Clinopodium vulgare,Apis mellifera
Clinopodium vulgare,Bombus lapidarius
Clinopodium vulgare,Celastrina argiolus
Clinopodium vulgare,Episyrphus balteatus
Clinopodium vulgare,Eristalis tenax
Clinopodium vulgare,Halictus rubicundus
Clinopodium vulgare,Helophilus hybridus
Clinopodium vulgare,Lapposyrphus lapponicus
Clinopodium vulgare,Pieris napi
Clinopodium vulgare,Syrphus vitripennis
Clinopodium vulgare,Vanessa atalanta
Clintonia borealis,Celastrina lucia
Collinsia heterophylla,Habropoda depressa
Collinsia parviflora,Pontia sisymbrii
Collinsia verna,Anthophora ursina
Collinsia verna,Bombus auricomus
Collinsia verna,Bombus impatiens
Collinsia verna,Bombus pensylvanicus
Collinsia verna,Bombylius major
Collinsia verna,Ceratina calcarata
Collinsia verna,Cerceris deserta
Collinsia verna,Erynnis brizo
Collinsia verna,Osmia atriventris
Collinsia verna,Osmia conjuncta
Collinsia verna,Osmia lignaria
Collinsia verna,Osmia pumila
Comandra umbellata,Andrena mariae
Comandra umbellata,Andrena miserabilis
Comandra umbellata,Bithoracochaeta leucoprocta
Comandra umbellata,Calliphora vicina
Comandra umbellata,Calliphora vomitoria
Comandra umbellata,Callophrys dumetorum
Comandra umbellata,Cynomya cadaverina
Comandra umbellata,Eristalis dimidiata
Comandra umbellata,Erynnis brizo
Comandra umbellata,Erynnis persius
Comandra umbellata,Euptoieta claudia
Comandra umbellata,Graphomya americana
Comandra umbellata,Halictus rubicundus
Comandra umbellata,Helophilus latifrons
Comandra umbellata,Lasioglossum albipenne
Comandra umbellata,Lasioglossum tegulare
Comandra umbellata,Lasioglossum versatum
Comandra umbellata,Limnophora narona
Comandra umbellata,Lucilia sericata
Comandra umbellata,Myospila meditabunda
Comandra umbellata,Nomada superba
Comandra umbellata,Odontomyia pubescens
Comandra umbellata,Osmia pumila
Comandra umbellata,Pherbellia parallela
Comandra umbellata,Phormia regina
Comandra umbellata,Sphecodes dichrous
Comandra umbellata,Syritta pipiens
Comandra umbellata,Tropidia mamillata
Comarum palustre,Aglais urticae
Comarum palustre,Apis mellifera
Comarum palustre,Boloria selene
Comarum palustre,Bombus
Comarum palustre,Bombus hypnorum
Comarum palustre,Bombus lapidarius
Comarum palustre,Celastrina argiolus
Comarum palustre,Colias croceus
Comarum palustre,Eristalis arbustorum
Comarum palustre,Eurimyia stipatus
Comarum palustre,Lycaena phlaeas
Comarum palustre,Merodon equestris
Comarum palustre,Polygonia c-album
Comarum palustre,Polyommatus icarus
Comarum palustre,Pyrophaena granditarsa
Comarum palustre,Syritta pipiens
Comarum palustre,Vanessa atalanta
Commelina benghalensis,Apis mellifera
Commelina communis,Bombus
Commelina communis,Episyrphus balteatus
Commelina erecta,Augochloropsis metallica
Commelina erecta,Augochloropsis sumptuosa
Commelina erecta,Heliopetes laviana
Commelina erecta,Lasioglossum nymphale
Commelina erecta,Megachile pseudobrevis
Commelina erecta,Syritta flaviventris
Conium maculatum,Adalia bipunctata
Conium maculatum,Ancistrocerus gazella
Conium maculatum,Andrena wilkella
Conium maculatum,Bombus
Conium maculatum,Botanophila fugax
Conium maculatum,Ceriana tridens
Conium maculatum,Chloromyia formosa
Conium maculatum,Drosophila busckii
Conium maculatum,Episyrphus balteatus
Conium maculatum,Glaucopsyche piasus
Conium maculatum,Hesperia viridis
Conium maculatum,Hylaeus annulatus
Conium maculatum,Hylaeus hyalinatus
Conium maculatum,Hylaeus leptocephalus
Conium maculatum,Hylaeus pictipes
Conium maculatum,Hylaeus punctatus
Conium maculatum,Incisalia eryphon
Conium maculatum,Limenitis archippus
Conium maculatum,Limenitis weidemeyerii
Conium maculatum,Lycaena heteronea
Conium maculatum,Rhagonycha fulva
Conium maculatum,Satyrium behrii
Conium maculatum,Speyeria atlantis
Conium maculatum,Syrphus ribesii
Conoclinium coelestinum,Ammophila nigricans
Conoclinium coelestinum,Augochlorella aurata
Conoclinium coelestinum,Ceratina dupla
Conoclinium coelestinum,Cerceris deserta
Conoclinium coelestinum,Lasioglossum imitatum
Conoclinium coelestinum,Polites coras
Conoclinium coelestinum,Stomoxys calcitrans
Conopholis alpina,Apis mellifera
Conradina grandiflora,Bombus pensylvanicus
Conradina verticillata,Anthophora abrupta
Conradina verticillata,Apis mellifera
Conradina verticillata,Augochlora pura
Conradina verticillata,Augochlorella aurata
Conradina verticillata,Augochloropsis metallica
Conradina verticillata,Bombus bimaculatus
Conradina verticillata,Bombus impatiens
Conradina verticillata,Bombus pensylvanicus
Conradina verticillata,Bombus vagans
Conradina verticillata,Ceratina calcarata
Conradina verticillata,Lasioglossum cinctipes
Conradina verticillata,Megachile mendica
Conradina verticillata,Osmia atriventris
Conradina verticillata,Osmia pumila
Conradina verticillata,Xylocopa virginica
Convolvulus arvensis,Bombus lapidarius
Convolvulus arvensis,Chelostoma campanularum
Convolvulus arvensis,Colias croceus
Convolvulus arvensis,Diadasia diminuta
Convolvulus arvensis,Dysstroma truncata
Convolvulus arvensis,Episyrphus balteatus
Convolvulus arvensis,Eristalinus aeneus
Convolvulus arvensis,Eristalis nemorum
Convolvulus arvensis,Eristalis tenax
Convolvulus arvensis,Eupeodes latifasciatus
Convolvulus arvensis,Glaucopsyche lygdamus
Convolvulus arvensis,Halictus rubicundus
Convolvulus arvensis,Lasioglossum leucozonium
Convolvulus arvensis,Mesapamea secalis
Convolvulus arvensis,Noctua comes
Convolvulus arvensis,Oarisma garita
Convolvulus arvensis,Oscinella frit
Convolvulus arvensis,Ostrinia nubilalis
Convolvulus arvensis,Polyommatus icarus
Convolvulus arvensis,Syritta pipiens
Convolvulus arvensis,Syrphus ribesii
Convolvulus arvensis,Syrphus vitripennis
Convolvulus arvensis,Tyta luctuosa
Convolvulus arvensis,Xestia c-nigrum
Convolvulus arvensis,Xestia xanthographa
Coreopsis lanceolata,Andrena beameri
Coreopsis lanceolata,Andrena helianthiformis
Coreopsis lanceolata,Aneflus protensus
Coreopsis lanceolata,Ashmeadiella bucconis
Coreopsis lanceolata,Augochlorella aurata
Coreopsis lanceolata,Ceratina dupla
Coreopsis lanceolata,Coelioxys sayi
Coreopsis lanceolata,Dianthidium curvatum
Coreopsis lanceolata,Elkalyce comyntas
Coreopsis lanceolata,Episyrphus balteatus
Coreopsis lanceolata,Geron vitripennis
Coreopsis lanceolata,Gymnoclytia occidua
Coreopsis lanceolata,Hemipenthes sinuosus
Coreopsis lanceolata,Heriades leavitti
Coreopsis lanceolata,Heriades truncorum
Coreopsis lanceolata,Hylaeus annulatus
Coreopsis lanceolata,Hylaeus hyalinatus
Coreopsis lanceolata,Hylaeus leptocephalus
Coreopsis lanceolata,Hylaeus pictipes
Coreopsis lanceolata,Hylaeus punctatus
Coreopsis lanceolata,Lasioglossum tegulare
Coreopsis lanceolata,Lithurgus chrysurus
Coreopsis lanceolata,Lon hobomok
Coreopsis lanceolata,Lycaena phlaeas
Coreopsis lanceolata,Megachile frugalis
Coreopsis lanceolata,Megachile mendica
Coreopsis lanceolata,Megachile petulans
Coreopsis lanceolata,Odontocorynus salebrosus
Coreopsis lanceolata,Osmia conjuncta
Coreopsis lanceolata,Papilio machaon
Coreopsis lanceolata,Pseudopanurgus albitarsis
Coreopsis lanceolata,Ptilothrix bombiformis
Coreopsis lanceolata,Speyeria cybele
Coreopsis lanceolata,Toxophora amphitea
Coreopsis lanceolata,Trichiotinus piger
Coreopsis palmata,Agapostemon sericeus
Coreopsis palmata,Ammophila nigricans
Coreopsis palmata,Ammophila pictipennis
Coreopsis palmata,Ammophila procera
Coreopsis palmata,Anagrapha falcifera
Coreopsis palmata,Andrena rudbeckiae
Coreopsis palmata,Anoplodonta nigrirostris
Coreopsis palmata,Anthidium maculifrons
Coreopsis palmata,Apis mellifera
Coreopsis palmata,Ashmeadiella bucconis
Coreopsis palmata,Augochlorella aurata
Coreopsis palmata,Bembix americana
Coreopsis palmata,Bicyrtes ventralis
Coreopsis palmata,Bombus pensylvanicus
Coreopsis palmata,Calliopsis andreniformis
Coreopsis palmata,Ceratina dupla
Coreopsis palmata,Coelioxys sayi
Coreopsis palmata,Epeolus bifasciatus
Coreopsis palmata,Epeolus interruptus
Coreopsis palmata,Epicauta cinerea
Coreopsis palmata,Eristalis flavipes
Coreopsis palmata,Eristalis stipator
Coreopsis palmata,Eristalis tenax
Coreopsis palmata,Eusiphona mira
Coreopsis palmata,Exoprosopa decora
Coreopsis palmata,Exoprosopa meigenii
Coreopsis palmata,Halictus ligatus
Coreopsis palmata,Halictus rubicundus
Coreopsis palmata,Helophilus latifrons
Coreopsis palmata,Heriades leavitti
Coreopsis palmata,Holcopasites illinoiensis
Coreopsis palmata,Hoplitis pilosifrons
Coreopsis palmata,Lasioglossum cinctipes
Coreopsis palmata,Lasioglossum foxii
Coreopsis palmata,Lasioglossum obscurum
Coreopsis palmata,Lasioglossum pectorale
Coreopsis palmata,Lasioglossum pruinosum
Coreopsis palmata,Lasioglossum tegulare
Coreopsis palmata,Lasioglossum versatum
Coreopsis palmata,Megachile addenda
Coreopsis palmata,Megachile brevis
Coreopsis palmata,Megachile mendica
Coreopsis palmata,Megachile montivaga
Coreopsis palmata,Megachile petulans
Coreopsis palmata,Megachile policaris
Coreopsis palmata,Megachile pugnata
Coreopsis palmata,Melissodes agilis
Coreopsis palmata,Melissodes boltoniae
Coreopsis palmata,Melissodes tepaneca
Coreopsis palmata,Melissodes trinodis
Coreopsis palmata,Mordella marginata
Coreopsis palmata,Nomada articulata
Coreopsis palmata,Nomada superba
Coreopsis palmata,Osmia georgica
Coreopsis palmata,Pholisora catullus
Coreopsis palmata,Phyciodes tharos
Coreopsis palmata,Physocephala tibialis
Coreopsis palmata,Pieris rapae
Coreopsis palmata,Pontia protodice
Coreopsis palmata,Prionyx atratus
Coreopsis palmata,Prionyx thomae
Coreopsis palmata,Pseudopanurgus albitarsis
Coreopsis palmata,Rhynchanthrax parvicornis
Coreopsis palmata,Speyeria cybele
Coreopsis palmata,Stelis lateralis
Coreopsis palmata,Stomoxys calcitrans
Coreopsis palmata,Syrphus ribesii
Coreopsis palmata,Systoechus vulgaris
Coreopsis palmata,Thecophora occidensis
Coreopsis palmata,Typocerus sinuatus
Coreopsis palmata,Vanessa virginiensis
Coreopsis palmata,Xeromelecta interrupta
Coreopsis palmata,Zodion fulvifrons
Coreopsis tinctoria,Halictus poeyi
Coreopsis tinctoria,Oarisma garita
Coreopsis tripteris,Ammophila nigricans
Coreopsis tripteris,Ammophila pictipennis
Coreopsis tripteris,Ammophila procera
Coreopsis tripteris,Andrena accepta
Coreopsis tripteris,Bicyrtes ventralis
Coreopsis tripteris,Bombus pensylvanicus
Coreopsis tripteris,Calliopsis coloradensis
Coreopsis tripteris,Ceratina dupla
Coreopsis tripteris,Epeolus pusillus
Coreopsis tripteris,Lasioglossum pectorale
Coreopsis tripteris,Lasioglossum tegulare
Coreopsis tripteris,Lasioglossum versatum
Coreopsis tripteris,Lepidophora lepidocera
Coreopsis tripteris,Megachile brevis
Coreopsis tripteris,Megachile montivaga
Coreopsis tripteris,Megachile petulans
Coreopsis tripteris,Melissodes agilis
Coreopsis tripteris,Melissodes trinodis
Coreopsis tripteris,Philanthus gibbosus
Coreopsis tripteris,Phyciodes tharos
Coreopsis tripteris,Poecilanthrax alcyon
Coreopsis tripteris,Scolia bicincta
Coreopsis tripteris,Svastra obliqua
Coreopsis tripteris,Systoechus vulgaris
Coreopsis tripteris,Trichopsomyia apisaon
Coreopsis tripteris,Triepeolus concavus
Coreopsis tripteris,Triepeolus donatus
Coreopsis tripteris,Triepeolus lunatus
Coreopsis tripteris,Zodion obliquefasciatum
Coreopsis verticillata,Heriades truncorum
Coreopsis verticillata,Nathalis iole
Coreopsis verticillata,Pyrgus communis
Coriandrum sativum,Ceratina calcarata
Coriandrum sativum,Coccinella septempunctata
Coriandrum sativum,Episyrphus balteatus
Coriandrum sativum,Eristalis tenax
Coriandrum sativum,Hylaeus annulatus
Coriandrum sativum,Hylaeus hyalinatus
Coriandrum sativum,Hylaeus leptocephalus
Coriandrum sativum,Hylaeus mesillae
Coriandrum sativum,Hylaeus pictipes
Coriandrum sativum,Hylaeus punctatus
Coriandrum sativum,Lasioglossum coriaceum
Coriandrum sativum,Lycaena phlaeas
Cornus alternifolia,Anthocomus equestris
Cornus amomum,Agapostemon sericeus
Cornus amomum,Allograpta obliqua
Cornus amomum,Ammophila nigricans
Cornus amomum,Andrena cressonii
Cornus amomum,Andrena heraclei
Cornus amomum,Andrena hippotes
Cornus amomum,Andrena imitatrix
Cornus amomum,Andrena miserabilis
Cornus amomum,Andrena platyparia
Cornus amomum,Anthomyia pluvialis
Cornus amomum,Archytas aterrima
Cornus amomum,Augochlorella aurata
Cornus amomum,Belvosia bifasciata
Cornus amomum,Bombus pensylvanicus
Cornus amomum,Calliphora vicina
Cornus amomum,Ceratina dupla
Cornus amomum,Cerceris finitima
Cornus amomum,Eristalis dimidiata
Cornus amomum,Eristalis stipator
Cornus amomum,Eristalis transversa
Cornus amomum,Eucera rosae
Cornus amomum,Halictus ligatus
Cornus amomum,Halictus parallelus
Cornus amomum,Hylaeus illinoisensis
Cornus amomum,Isodontia apicalis
Cornus amomum,Lasioglossum pectorale
Cornus amomum,Lasioglossum pruinosum
Cornus amomum,Lasioglossum tegulare
Cornus amomum,Lasioglossum versatum
Cornus amomum,Lestica confluenta
Cornus amomum,Lucilia sericata
Cornus amomum,Myolepta nigra
Cornus amomum,Nomada affabilis
Cornus amomum,Orthonevra nitida
Cornus amomum,Orthonevra pictipennis
Cornus amomum,Oxybelus emarginatus
Cornus amomum,Phyciodes tharos
Cornus amomum,Polistes fuscatus
Cornus amomum,Polites coras
Cornus amomum,Pollenia rudis
Cornus amomum,Speyeria cybele
Cornus amomum,Syritta pipiens
Cornus amomum,Toxomerus marginatus
Cornus amomum,Trichiotinus affinis
Cornus amomum,Vanessa virginiensis
Cornus amomum,Xylocopa virginica
Cornus amomum,Zodion fulvifrons
Cornus racemosa,Agapostemon sericeus
Cornus racemosa,Ancistrocerus campestris
Cornus racemosa,Ancistrocerus unifasciatus
Cornus racemosa,Andrena carlini
Cornus racemosa,Andrena commoda
Cornus racemosa,Andrena cressonii
Cornus racemosa,Andrena forbesii
Cornus racemosa,Andrena hippotes
Cornus racemosa,Andrena imitatrix
Cornus racemosa,Andrena platyparia
Cornus racemosa,Anthomyia pluvialis
Cornus racemosa,Apis mellifera
Cornus racemosa,Archytas aterrima
Cornus racemosa,Augochlorella aurata
Cornus racemosa,Belvosia bifasciata
Cornus racemosa,Belvosia unifasciata
Cornus racemosa,Bombus auricomus
Cornus racemosa,Bombus pensylvanicus
Cornus racemosa,Ceratina dupla
Cornus racemosa,Chalybion californicum
Cornus racemosa,Eristalinus aeneus
Cornus racemosa,Eristalis dimidiata
Cornus racemosa,Eumenes fraternus
Cornus racemosa,Eupeodes americanus
Cornus racemosa,Euphoria fulgida
Cornus racemosa,Graphomya americana
Cornus racemosa,Hylaeus affinis
Cornus racemosa,Hylaeus floridanus
Cornus racemosa,Hylaeus modestus
Cornus racemosa,Lasioglossum imitatum
Cornus racemosa,Lasioglossum pectorale
Cornus racemosa,Lasioglossum tegulare
Cornus racemosa,Lasioglossum versatum
Cornus racemosa,Lestica confluenta
Cornus racemosa,Lucilia sericata
Cornus racemosa,Mordella marginata
Cornus racemosa,Morellia micans
Cornus racemosa,Nomada affabilis
Cornus racemosa,Nomada superba
Cornus racemosa,Orthonevra nitida
Cornus racemosa,Oxybelus emarginatus
Cornus racemosa,Paradidyma singularis
Cornus racemosa,Pentaria trifasciata
Cornus racemosa,Sceliphron caementarium
Cornus racemosa,Thecophora occidensis
Cornus racemosa,Trichiotinus affinis
Cornus racemosa,Trichopsomyia apisaon
Cornus racemosa,Tropidia mamillata
Cornus sericea,Ancistrocerus adiabatus
Cornus sericea,Bombus occidentalis
Cornus sericea,Bombus perplexus
Cornus sericea,Bombus ternarius
Cornus sericea,Bombus terricola
Cornus sericea,Eristalis nemorum
Cornus sericea,Eristalis transversa
Cornus sericea,Grammoptera subargentata
Cornus sericea,Hippodamia parenthesis
Cornus sericea,Malachius aeneus
Cornus sericea,Pidonia scripta
Cornus sericea,Rheumaptera hastata
Cornus sericea,Temnostoma barberi
Cornus sericea,Temnostoma venustum
Cornus sericea,Vanessa cardui
Corydalis aurea,Bombus fervidus
Corydalis aurea,Erynnis propertius
Corydalis solida,Aglais io
Corydalis solida,Bombus lapidarius
Corydalis solida,Bombylius major
Corylus avellana,Andrena wilkella
Corylus avellana,Apis mellifera
Corylus avellana,Phyllobius oblongus
Cosmos bipinnatus,Autographa californica
Cosmos bipinnatus,Bombus ashtoni
Cosmos bipinnatus,Bombus centralis
Cosmos bipinnatus,Bombus hypnorum
Cosmos bipinnatus,Bombus lapidarius
Cosmos bipinnatus,Bombus sonorus
Cosmos bipinnatus,Bombus vancouverensis
Cosmos bipinnatus,Chrysoecia thoracica
Cosmos bipinnatus,Halictus rubicundus
Cosmos bipinnatus,Heriades truncorum
Cosmos bipinnatus,Hylaeus annulatus
Cosmos bipinnatus,Hylaeus hyalinatus
Cosmos bipinnatus,Hylaeus leptocephalus
Cosmos bipinnatus,Hylaeus pictipes
Cosmos bipinnatus,Hylaeus punctatus
Cosmos bipinnatus,Lithurgus chrysurus
Cosmos bipinnatus,Megachile policaris
Cosmos bipinnatus,Syritta pipiens
Cosmos bipinnatus,Syrphus opinator
Cotoneaster pannosus,Calliphora vicina
Cotoneaster pannosus,Eristalinus taeniops
Cotoneaster pannosus,Megachile rotundata
Coursetia glandulosa,Cynanthus latirostris
Crassula multicava,Paragus haemorrhous
Crassula multicava,Syritta pipiens
Crataegus monogyna,Andrena barbilabris
Crataegus monogyna,Andrena wilkella
Crataegus monogyna,Bombus
Crataegus monogyna,Bombus hypnorum
Crataegus monogyna,Bombus lapidarius
Crataegus monogyna,Brassicogethes aeneus
Crataegus monogyna,Calliphora vicina
Crataegus monogyna,Episyrphus balteatus
Crataegus monogyna,Eristalis tenax
Crataegus monogyna,Isomira murina
Crataegus monogyna,Musca autumnalis
Crataegus monogyna,Muscina levida
Crataegus monogyna,Oscinella frit
Crataegus monogyna,Pollenia angustigena
Crataegus monogyna,Polygonia c-album
Crataegus monogyna,Sarcophaga subvicina
Crataegus monogyna,Scathophaga stercoraria
Crataegus monogyna,Tenebrio obscurus
Crepis capillaris,Anthomyia pluvialis
Crepis capillaris,Bombus lapidarius
Crepis capillaris,Calliphora vomitoria
Crepis capillaris,Chelostoma campanularum
Crepis capillaris,Colias croceus
Crepis capillaris,Episyrphus balteatus
Crepis capillaris,Eristalis nemorum
Crepis capillaris,Lasioglossum leucozonium
Crepis capillaris,Megachile centuncularis
Crepis capillaris,Merodon equestris
Crepis capillaris,Myospila meditabunda
Crepis capillaris,Pararge aegeria
Crepis capillaris,Pieris rapae
Crepis capillaris,Pollenia rudis
Crepis capillaris,Sarcophaga subvicina
Crepis capillaris,Scathophaga stercoraria
Crepis capillaris,Syrphus ribesii
Crepis capillaris,Syrphus vitripennis
Crepis capillaris,Vespa crabro
Crepis vesicaria,Bombus lapidarius
Crepis vesicaria,Bruchidius villosus
Crepis vesicaria,Colias croceus
Crepis vesicaria,Episyrphus balteatus
Crepis vesicaria,Eristalis tenax
Crepis vesicaria,Euphydryas aurinia
Crepis vesicaria,Halictus rubicundus
Crepis vesicaria,Lasioglossum leucozonium
Crepis vesicaria,Lycaena phlaeas
Crepis vesicaria,Merodon equestris
Crepis vesicaria,Pararge aegeria
Crepis vesicaria,Pieris rapae
Crepis vesicaria,Polistes dominula
Cressa truxillensis,Spoladea recurvalis
Crocus tommasinianus,Aricia agestis
Crocus tommasinianus,Bombus hypnorum
Crocus tommasinianus,Delia platura
Crocus tommasinianus,Episyrphus balteatus
Crocus tommasinianus,Syritta pipiens
Crocus tommasinianus,Vanessa atalanta
Crotalaria pallida,Anthidiellum notatum
Crotalaria pallida,Anthidium maculifrons
Crotalaria pallida,Apis mellifera
Crotalaria pallida,Bombus impatiens
Crotalaria pallida,Megachile campanulae
Crotalaria pallida,Megachile exilis
Crotalaria pallida,Megachile georgica
Crotalaria pallida,Megachile petulans
Crotalaria pallida,Megachile pseudobrevis
Crotalaria rotundifolia,Megachile pseudobrevis
Crotalaria sagittalis,Bombus pensylvanicus
Crotalaria sagittalis,Coelioxys sayi
Crotalaria sagittalis,Elkalyce comyntas
Crotalaria sagittalis,Megachile brevis
Crotalaria sagittalis,Megachile georgica
Crotalaria sagittalis,Megachile texana
Crotalaria sagittalis,Pieris rapae
Croton lindheimeri,Geraeus picumnus
Croton michauxii,Lasioglossum nymphale
Cryptantha intermedia,Ceratina arizonensis
Cryptotaenia canadensis,Agapostemon sericeus
Cryptotaenia canadensis,Allograpta obliqua
Cryptotaenia canadensis,Anacrabro ocellatus
Cryptotaenia canadensis,Andrena platyparia
Cryptotaenia canadensis,Andrena robertsonii
Cryptotaenia canadensis,Augochlora pura
Cryptotaenia canadensis,Augochlorella aurata
Cryptotaenia canadensis,Auplopus mellipes
Cryptotaenia canadensis,Calliopsis andreniformis
Cryptotaenia canadensis,Ceratina dupla
Cryptotaenia canadensis,Cerceris clypeata
Cryptotaenia canadensis,Ceropales maculata
Cryptotaenia canadensis,Chaetochlorops inquilinus
Cryptotaenia canadensis,Colletes eulophi
Cryptotaenia canadensis,Cordilura munda
Cryptotaenia canadensis,Cryptorhopalum triste
Cryptotaenia canadensis,Cyaniris neglecta
Cryptotaenia canadensis,Ectemnius lapidarius
Cryptotaenia canadensis,Eristalis transversa
Cryptotaenia canadensis,Euderces picipes
Cryptotaenia canadensis,Eugnamptus angustatus
Cryptotaenia canadensis,Eupeodes americanus
Cryptotaenia canadensis,Falsomordellistena pubescens
Cryptotaenia canadensis,Gasteruption assectator
Cryptotaenia canadensis,Geron calvus
Cryptotaenia canadensis,Gymnoclytia immaculata
Cryptotaenia canadensis,Halictus ligatus
Cryptotaenia canadensis,Halictus rubicundus
Cryptotaenia canadensis,Hedychrum violaceum
Cryptotaenia canadensis,Hemipenthes sinuosus
Cryptotaenia canadensis,Heriades leavitti
Cryptotaenia canadensis,Hylaeus affinis
Cryptotaenia canadensis,Hylaeus saniculae
Cryptotaenia canadensis,Lasioglossum coeruleum
Cryptotaenia canadensis,Lasioglossum cressonii
Cryptotaenia canadensis,Lasioglossum foxii
Cryptotaenia canadensis,Lasioglossum imitatum
Cryptotaenia canadensis,Lasioglossum pectinatum
Cryptotaenia canadensis,Lasioglossum pectorale
Cryptotaenia canadensis,Lasioglossum versatum
Cryptotaenia canadensis,Lestica confluenta
Cryptotaenia canadensis,Leucophenga varia
Cryptotaenia canadensis,Meibomeus musculus
Cryptotaenia canadensis,Metopia argyrocephala
Cryptotaenia canadensis,Mordella marginata
Cryptotaenia canadensis,Mordellistena limbalis
Cryptotaenia canadensis,Orthonevra nitida
Cryptotaenia canadensis,Oxybelus niger
Cryptotaenia canadensis,Pentaria trifasciata
Cryptotaenia canadensis,Pipiza femoralis
Cryptotaenia canadensis,Podabrus brunnicollis
Cryptotaenia canadensis,Sphecodes dichrous
Cryptotaenia canadensis,Syritta pipiens
Cryptotaenia canadensis,Syrphus ribesii
Cryptotaenia canadensis,Thecophora occidensis
Cryptotaenia canadensis,Trichopsomyia apisaon
Cryptotaenia canadensis,Typocerus lugubris
Cryptotaenia canadensis,Zodion fulvifrons
Cubelium concolor,Augochlorella aurata
Cucumis melo,Apis mellifera
Cucumis melo,Augochloropsis metallica
Cucumis melo,Mastor nysa
Cucumis melo,Megachile lanata
Cucumis melo,Melissodes bimaculatus
Cucurbita pepo,Augochlorella aurata
Cucurbita pepo,Bombus
Cucurbita pepo,Bombus huntii
Cucurbita pepo,Halictus ligatus
Cucurbita pepo,Megachile lanata
Cuphea viscosissima,Cerceris deserta
Cuphea viscosissima,Melissodes bimaculatus
Cuscuta pentagona,Megachile centuncularis
Cuscuta pentagona,Nathalis iole
Cuscuta pentagona,Polistes dominula
Cyclamen hederifolium,Episyrphus balteatus
Cyclamen hederifolium,Eristalis arbustorum
Cyclamen hederifolium,Hylaeus punctatus
Cyclamen hederifolium,Syritta pipiens
Cydonia oblonga,Apis mellifera
Cydonia oblonga,Episyrphus balteatus
Cydonia oblonga,Eristalis tenax
Cydonia oblonga,Myathropa florea
Cydonia oblonga,Vespa velutina
Cylindropuntia acanthocarpa,Calypte costae
Cylindropuntia californica,Agapostemon angelicus
Cylindropuntia californica,Agapostemon texanus
Cylindropuntia californica,Anthophorula nitens
Cylindropuntia californica,Ashmeadiella opuntiae
Cylindropuntia californica,Lasioglossum incompletum
Cylindropuntia californica,Melissodes tessellatus
Cylindropuntia fulgida,Calypte costae
Cylindropuntia ganderi,Cortodera falsa
Cylindropuntia imbricata,Harkenclenus titus
Cylindropuntia kleiniae,Apis mellifera
Cylindropuntia thurberi,Calypte costae
Cylindropuntia whipplei,Diadasia rinconis
Cymbalaria muralis,Bombus lapidarius
Cymbalaria muralis,Colias croceus
Cymbalaria muralis,Vanessa cardui
Cymopterus glomeratus,Thecla sheridanii
Cymopterus lemmonii,Bombus bifarius
Cymopterus lemmonii,Halictus confusus
Cymopterus lemmonii,Osmia bucephala
Cynara cardunculus,Bombus bohemicus
Cynara cardunculus,Bombus lapidarius
Cynara cardunculus,Coccinella septempunctata
Cynara cardunculus,Heriades truncorum
Cynara cardunculus,Hylaeus annulatus
Cynara cardunculus,Hylaeus hyalinatus
Cynara cardunculus,Hylaeus leptocephalus
Cynara cardunculus,Hylaeus pictipes
Cynara cardunculus,Hylaeus punctatus
Cynara cardunculus,Lithurgus chrysurus
Cynodon dactylon,Apis mellifera
Cynoglossum officinale,Bombus
Cynoglossum officinale,Bombus hypnorum
Cynoglossum officinale,Bombus lapidarius
Cynoglossum officinale,Megachile brevis
Cypripedium acaule,Bombus ashtoni
Cypripedium acaule,Bombus fernaldae
Cypripedium acaule,Bombus nevadensis
Cypripedium acaule,Bombus pensylvanicus
Cypripedium arietinum,Lasioglossum coeruleum
Cypripedium candidum,Andrena barbilabris
Cypripedium candidum,Andrena ziziae
Cypripedium candidum,Augochlorella aurata
Cypripedium candidum,Ceratina calcarata
Cypripedium candidum,Halictus confusus
Cypripedium candidum,Halictus ligatus
Cypripedium candidum,Lasioglossum anomalum
Cypripedium candidum,Lasioglossum cinctipes
Cypripedium candidum,Lasioglossum cressonii
Cypripedium candidum,Lasioglossum pilosum
Cypripedium parviflorum,Ceratina calcarata
Cypripedium parviflorum,Ceratina dupla
Cypripedium parviflorum,Megachile centuncularis
Cypripedium parviflorum,Megachile melanophaea
Cypripedium parviflorum,Syrphus torvus
Cypripedium reginae,Anthophora abrupta
Cypripedium reginae,Megachile centuncularis
Cypripedium reginae,Megachile melanophaea
Cypripedium reginae,Trichiotinus assimilis
Cyrilla racemiflora,Pachodynerus nasidens
Cytisus scoparius,Andrena wilkella
Cytisus scoparius,Bombus
Cytisus scoparius,Bombus hypnorum
Cytisus scoparius,Bombus lapidarius
Cytisus scoparius,Brassicogethes aeneus
Cytisus scoparius,Celastrina argiolus
Cytisus scoparius,Cheilosia albitarsis
Cytisus scoparius,Chrysotoxum arcuatum
Cytisus scoparius,Episyrphus balteatus
Cytisus scoparius,Eristalis arbustorum
Cytisus scoparius,Helophilus hybridus
Cytisus scoparius,Melangyna lasiophthalma
Cytisus scoparius,Meliscaeva cinctella
Cytisus scoparius,Myathropa florea
Cytisus scoparius,Myrmica rubra
Cytisus scoparius,Syritta pipiens
Cytisus scoparius,Syrphus ribesii
Cytisus scoparius,Syrphus torvus
Cytisus scoparius,Xylota segnis
Cytisus striatus,Apis mellifera
Cytisus striatus,Euphydryas aurinia
Dactylis glomerata,Apis mellifera
Dactylis glomerata,Bellardia vulgaris
Dactylis glomerata,Coccinella septempunctata
Dactylis glomerata,Coenosia tigrina
Dactylis glomerata,Delia platura
Dactylis glomerata,Harmonia axyridis
Dactylis glomerata,Lotophila atra
Dactylis glomerata,Pararge aegeria
Dactylis glomerata,Pieris napi
Dactylis glomerata,Pollenia pediculata
Dactylis glomerata,Pollenia rudis
Dactylis glomerata,Polyommatus icarus
Dactylis glomerata,Rhagonycha fulva
Dactylis glomerata,Scathophaga stercoraria
Dactylis glomerata,Valgus hemipterus
Dalea candida,Phyciodes tharos
Dalea feayi,Augochlorella aurata
Dalea feayi,Augochloropsis sumptuosa
Dalea feayi,Bombus impatiens
Dalea feayi,Caupolicana electa
Dalea feayi,Lasioglossum nymphale
Dalea feayi,Megachile exilis
Dalea feayi,Megachile petulans
Dalea feayi,Megachile pseudobrevis
Dalea foliosa,Bombus
Dalea ornata,Bombus bifarius
Dalea ornata,Bombus centralis
Dalea ornata,Bombus fervidus
Dalea ornata,Bombus griseocollis
Dalea ornata,Bombus huntii
Dalea ornata,Bombus morrisoni
Dalea ornata,Bombus nevadensis
Dalea ornata,Eucera actuosa
Dalea ornata,Eucera edwardsii
Dalea ornata,Halictus farinosus
Dalea ornata,Halictus ligatus
Dalea ornata,Hoplitis hypocrita
Dalea purpurea,Anthidium maculifrons
Dalea purpurea,Archilochus colubris
Dalea purpurea,Augochloropsis metallica
Dalea purpurea,Bombus nevadensis
Dalea purpurea,Bombus perplexus
Dalea purpurea,Calliopsis andreniformis
Dalea purpurea,Ceratina dupla
Dalea purpurea,Ceratina strenua
Dalea purpurea,Eucera dubitata
Dalea purpurea,Hesperia leonardus
Dalea purpurea,Megachile rotundata
Dalea purpurea,Nomia melanderi
Dalea purpurea,Polistes fuscatus
Dalea purpurea,Strymon melinus
Dalea purpurea,Toxomerus geminatus
Daphne mezereum,Aglais io
Daphne mezereum,Aglais urticae
Daphne mezereum,Pieris napi
Dasiphora fruticosa,Aglais milberti
Dasiphora fruticosa,Anthonomus rubi
Dasiphora fruticosa,Batyle suturalis
Dasiphora fruticosa,Boloria chariclea
Dasiphora fruticosa,Bombus
Dasiphora fruticosa,Bombus perplexus
Dasiphora fruticosa,Bombus vancouverensis
Dasiphora fruticosa,Campiglossa albiceps
Dasiphora fruticosa,Cerceris nigrescens
Dasiphora fruticosa,Cercyonis oetus
Dasiphora fruticosa,Cercyonis pegala
Dasiphora fruticosa,Chionodes viduella
Dasiphora fruticosa,Coccinella septempunctata
Dasiphora fruticosa,Coenonympha california
Dasiphora fruticosa,Episyrphus balteatus
Dasiphora fruticosa,Erebia epipsodea
Dasiphora fruticosa,Eristalis anthophorina
Dasiphora fruticosa,Eristalis arbustorum
Dasiphora fruticosa,Eristalis dimidiata
Dasiphora fruticosa,Eristalis flavipes
Dasiphora fruticosa,Eristalis stipator
Dasiphora fruticosa,Eupeodes fumipennis
Dasiphora fruticosa,Glaucopsyche lygdamus
Dasiphora fruticosa,Helophilus latifrons
Dasiphora fruticosa,Hesperia dacotae
Dasiphora fruticosa,Limenitis arthemis
Dasiphora fruticosa,Lucilia sericata
Dasiphora fruticosa,Muscina prolapsa
Dasiphora fruticosa,Schinia persimilis
Dasiphora fruticosa,Sericomyia militaris
Dasiphora fruticosa,Sphaerophoria contigua
Dasiphora fruticosa,Syrphus opinator
Dasiphora fruticosa,Syrphus ribesii
Dasiphora fruticosa,Tharsalea hyllus
Dasiphora fruticosa,Tharsalea mariposa
Dasiphora fruticosa,Thymelicus lineola
Dasiphora fruticosa,Trichodes ornatus
Dasiphora fruticosa,Vanessa cardui
Dasiphora fruticosa,Vespula atropilosa
Dasistoma macrophylla,Apis mellifera
Dasistoma macrophylla,Bombus impatiens
Dasistoma macrophylla,Bombus vagans
Dasistoma macrophylla,Copestylum vesicularium
Dasistoma macrophylla,Melissodes bimaculatus
Dasistoma macrophylla,Milesia virginiensis
Dasistoma macrophylla,Pieris rapae
Datura stramonium,Allograpta obliqua
Datura stramonium,Archilochus colubris
Datura stramonium,Hyles lineata
Datura stramonium,Lasioglossum versatum
Datura stramonium,Rhingia nasica
Datura stramonium,Syrphus ribesii
Datura stramonium,Toxomerus marginatus
Daucus carota,Aglais io
Daucus carota,Agriotes ustulatus
Daucus carota,Andrena barbilabris
Daucus carota,Anthidium manicatum
Daucus carota,Anthocharis cardamines
Daucus carota,Anthomyia pluvialis
Daucus carota,Araschnia levana
Daucus carota,Athalia rosae
Daucus carota,Bombus lapidarius
Daucus carota,Botanophila fugax
Daucus carota,Calliphora vicina
Daucus carota,Celastrina argiolus
Daucus carota,Cerceris atramontensis
Daucus carota,Chalcosyrphus nemorum
Daucus carota,Chelostoma campanularum
Daucus carota,Chloromyia formosa
Daucus carota,Chrysis fuscipennis
Daucus carota,Chrysomya albiceps
Daucus carota,Coccinella undecimpunctata
Daucus carota,Colias croceus
Daucus carota,Colletes robertsonii
Daucus carota,Crossocerus elongatulus
Daucus carota,Delia platura
Daucus carota,Delia radicum
Daucus carota,Dinera grisescens
Daucus carota,Diplonevra nitidula
Daucus carota,Episyrphus balteatus
Daucus carota,Eristalinus taeniops
Daucus carota,Eudasyphora cyanicolor
Daucus carota,Eumenes mediterraneus
Daucus carota,Eumerus funeralis
Daucus carota,Eupeodes latifasciatus
Daucus carota,Fannia canicularis
Daucus carota,Fucellia tergina
Daucus carota,Graphomya maculata
Daucus carota,Heriades truncorum
Daucus carota,Hesperia comma
Daucus carota,Hylaeus pictipes
Daucus carota,Hylaeus punctatus
Daucus carota,Lasioglossum leucozonium
Daucus carota,Lasioglossum reticulatum
Daucus carota,Lasioglossum tegulare
Daucus carota,Lasioglossum truncatum
Daucus carota,Lasius emarginatus
Daucus carota,Linepithema humile
Daucus carota,Lucilia bufonivora
Daucus carota,Lucilia silvarum
Daucus carota,Lycaena phlaeas
Daucus carota,Macroglossum stellatarum
Daucus carota,Musca domestica
Daucus carota,Myathropa florea
Daucus carota,Neomyia cornicina
Daucus carota,Omalus biaccinctus
Daucus carota,Oscinella frit
Daucus carota,Papilio machaon
Daucus carota,Phormia regina
Daucus carota,Physiphora alceae
Daucus carota,Pieris napi
Daucus carota,Pollenia angustigena
Daucus carota,Pollenia pediculata
Daucus carota,Pollenia rudis
Daucus carota,Rhynchalastor blepharus
Daucus carota,Sarcophaga subvicina
Daucus carota,Scathophaga stercoraria
Daucus carota,Syrphus vitripennis
Daucus carota,Trichodes apiarius
Deinandra fasciculata,Burnsius albezens
Deinandra fasciculata,Sphaerophoria contigua
Delonix regia,Archilochus alexandri
Delonix regia,Battus polydamas
Delonix regia,Calypte costae
Delonix regia,Cynanthus latirostris
Delonix regia,Leucolia violiceps
Delonix regia,Papilio rumiko
Delonix regia,Phoebis sennae
Delonix regia,Selasphorus sasin
Delphinium bicolor,Osmia longula
Delphinium cardinale,Selasphorus sasin
Delphinium geyeri,Colias philodice
Delphinium geyeri,Erynnis telemachus
Delphinium geyeri,Papilio zelicaon
Delphinium nuttallianum,Andrena transnigra
Delphinium nuttallianum,Anthophora terminalis
Delphinium nuttallianum,Bombus
Delphinium nuttallianum,Bombus appositus
Delphinium nuttallianum,Bombus bifarius
Delphinium nuttallianum,Bombus californicus
Delphinium nuttallianum,Bombus insularis
Delphinium nuttallianum,Bombus mixtus
Delphinium nuttallianum,Bombus occidentalis
Delphinium nuttallianum,Halictus confusus
Delphinium nuttallianum,Halictus rubicundus
Delphinium nuttallianum,Osmia bucephala
Delphinium nuttallianum,Papilio eurymedon
Delphinium nuttallianum,Selasphorus calliope
Delphinium nuttallianum,Selasphorus platycercus
Delphinium nuttallianum,Selasphorus rufus
Delphinium pavonaceum,Bombus
Delphinium ramosum,Boloria eunomia
Delphinium ramosum,Colias alexandra
Delphinium ramosum,Papilio indra
Delphinium ramosum,Thorybes mexicana
Delphinium scaposum,Calypte costae
Delphinium tricorne,Agapostemon sericeus
Delphinium tricorne,Archilochus colubris
Delphinium tricorne,Augochlorella aurata
Delphinium tricorne,Bombus impatiens
Delphinium tricorne,Bombus pensylvanicus
Delphinium tricorne,Bombus vagans
Delphinium tricorne,Ceratina dupla
Delphinium tricorne,Cerceris deserta
Delphinium tricorne,Eucera dubitata
Delphinium tricorne,Halictus rubicundus
Delphinium tricorne,Hyles lineata
Delphinium tricorne,Lasioglossum coriaceum
Descurainia sophia,Hylaeus annulatus
Descurainia sophia,Hylaeus hyalinatus
Descurainia sophia,Hylaeus leptocephalus
Descurainia sophia,Hylaeus pictipes
Descurainia sophia,Hylaeus punctatus
Descurainia sophia,Vanessa cardui
Desmodium canadense,Megachile brevis
Desmodium canadense,Megachile mendica
Desmodium canadense,Megachile petulans
Desmodium canescens,Megachile brevis
Desmodium cuspidatum,Bombus pensylvanicus
Desmodium cuspidatum,Cerceris deserta
Desmodium cuspidatum,Megachile brevis
Desmodium cuspidatum,Melissodes bimaculatus
Desmodium illinoense,Bombus auricomus
Desmodium illinoense,Elkalyce comyntas
Desmodium illinoense,Hoplitis pilosifrons
Desmodium illinoense,Lasioglossum versatum
Desmodium illinoense,Megachile brevis
Desmodium illinoense,Megachile georgica
Desmodium illinoense,Megachile mendica
Desmodium marilandicum,Calliopsis andreniformis
Desmodium paniculatum,Bombus impatiens
Desmodium paniculatum,Bombus pensylvanicus
Desmodium paniculatum,Calliopsis andreniformis
Desmodium paniculatum,Megachile brevis
Desmodium paniculatum,Megachile petulans
Desmodium paniculatum,Melissodes bimaculatus
Desmodium paniculatum,Nomia nortoni
Desmodium sessilifolium,Lasioglossum versatum
Desmodium sessilifolium,Megachile brevis
Deutzia crenata,Anthrenus verbasci
Deutzia crenata,Bombus
Deutzia crenata,Episyrphus balteatus
Deutzia crenata,Harmonia axyridis
Deutzia crenata,Pieris rapae
Dianthus armeria,Aglais urticae
Dianthus armeria,Hyles gallii
Dianthus armeria,Papilio machaon
Dianthus barbatus,Aglais urticae
Dianthus barbatus,Apis mellifera
Dianthus barbatus,Bombus
Dianthus barbatus,Bombus lapidarius
Dianthus barbatus,Bombus nevadensis
Dianthus deltoides,Aglais urticae
Dianthus deltoides,Apis mellifera
Dianthus deltoides,Autographa gamma
Dianthus deltoides,Bombus lapidarius
Dianthus deltoides,Episyrphus balteatus
Dianthus deltoides,Eristalis nemorum
Dianthus deltoides,Gnophaela vermiculata
Dianthus deltoides,Hyles gallii
Dianthus deltoides,Papilio machaon
Dianthus deltoides,Pieris napi
Dianthus deltoides,Pontia protodice
Dicentra cucullaria,Andrena carlini
Dicentra cucullaria,Andrena erythronii
Dicentra cucullaria,Bombus pensylvanicus
Dicentra cucullaria,Eucera dubitata
Dicentra cucullaria,Habropoda laboriosa
Dicentra cucullaria,Osmia lignaria
Dicentra cucullaria,Pieris rapae
Dicliptera sexangularis,Agapostemon texanus
Dieteria canescens,Ceratina nanula
Digitalis purpurea,Bombus
Digitalis purpurea,Bombus hypnorum
Digitalis purpurea,Bombus lapidarius
Digitalis purpurea,Brassicogethes aeneus
Digitalis purpurea,Episyrphus balteatus
Digitalis purpurea,Pararge aegeria
Digitalis purpurea,Syrphus ribesii
Digitalis purpurea,Vespula germanica
Dimorphotheca sinuata,Colias philodice
Diospyros virginiana,Agapostemon sericeus
Diospyros virginiana,Allograpta obliqua
Diospyros virginiana,Apis mellifera
Diospyros virginiana,Augochlora pura
Diospyros virginiana,Augochlorella aurata
Diospyros virginiana,Bombus auricomus
Diospyros virginiana,Bombus pensylvanicus
Diospyros virginiana,Ceratina dupla
Diospyros virginiana,Eucera rosae
Diospyros virginiana,Eupeodes americanus
Diospyros virginiana,Lasioglossum fuscipenne
Diospyros virginiana,Lasioglossum imitatum
Diospyros virginiana,Lasioglossum versatum
Diospyros virginiana,Megachile mendica
Diospyros virginiana,Nomada affabilis
Diospyros virginiana,Osmia pumila
Diospyros virginiana,Syrphus ribesii
Diplacus aurantiacus,Ceratina acantha
Diplacus aurantiacus,Ceratina punctigena
Diplacus aurantiacus,Halictus tripartitus
Diplacus aurantiacus,Osmia coloradensis
Diplacus aurantiacus,Osmia tristella
Dirca palustris,Augochlora pura
Dirca palustris,Ceratina calcarata
Dirca palustris,Ceratina dupla
Dirca palustris,Colletes inaequalis
Dirca palustris,Lasioglossum versatum
Dirca palustris,Nomada cuneata
Dirca palustris,Nymphalis antiopa
Dirca palustris,Osmia lignaria
Dittrichia graveolens,Anthidium manicatum
Dittrichia graveolens,Pieris rapae
Dodonaea viscosa,Graphomya maculata
Dodonaea viscosa,Musca domestica
Dodonaea viscosa,Stomoxys calcitrans
Draba verna,Anthomyia pluvialis
Draba verna,Hylaeus annulatus
Draba verna,Hylaeus hyalinatus
Draba verna,Hylaeus leptocephalus
Draba verna,Hylaeus pictipes
Draba verna,Hylaeus punctatus
Drymocallis glandulosa,Mitoura gryneus
Drymocallis glandulosa,Trichodes ornatus
Echinacea angustifolia,Apis mellifera
Echinacea angustifolia,Atrytone delaware
Echinacea angustifolia,Bombus
Echinacea angustifolia,Cercyonis pegala
Echinacea angustifolia,Colias philodice
Echinacea angustifolia,Danaus plexippus
Echinacea angustifolia,Hesperia ottoe
Echinacea angustifolia,Junonia coenia
Echinacea angustifolia,Limenitis archippus
Echinacea angustifolia,Phyciodes tharos
Echinacea angustifolia,Polites origenes
Echinacea angustifolia,Polites themistocles
Echinacea angustifolia,Speyeria idalia
Echinacea angustifolia,Systoechus vulgaris
Echinacea pallida,Ammophila nigricans
Echinacea pallida,Augochlorella aurata
Echinacea pallida,Ceratina dupla
Echinacea pallida,Cerceris deserta
Echinacea pallida,Chlosyne nycteis
Echinacea pallida,Hemaris thysbe
Echinacea pallida,Lasioglossum pruinosum
Echinacea pallida,Lasioglossum versatum
Echinacea pallida,Limenitis archippus
Echinacea pallida,Megachile brevis
Echinacea pallida,Nomada affabilis
Echinacea pallida,Polites coras
Echinacea pallida,Pontia protodice
Echinacea pallida,Pseudopanurgus albitarsis
Echinacea pallida,Typocerus sinuatus
Echinacea purpurea,Ammophila nigricans
Echinacea purpurea,Ashmeadiella bucconis
Echinacea purpurea,Atalopedes campestris
Echinacea purpurea,Ceratina dupla
Echinacea purpurea,Exoprosopa fasciata
Echinacea purpurea,Lasioglossum versatum
Echinacea purpurea,Megachile brevis
Echinacea purpurea,Megachile petulans
Echinacea purpurea,Poecilanthrax alcyon
Echinacea purpurea,Polites coras
Echinacea purpurea,Pseudopanurgus albitarsis
Echinacea purpurea,Pyrgus communis
Echinacea purpurea,Rhynchanthrax parvicornis
Echinacea purpurea,Speyeria aphrodite
Echinacea purpurea,Speyeria cybele
Echinacea purpurea,Systoechus vulgaris
Echinacea purpurea,Thorybes daunus
Echinacea purpurea,Zodion obliquefasciatum
Echinocereus coccineus,Selasphorus platycercus
Echinocystis lobata,Allograpta obliqua
Echinocystis lobata,Apis mellifera
Echinocystis lobata,Danaus plexippus
Echinocystis lobata,Eupeodes americanus
Echinocystis lobata,Hydrotaea ignava
Echinocystis lobata,Lasioglossum versatum
Echinocystis lobata,Lucilia sericata
Echinocystis lobata,Melissodes bimaculatus
Echinocystis lobata,Milesia virginiensis
Echinocystis lobata,Musca domestica
Echinocystis lobata,Phormia regina
Echinocystis lobata,Scolia bicincta
Echinocystis lobata,Syritta pipiens
Echinocystis lobata,Syrphus ribesii
Echinocystis lobata,Tachytes distinctus
Echinocystis lobata,Toxomerus marginatus
Echium candicans,Episyrphus balteatus
Echium candicans,Macroglossum stellatarum
Echium candicans,Myathropa florea
Echium candicans,Pieris rapae
Echium vulgare,Aglais urticae
Echium vulgare,Bombus bohemicus
Echium vulgare,Bombus hypnorum
Echium vulgare,Bombus insularis
Echium vulgare,Bombus lapidarius
Echium vulgare,Bombus sonorus
Echium vulgare,Bombus vancouverensis
Echium vulgare,Chelostoma campanularum
Echium vulgare,Colias croceus
Echium vulgare,Colias hyale
Echium vulgare,Copestylum haagii
Echium vulgare,Episyrphus balteatus
Echium vulgare,Eristalis tenax
Echium vulgare,Hoplitis anthocopoides
Echium vulgare,Hyles euphorbiae
Echium vulgare,Lasioglossum leucozonium
Echium vulgare,Macroglossum stellatarum
Echium vulgare,Megachile ericetorum
Echium vulgare,Osmia caerulescens
Echium vulgare,Papilio machaon
Echium vulgare,Pararge aegeria
Echium vulgare,Pieris napi
Echium vulgare,Polygonia c-album
Echium vulgare,Polyommatus icarus
Echium vulgare,Syritta pipiens
Echium vulgare,Syrphus ribesii
Eclipta prostrata,Pyrisitia nise
Elaeagnus angustifolia,Apis mellifera
Eleocharis atropurpurea,Thymelicus lineola
Elephantopus elatus,Augochlora pura
Elephantopus elatus,Augochlorella aurata
Elephantopus elatus,Augochloropsis metallica
Elephantopus elatus,Megachile albitarsis
Elephantopus elatus,Megachile pseudobrevis
Elephantopus elatus,Megachile xylocopoides
Elsholtzia ciliata,Vespa velutina
Elymus hystrix,Apis mellifera
Emilia praetermissa,Hemiargus ceraunus
Emilia praetermissa,Pieris canidia
Emilia praetermissa,Pieris rapae
Emilia praetermissa,Pyrgus oileus
Empetrum nigrum,Apis mellifera
Enemion biternatum,Agapostemon sericeus
Enemion biternatum,Andrena imitatrix
Enemion biternatum,Andrena nasonii
Enemion biternatum,Andrena perplexa
Enemion biternatum,Andrena robertsonii
Enemion biternatum,Andrena vicina
Enemion biternatum,Augochlorella aurata
Enemion biternatum,Bombus pensylvanicus
Enemion biternatum,Ceratina calcarata
Enemion biternatum,Ceratina tejonensis
Enemion biternatum,Colletes inaequalis
Enemion biternatum,Eristalis dimidiata
Enemion biternatum,Halictus rubicundus
Enemion biternatum,Lasioglossum coeruleum
Enemion biternatum,Lasioglossum coriaceum
Enemion biternatum,Lasioglossum cressonii
Enemion biternatum,Lasioglossum foxii
Enemion biternatum,Lasioglossum obscurum
Enemion biternatum,Lasioglossum pectorale
Enemion biternatum,Lasioglossum pilosum
Enemion biternatum,Lasioglossum versatum
Enemion biternatum,Lasioglossum zephyrum
Enemion biternatum,Osmia pumila
Enemion biternatum,Sapyga centrata
Enemion biternatum,Syrphus ribesii
Enemion biternatum,Toxomerus marginatus
Epigaea repens,Apis mellifera
Epilobium canum,Cynanthus latirostris
Epilobium ciliatum,Bombus bohemicus
Epilobium ciliatum,Episyrphus balteatus
Epilobium ciliatum,Pieris napi
Epilobium ciliatum,Thymelicus lineola
Epilobium hirsutum,Aglais urticae
Epilobium hirsutum,Autographa gamma
Epilobium hirsutum,Bombus
Epilobium hirsutum,Bombus bohemicus
Epilobium hirsutum,Bombus hypnorum
Epilobium hirsutum,Bombus lapidarius
Epilobium hirsutum,Celastrina argiolus
Epilobium hirsutum,Colias croceus
Epilobium hirsutum,Episyrphus balteatus
Epilobium hirsutum,Helophilus hybridus
Epilobium hirsutum,Hydriomena furcata
Epilobium hirsutum,Noctua pronuba
Epilobium hirsutum,Pararge aegeria
Epilobium hirsutum,Pieris napi
Epilobium hirsutum,Pieris rapae
Epilobium hirsutum,Polygonia c-album
Epilobium hirsutum,Polyommatus icarus
Epilobium hirsutum,Syritta pipiens
Epilobium hirsutum,Syrphus ribesii
Epilobium hirsutum,Thymelicus lineola
Epilobium hirsutum,Xestia xanthographa
Eranthis hyemalis,Bombus huntii
Eranthis hyemalis,Episyrphus balteatus
Eranthis hyemalis,Neomyia cornicina
Eranthis hyemalis,Vanessa atalanta
Ericameria nauseosa,Coccinella novemnotata
Ericameria paniculata,Trupanea bisetosa
Erigenia bulbosa,Agapostemon sericeus
Erigenia bulbosa,Anagrapha falcifera
Erigenia bulbosa,Andrena andrenoides
Erigenia bulbosa,Andrena carlini
Erigenia bulbosa,Andrena erythronii
Erigenia bulbosa,Andrena forbesii
Erigenia bulbosa,Andrena frigida
Erigenia bulbosa,Andrena mariae
Erigenia bulbosa,Andrena miserabilis
Erigenia bulbosa,Andrena nuda
Erigenia bulbosa,Andrena rugosa
Erigenia bulbosa,Apis mellifera
Erigenia bulbosa,Augochlorella aurata
Erigenia bulbosa,Bombus vagans
Erigenia bulbosa,Bombylius major
Erigenia bulbosa,Brachypalpus oarus
Erigenia bulbosa,Ceratina calcarata
Erigenia bulbosa,Ceratina dupla
Erigenia bulbosa,Ceratina tejonensis
Erigenia bulbosa,Cynomya cadaverina
Erigenia bulbosa,Eristalis dimidiata
Erigenia bulbosa,Eristalis stipator
Erigenia bulbosa,Eupeodes americanus
Erigenia bulbosa,Geranomyia canadensis
Erigenia bulbosa,Gonia frontosa
Erigenia bulbosa,Halictus rubicundus
Erigenia bulbosa,Lasioglossum foxii
Erigenia bulbosa,Lasioglossum imitatum
Erigenia bulbosa,Lasioglossum pilosum
Erigenia bulbosa,Lasioglossum versatum
Erigenia bulbosa,Lonchaea polita
Erigenia bulbosa,Odontomyia pubescens
Erigenia bulbosa,Osmia atriventris
Erigenia bulbosa,Osmia lignaria
Erigenia bulbosa,Osmia pumila
Erigenia bulbosa,Phormia regina
Erigenia bulbosa,Platycheirus hyperboreus
Erigenia bulbosa,Pontia protodice
Erigenia bulbosa,Scathophaga furcata
Erigenia bulbosa,Syritta pipiens
Erigenia bulbosa,Toxomerus marginatus
Erigeron annuus,Agapostemon splendens
Erigeron annuus,Aglais io
Erigeron annuus,Aglais urticae
Erigeron annuus,Arge humeralis
Erigeron annuus,Augochlorella aurata
Erigeron annuus,Battus philenor
Erigeron annuus,Bombus lapidarius
Erigeron annuus,Brassicogethes aeneus
Erigeron annuus,Celastrina argiolus
Erigeron annuus,Ceratina mikmaqi
Erigeron annuus,Chauliognathus marginatus
Erigeron annuus,Coelioxys
Erigeron annuus,Coelioxys sayi
Erigeron annuus,Cylindromyia signatipennis
Erigeron annuus,Cyrtolabulus mutinensis
Erigeron annuus,Elkalyce comyntas
Erigeron annuus,Episyrphus balteatus
Erigeron annuus,Eristalinus aeneus
Erigeron annuus,Eristalis nemorum
Erigeron annuus,Eristalis tenax
Erigeron annuus,Eupeodes latifasciatus
Erigeron annuus,Gymnoclytia occidua
Erigeron annuus,Helophilus hybridus
Erigeron annuus,Hemipenthes sinuosus
Erigeron annuus,Heriades leavitti
Erigeron annuus,Heriades truncorum
Erigeron annuus,Hoplitis producta
Erigeron annuus,Hylaeus mesillae
Erigeron annuus,Hylaeus punctatus
Erigeron annuus,Lasioglossum coriaceum
Erigeron annuus,Lasioglossum hitchensi
Erigeron annuus,Lasioglossum leucozonium
Erigeron annuus,Lasioglossum paradmirandum
Erigeron annuus,Lasioglossum tegulare
Erigeron annuus,Lasioglossum versatum
Erigeron annuus,Lasioglossum zonulum
Erigeron annuus,Lepidophora lutea
Erigeron annuus,Lucilia silvarum
Erigeron annuus,Lycaena phlaeas
Erigeron annuus,Megachile rotundata
Erigeron annuus,Myathropa florea
Erigeron annuus,Osmia conjuncta
Erigeron annuus,Osmia georgica
Erigeron annuus,Pieris canidia
Erigeron annuus,Pieris napi
Erigeron annuus,Polistes metricus
Erigeron annuus,Pollenia rudis
Erigeron annuus,Polygonia c-album
Erigeron annuus,Polyommatus icarus
Erigeron annuus,Protographium marcellus
Erigeron annuus,Pseudoanthidium nanum
Erigeron annuus,Rhagonycha fulva
Erigeron annuus,Spoladea recurvalis
Erigeron annuus,Syrphus ribesii
Erigeron annuus,Trichodes apiarius
Erigeron annuus,Trichopoda pennipes
Erigeron annuus,Virbia aurantiaca
Erigeron canadensis,Anacrabro ocellatus
Erigeron canadensis,Apis mellifera
Erigeron canadensis,Augochlorella aurata
Erigeron canadensis,Cerceris clypeata
Erigeron canadensis,Epeolus carolinus
Erigeron canadensis,Epeolus pusillus
Erigeron canadensis,Eristalis tenax
Erigeron canadensis,Eucerceris zonata
Erigeron canadensis,Heriades truncorum
Erigeron canadensis,Hylaeus annulatus
Erigeron canadensis,Hylaeus hyalinatus
Erigeron canadensis,Hylaeus leptocephalus
Erigeron canadensis,Hylaeus mesillae
Erigeron canadensis,Hylaeus pictipes
Erigeron canadensis,Hylaeus punctatus
Erigeron canadensis,Lasioglossum imitatum
Erigeron canadensis,Lasioglossum versatum
Erigeron canadensis,Lithurgus chrysurus
Erigeron canadensis,Megachile brevis
Erigeron canadensis,Musca domestica
Erigeron canadensis,Pollenia rudis
Erigeron canadensis,Polyommatus icarus
Erigeron canadensis,Tachytes distinctus
Erigeron canadensis,Thecophora occidensis
Erigeron compositus,Aedes impiger
Erigeron compositus,Chlosyne palla
Erigeron compositus,Hoplitis albifrons
Erigeron compositus,Occidryas anicia
Erigeron compositus,Polygonia gracilis
Erigeron divergens,Ammophila pictipennis
Erigeron divergens,Apis mellifera
Erigeron divergens,Bombylius atriceps
Erigeron divergens,Ceratina calcarata
Erigeron divergens,Ceratina dupla
Erigeron divergens,Cerceris clypeata
Erigeron divergens,Chelostoma philadelphi
Erigeron divergens,Cisseps fulvicollis
Erigeron divergens,Colletes eulophi
Erigeron divergens,Epeolus bifasciatus
Erigeron divergens,Eristalis dimidiata
Erigeron divergens,Eristalis stipator
Erigeron divergens,Euphyes vestris
Erigeron divergens,Exoprosopa fascipennis
Erigeron divergens,Gymnoclytia immaculata
Erigeron divergens,Halictus ligatus
Erigeron divergens,Heriades leavitti
Erigeron divergens,Heriades variolosa
Erigeron divergens,Holcopasites illinoiensis
Erigeron divergens,Hylaeus floridanus
Erigeron divergens,Lasioglossum albipenne
Erigeron divergens,Lasioglossum imitatum
Erigeron divergens,Lasioglossum pectorale
Erigeron divergens,Lasioglossum pruinosum
Erigeron divergens,Lasioglossum tegulare
Erigeron divergens,Lasioglossum versatum
Erigeron divergens,Leptotes marina
Erigeron divergens,Leucospis affinis
Erigeron divergens,Limenitis arthemis
Erigeron divergens,Megacerus cubiculus
Erigeron divergens,Mordellistena comata
Erigeron divergens,Nomada articulata
Erigeron divergens,Nomada denticulata
Erigeron divergens,Oarisma garita
Erigeron divergens,Ochlodes sylvanoides
Erigeron divergens,Ogcodocera leucoprocta
Erigeron divergens,Pontia protodice
Erigeron divergens,Pyrgus communis
Erigeron divergens,Stelis coarctatus
Erigeron divergens,Stelis lateralis
Erigeron divergens,Synanthedon polygoni
Erigeron divergens,Syritta pipiens
Erigeron divergens,Toxomerus marginatus
Erigeron divergens,Toxophora amphitea
Erigeron divergens,Tropidia mamillata
Erigeron divergens,Zodion fulvifrons
Erigeron elatior,Boloria titania
Erigeron elatior,Colias eurytheme
Erigeron elatior,Colias meadii
Erigeron elatior,Epidemia dorcas
Erigeron elatior,Lycaena rubidus
Erigeron elatior,Plebejus saepiolus
Erigeron elatior,Polites sabuleti
Erigeron elatior,Speyeria mormonia
Erigeron elatior,Tharsalea arota
Erigeron glacialis,Bombus flavidus
Erigeron glacialis,Lycaena cupreus
Erigeron glaucus,Bombus lapidarius
Erigeron glaucus,Episyrphus balteatus
Erigeron glaucus,Eristalis tenax
Erigeron glaucus,Merodon equestris
Erigeron glaucus,Syrphus vitripennis
Erigeron karvinskianus,Aglais urticae
Erigeron karvinskianus,Anthanassa texana
Erigeron karvinskianus,Bombus lapidarius
Erigeron karvinskianus,Brassicogethes aeneus
Erigeron karvinskianus,Colias croceus
Erigeron karvinskianus,Delia platura
Erigeron karvinskianus,Echinargus isola
Erigeron karvinskianus,Episyrphus balteatus
Erigeron karvinskianus,Eristalis tenax
Erigeron karvinskianus,Lycaena phlaeas
Erigeron karvinskianus,Merodon equestris
Erigeron karvinskianus,Nathalis iole
Erigeron karvinskianus,Pieris rapae
Erigeron karvinskianus,Polyommatus icarus
Erigeron karvinskianus,Pontia protodice
Erigeron karvinskianus,Scathophaga stercoraria
Erigeron karvinskianus,Vanessa annabella
Erigeron karvinskianus,Vanessa atalanta
Erigeron karvinskianus,Vanessa cardui
Erigeron linearis,Icaricia icarioides
Erigeron philadelphicus,Andrena mariae
Erigeron philadelphicus,Andrena personata
Erigeron philadelphicus,Augochlorella aurata
Erigeron philadelphicus,Ceratina dupla
Erigeron philadelphicus,Cerceris deserta
Erigeron philadelphicus,Gymnoclytia immaculata
Erigeron philadelphicus,Heriades leavitti
Erigeron philadelphicus,Hoplitis pilosifrons
Erigeron philadelphicus,Lasioglossum albipenne
Erigeron philadelphicus,Lasioglossum coriaceum
Erigeron philadelphicus,Lasioglossum imitatum
Erigeron philadelphicus,Lasioglossum versatum
Erigeron philadelphicus,Megachile brevis
Erigeron philadelphicus,Nomada cressonii
Erigeron philadelphicus,Nomada superba
Erigeron philadelphicus,Polites coras
Erigeron philadelphicus,Stelis lateralis
Erigeron philadelphicus,Thecophora occidensis
Erigeron philadelphicus,Trichiotinus affinis
Erigeron philadelphicus,Zodion fulvifrons
Erigeron pulchellus,Acalymma vittatum
Erigeron pulchellus,Agapostemon virescens
Erigeron pulchellus,Anania funebris
Erigeron pulchellus,Ancyloxypha numitor
Erigeron pulchellus,Anthrenus verbasci
Erigeron pulchellus,Apis mellifera
Erigeron pulchellus,Augochlora pura
Erigeron pulchellus,Augochlorella aurata
Erigeron pulchellus,Bombus impatiens
Erigeron pulchellus,Carterocephalus mandan
Erigeron pulchellus,Ceratina dupla
Erigeron pulchellus,Elkalyce comyntas
Erigeron pulchellus,Eristalis dimidiata
Erigeron pulchellus,Eristalis transversa
Erigeron pulchellus,Exomala orientalis
Erigeron pulchellus,Halictus ligatus
Erigeron pulchellus,Incisalia niphon
Erigeron pulchellus,Lon hobomok
Erigeron pulchellus,Merodon equestris
Erigeron pulchellus,Mordellina pustulata
Erigeron pulchellus,Nomada articulata
Erigeron pulchellus,Papilio canadensis
Erigeron pulchellus,Parancistrocerus perennis
Erigeron pulchellus,Phyciodes tharos
Erigeron pulchellus,Pieris oleracea
Erigeron pulchellus,Tetracis cachexiata
Erigeron pulchellus,Toxomerus geminatus
Erigeron pulchellus,Toxomerus marginatus
Erigeron pulchellus,Vanessa virginiensis
Erigeron pumilus,Cercyonis oetus
Erigeron pumilus,Chlosyne gorgone
Erigeron pumilus,Colias alexandra
Erigeron pumilus,Colias philodice
Erigeron pumilus,Erebia epipsodea
Erigeron pumilus,Erynnis persius
Erigeron pumilus,Euptoieta claudia
Erigeron pumilus,Glaucopsyche lygdamus
Erigeron pumilus,Glaucopsyche piasus
Erigeron pumilus,Hesperia juba
Erigeron pumilus,Hesperia nevada
Erigeron pumilus,Hesperia pahaska
Erigeron pumilus,Hesperia uncas
Erigeron pumilus,Hesperia viridis
Erigeron pumilus,Hesperopsis alpheus
Erigeron pumilus,Icaricia icarioides
Erigeron pumilus,Oarisma garita
Erigeron pumilus,Occidryas anicia
Erigeron pumilus,Parnassius smintheus
Erigeron pumilus,Plebejus lupini
Erigeron pumilus,Plebejus saepiolus
Erigeron pumilus,Poladryas minuta
Erigeron pumilus,Polites sabuleti
Erigeron pumilus,Polites themistocles
Erigeron pumilus,Pontia protodice
Erigeron pumilus,Pyrgus communis
Erigeron pumilus,Speyeria callippe
Erigeron pumilus,Strymon melinus
Erigeron pumilus,Tharsalea arota
Erigeron pumilus,Yvretta rhesus
Erigeron speciosus,Boloria chariclea
Erigeron speciosus,Boloria titania
Erigeron speciosus,Bombus californicus
Erigeron speciosus,Bombus sylvicola
Erigeron speciosus,Cercyonis oetus
Erigeron speciosus,Cercyonis pegala
Erigeron speciosus,Chlosyne palla
Erigeron speciosus,Colias alexandra
Erigeron speciosus,Colias eurytheme
Erigeron speciosus,Colias philodice
Erigeron speciosus,Emesis zela
Erigeron speciosus,Epidemia dorcas
Erigeron speciosus,Eristalis stipator
Erigeron speciosus,Erynnis martialis
Erigeron speciosus,Eupeodes volucris
Erigeron speciosus,Euphyes vestris
Erigeron speciosus,Glaucopsyche lygdamus
Erigeron speciosus,Halictus virgatellus
Erigeron speciosus,Hesperia comma
Erigeron speciosus,Hesperia leonardus
Erigeron speciosus,Lycaena cupreus
Erigeron speciosus,Lycaena heteronea
Erigeron speciosus,Lycaena rubidus
Erigeron speciosus,Megachile relativa
Erigeron speciosus,Nathalis iole
Erigeron speciosus,Neophasia menapia
Erigeron speciosus,Oarisma garita
Erigeron speciosus,Ochlodes sylvanoides
Erigeron speciosus,Osmia bucephala
Erigeron speciosus,Osmia montana
Erigeron speciosus,Phyciodes batesii
Erigeron speciosus,Pieris rapae
Erigeron speciosus,Plebejus saepiolus
Erigeron speciosus,Polygonia faunus
Erigeron speciosus,Pontia protodice
Erigeron speciosus,Sericomyia flagrans
Erigeron speciosus,Speyeria aphrodite
Erigeron speciosus,Speyeria coronis
Erigeron speciosus,Speyeria mormonia
Erigeron speciosus,Speyeria zerene
Erigeron speciosus,Strymon melinus
Erigeron speciosus,Strymon saepium
Erigeron speciosus,Tharsalea arota
Erigeron speciosus,Vanessa atalanta
Erigeron speciosus,Vanessa virginiensis
Erigeron strigosus,Musca domestica
Erigeron strigosus,Odontocorynus salebrosus
Erigeron sumatrensis,Eumenes mediterraneus
Erigeron sumatrensis,Syritta pipiens
Eriobotrya japonica,Aellopos clavipes
Eriobotrya japonica,Allograpta obliqua
Eriobotrya japonica,Apis mellifera
Eriobotrya japonica,Bombus
Eriobotrya japonica,Bombus impatiens
Eriobotrya japonica,Bombus pensylvanicus
Eriobotrya japonica,Calycopis cecrops
Eriobotrya japonica,Danaus gilippus
Eriobotrya japonica,Danaus plexippus
Eriobotrya japonica,Episyrphus balteatus
Eriobotrya japonica,Eristalis tenax
Eriobotrya japonica,Eupeodes americanus
Eriobotrya japonica,Hylaeus annulatus
Eriobotrya japonica,Hylaeus hyalinatus
Eriobotrya japonica,Hylaeus leptocephalus
Eriobotrya japonica,Hylaeus pictipes
Eriobotrya japonica,Hylaeus punctatus
Eriobotrya japonica,Mechanitis polymnia
Eriobotrya japonica,Melanchroia chephise
Eriobotrya japonica,Mischocyttarus mexicanus
Eriobotrya japonica,Ocyptamus fuscipennis
Eriobotrya japonica,Pachodynerus erynnis
Eriobotrya japonica,Palpada vinetorum
Eriobotrya japonica,Polistes fuscatus
Eriobotrya japonica,Polistes major
Eriobotrya japonica,Syntomeida epilais
Eriobotrya japonica,Urbanus proteus
Eriobotrya japonica,Vanessa atalanta
Eriobotrya japonica,Vanessa cardui
Eriobotrya japonica,Vespa velutina
Eriocaulon decangulare,Halictus ligatus
Eriocaulon decangulare,Hylaeus confluens
Eriocaulon decangulare,Megachile albitarsis
Eriodictyon californicum,Agapostemon texanus
Eriodictyon californicum,Anastrangalia laetifica
Eriodictyon californicum,Anthocharis sara
Eriodictyon californicum,Apis mellifera
Eriodictyon californicum,Argynnis coronis
Eriodictyon californicum,Atlides halesus
Eriodictyon californicum,Battus philenor
Eriodictyon californicum,Brephidium exilis
Eriodictyon californicum,Calliopsis fracta
Eriodictyon californicum,Callophrys dumetorum
Eriodictyon californicum,Callophrys muiri
Eriodictyon californicum,Calypte anna
Eriodictyon californicum,Cercyonis sthenele
Eriodictyon californicum,Chlosyne palla
Eriodictyon californicum,Colias eurytheme
Eriodictyon californicum,Epargyreus clarus
Eriodictyon californicum,Erynnis brizo
Eriodictyon californicum,Erynnis funeralis
Eriodictyon californicum,Erynnis propertius
Eriodictyon californicum,Erynnis tristis
Eriodictyon californicum,Euchloe ausonides
Eriodictyon californicum,Glaucopsyche lygdamus
Eriodictyon californicum,Gnophaela latipennis
Eriodictyon californicum,Heliopetes ericetorum
Eriodictyon californicum,Heliothodes diminutiva
Eriodictyon californicum,Hemaris thetis
Eriodictyon californicum,Hesperia columbia
Eriodictyon californicum,Hesperia lindseyi
Eriodictyon californicum,Icaricia acmon
Eriodictyon californicum,Icaricia icarioides
Eriodictyon californicum,Incisalia irioides
Eriodictyon californicum,Junonia grisea
Eriodictyon californicum,Limenitis bredowii
Eriodictyon californicum,Limenitis lorquini
Eriodictyon californicum,Nymphalis californica
Eriodictyon californicum,Ochlodes agricola
Eriodictyon californicum,Papilio eurymedon
Eriodictyon californicum,Papilio multicaudata
Eriodictyon californicum,Papilio rutulus
Eriodictyon californicum,Papilio zelicaon
Eriodictyon californicum,Parnassius clodius
Eriodictyon californicum,Pieris rapae
Eriodictyon californicum,Pontia sisymbrii
Eriodictyon californicum,Pyrgus ruralis
Eriodictyon californicum,Selasphorus calliope
Eriodictyon californicum,Strymon saepium
Eriodictyon californicum,Tharsalea gorgon
Eriodictyon californicum,Thecla tetra
Eriodictyon californicum,Vanessa atalanta
Eriodictyon californicum,Vanessa cardui
Eriogonum corymbosum,Echinargus isola
Eriogonum corymbosum,Euphilotes battoides
Eriogonum corymbosum,Euphilotes ellisii
Eriogonum corymbosum,Strymon melinus
Eriogonum douglasii,Icaricia icarioides
Eriogonum effusum,Cercyonis pegala
Eriogonum effusum,Chlosyne gorgone
Eriogonum effusum,Colias eurytheme
Eriogonum effusum,Colias philodice
Eriogonum effusum,Euphilotes rita
Eriogonum effusum,Euptoieta claudia
Eriogonum effusum,Hesperia comma
Eriogonum effusum,Hesperia leonardus
Eriogonum effusum,Icaricia icarioides
Eriogonum effusum,Poladryas minuta
Eriogonum effusum,Pontia protodice
Eriogonum effusum,Pyrgus communis
Eriogonum effusum,Speyeria aphrodite
Eriogonum effusum,Speyeria edwardsii
Eriogonum effusum,Strymon melinus
Eriogonum effusum,Strymon saepium
Eriogonum fasciculatum,Bicyrtes capnopterus
Eriogonum fasciculatum,Chrysis fuscipennis
Eriogonum fasciculatum,Euphilotes battoides
Eriogonum fasciculatum,Icaricia icarioides
Eriogonum giganteum,Copestylum avidum
Eriogonum giganteum,Copestylum mexicanum
Eriogonum heermannii,Euphilotes battoides
Eriogonum incanum,Euphilotes enoptes
Eriogonum jamesii,Ochlodes snowi
Eriogonum jamesii,Satyrium behrii
Eriogonum jamesii,Strymon melinus
Eriogonum jamesii,Tharsalea arota
Eriogonum longifolium,Augochloropsis metallica
Eriogonum longifolium,Augochloropsis sumptuosa
Eriogonum longifolium,Dianthidium floridiense
Eriogonum longifolium,Lasioglossum nymphale
Eriogonum longifolium,Sphecodes heraclei
Eriogonum nudum,Lasioglossum brunneiventre
Eriogonum parvifolium,Icaricia icarioides
Eriogonum umbellatum,Bombus californicus
Eriogonum umbellatum,Colletes kincaidii
Eriogonum umbellatum,Eupeodes volucris
Eriogonum umbellatum,Glaucopsyche lygdamus
Eriogonum umbellatum,Halictus rubicundus
Eriogonum umbellatum,Lycaena rubidus
Eriogonum umbellatum,Megachile pugnata
Eriogonum umbellatum,Megachile relativa
Eriogonum umbellatum,Osmia bucephala
Eriogonum umbellatum,Osmia subaustralis
Eriogonum umbellatum,Speyeria mormonia
Eriophyllum confertiflorum,Acmaeodera labyrinthica
Eriophyllum confertiflorum,Adela singulella
Eriophyllum confertiflorum,Icaricia icarioides
Eriophyllum confertiflorum,Nymphalis californica
Eriophyllum lanatum,Allograpta obliqua
Eriophyllum lanatum,Anthophora urbana
Eriophyllum lanatum,Paragus haemorrhous
Eriophyllum lanatum,Xylocopa tabaniformis
Eriophyllum lanatum,Zerene eurydice
Erodium cicutarium,Aricia agestis
Erodium cicutarium,Bombus lapidarius
Erodium cicutarium,Episyrphus balteatus
Erodium cicutarium,Euchloe ausonides
Erodium cicutarium,Junonia coenia
Erodium cicutarium,Polyommatus icarus
Erodium cicutarium,Thymelicus lineola
Erodium malacoides,Anthocharis cardamines
Erodium malacoides,Aricia agestis
Erodium moschatum,Aricia agestis
Erodium moschatum,Bombus
Erodium moschatum,Episyrphus balteatus
Erodium moschatum,Lycaena phlaeas
Erodium moschatum,Plutella xylostella
Eruca vesicaria,Bombus lapidarius
Eruca vesicaria,Episyrphus balteatus
Eruca vesicaria,Leptotes marina
Eruca vesicaria,Papilio polyxenes
Eruca vesicaria,Pararge aegeria
Eruca vesicaria,Vanessa cardui
Eruca vesicaria,Zerene cesonia
Eryngium aristulatum,Anthophora urbana
Eryngium aristulatum,Ashmeadiella cactorum
Eryngium aristulatum,Ceratina acantha
Eryngium aristulatum,Hylaeus conspicuus
Eryngium aristulatum,Hylaeus episcopalis
Eryngium aristulatum,Hylaeus mesillae
Eryngium aristulatum,Hylaeus polifolii
Eryngium aristulatum,Megachile brevis
Eryngium yuccifolium,Acontia candefacta
Eryngium yuccifolium,Agapostemon sericeus
Eryngium yuccifolium,Ammophila nigricans
Eryngium yuccifolium,Anoplius atrox
Eryngium yuccifolium,Astata unicolor
Eryngium yuccifolium,Belvosia bifasciata
Eryngium yuccifolium,Bembix nubilipennis
Eryngium yuccifolium,Bicyrtes ventralis
Eryngium yuccifolium,Bithoracochaeta leucoprocta
Eryngium yuccifolium,Calliopsis andreniformis
Eryngium yuccifolium,Ceratina dupla
Eryngium yuccifolium,Cerceris frontata
Eryngium yuccifolium,Ceropales elegans
Eryngium yuccifolium,Chlosyne nycteis
Eryngium yuccifolium,Chrysanthrax cypris
Eryngium yuccifolium,Cochliomyia macellaria
Eryngium yuccifolium,Coelioxys sayi
Eryngium yuccifolium,Colletes ciliatus
Eryngium yuccifolium,Cryptocephalus insertus
Eryngium yuccifolium,Elkalyce comyntas
Eryngium yuccifolium,Epeolus bifasciatus
Eryngium yuccifolium,Eristalinus aeneus
Eryngium yuccifolium,Eristalis stipator
Eryngium yuccifolium,Eristalis tenax
Eryngium yuccifolium,Eristalis transversa
Eryngium yuccifolium,Eucerceris zonata
Eryngium yuccifolium,Exoprosopa decora
Eryngium yuccifolium,Exoprosopa fasciata
Eryngium yuccifolium,Exoprosopa fascipennis
Eryngium yuccifolium,Gymnoclytia immaculata
Eryngium yuccifolium,Hylaeus affinis
Eryngium yuccifolium,Isodontia apicalis
Eryngium yuccifolium,Lasioglossum cinctipes
Eryngium yuccifolium,Lasioglossum imitatum
Eryngium yuccifolium,Lasioglossum pectorale
Eryngium yuccifolium,Lasioglossum versatum
Eryngium yuccifolium,Megachile brevis
Eryngium yuccifolium,Megachile petulans
Eryngium yuccifolium,Milesia virginiensis
Eryngium yuccifolium,Odontomyia cincta
Eryngium yuccifolium,Oxybelus emarginatus
Eryngium yuccifolium,Philanthus ventilabris
Eryngium yuccifolium,Pholisora catullus
Eryngium yuccifolium,Physoconops brachyrhynchus
Eryngium yuccifolium,Poecilopompilus interruptus
Eryngium yuccifolium,Polites coras
Eryngium yuccifolium,Pontia protodice
Eryngium yuccifolium,Prionyx atratus
Eryngium yuccifolium,Prionyx thomae
Eryngium yuccifolium,Speyeria idalia
Eryngium yuccifolium,Sphecodes dichrous
Eryngium yuccifolium,Stizoides renicinctus
Eryngium yuccifolium,Systoechus vulgaris
Eryngium yuccifolium,Tabanus lineola
Eryngium yuccifolium,Tachytes distinctus
Eryngium yuccifolium,Thecophora occidensis
Eryngium yuccifolium,Toxomerus politus
Eryngium yuccifolium,Trichiotinus affinis
Eryngium yuccifolium,Triepeolus lunatus
Eryngium yuccifolium,Villa alternata
Eryngium yuccifolium,Zodion fulvifrons
Eryngium yuccifolium,Zodion obliquefasciatum
Erysimum capitatum,Coenonympha tullia
Erysimum capitatum,Colias alexandra
Erysimum capitatum,Erynnis brizo
Erysimum capitatum,Erynnis martialis
Erysimum capitatum,Erynnis pacuvius
Erysimum capitatum,Erynnis persius
Erysimum capitatum,Erynnis telemachus
Erysimum capitatum,Euchloe olympia
Erysimum capitatum,Euptoieta claudia
Erysimum capitatum,Formica podzolica
Erysimum capitatum,Halictus virgatellus
Erysimum capitatum,Hesperia juba
Erysimum capitatum,Hesperia nevada
Erysimum capitatum,Occidryas anicia
Erysimum capitatum,Parnassius phoebus
Erysimum capitatum,Plebejus saepiolus
Erysimum capitatum,Poladryas minuta
Erysimum capitatum,Polites sabuleti
Erysimum capitatum,Polygonia gracilis
Erysimum capitatum,Speyeria aphrodite
Erysimum capitatum,Speyeria callippe
Erysimum capitatum,Speyeria coronis
Erysimum capitatum,Speyeria edwardsii
Erysimum capitatum,Stinga morrisoni
Erysimum cheiranthoides,Bombus flavidus
Erysimum cheiranthoides,Celastrina argiolus
Erysimum cheiranthoides,Eristalis arbustorum
Erysimum cheiranthoides,Hylaeus annulatus
Erysimum cheiranthoides,Hylaeus hyalinatus
Erysimum cheiranthoides,Hylaeus leptocephalus
Erysimum cheiranthoides,Hylaeus pictipes
Erysimum cheiranthoides,Hylaeus punctatus
Erythranthe alsinoides,Bombylius major
Erythranthe alsinoides,Ceratina acantha
Erythranthe alsinoides,Halictus tripartitus
Erythranthe alsinoides,Osmia odontogaster
Erythranthe alsinoides,Osmia tristella
Erythranthe alsinoides,Toxomerus occidentalis
Erythranthe cardinalis,Calypte anna
Erythranthe cardinalis,Manduca sexta
Erythranthe lewisii,Bombus
Erythranthe lewisii,Bombus appositus
Erythranthe lewisii,Bombus huntii
Erythranthe lewisii,Bombus vosnesenskii
Erythronium albidum,Andrena frigida
Erythronium albidum,Andrena mariae
Erythronium albidum,Andrena wilkella
Erythronium albidum,Bombylius major
Erythronium albidum,Brachypalpus oarus
Erythronium albidum,Ceratina dupla
Erythronium albidum,Cerceris deserta
Erythronium albidum,Colletes inaequalis
Erythronium albidum,Eristalis dimidiata
Erythronium albidum,Lasioglossum versatum
Erythronium albidum,Nomada luteoloides
Erythronium albidum,Osmia lignaria
Erythronium albidum,Osmia pumila
Erythronium albidum,Pieris rapae
Erythronium grandiflorum,Bombus bifarius
Erythronium grandiflorum,Eupeodes volucris
Erythronium propullans,Andrena carlini
Erythronium umbilicatum,Augochlorella aurata
Escallonia rubra,Episyrphus balteatus
Escallonia rubra,Eristalis tenax
Eschscholzia californica,Bombus hypnorum
Eschscholzia californica,Bombus lapidarius
Eschscholzia californica,Episyrphus balteatus
Escobaria vivipara,Papilio zelicaon
Eucalyptus globulus,Apis mellifera
Eucalyptus globulus,Habropoda depressa
Eucalyptus globulus,Selasphorus sasin
Eugenia uniflora,Apis mellifera
Euonymus alatus,Augochlorella aurata
Euonymus alatus,Battus philenor
Euonymus alatus,Bombus bimaculatus
Euonymus alatus,Chlosyne nycteis
Euonymus alatus,Episyrphus balteatus
Euonymus alatus,Parancistrocerus pensylvanicus
Euonymus alatus,Syrphus vitripennis
Euonymus alatus,Trogus pennator
Euonymus atropurpureus,Allograpta obliqua
Euonymus atropurpureus,Augochlora pura
Euonymus atropurpureus,Augochlorella aurata
Euonymus atropurpureus,Euptychia cymela
Euonymus atropurpureus,Lasioglossum imitatum
Euonymus atropurpureus,Lasioglossum versatum
Euonymus atropurpureus,Mordellistena ornata
Euonymus atropurpureus,Myospila meditabunda
Euonymus atropurpureus,Phormia regina
Euonymus atropurpureus,Syrphus ribesii
Euonymus atropurpureus,Toxomerus marginatus
Euonymus europaeus,Calliphora vomitoria
Euonymus fortunei,Harmonia axyridis
Euonymus japonicus,Bellardia vulgaris
Euonymus japonicus,Botanophila fugax
Euonymus japonicus,Calliphora vicina
Euonymus japonicus,Helina evecta
Euonymus japonicus,Pollenia rudis
Euonymus japonicus,Syrphus vitripennis
Eupatorium altissimum,Ammophila nigricans
Eupatorium altissimum,Ammophila procera
Eupatorium altissimum,Ancistrocerus campestris
Eupatorium altissimum,Bicyrtes ventralis
Eupatorium altissimum,Ceratina dupla
Eupatorium altissimum,Chlosyne nycteis
Eupatorium altissimum,Cochliomyia macellaria
Eupatorium altissimum,Colletes americanus
Eupatorium altissimum,Ectemnius dilectus
Eupatorium altissimum,Entypus fulvicornis
Eupatorium altissimum,Eucerceris zonata
Eupatorium altissimum,Euphydryas phaeton
Eupatorium altissimum,Exoprosopa fasciata
Eupatorium altissimum,Graphomya americana
Eupatorium altissimum,Gymnoclytia immaculata
Eupatorium altissimum,Halictus ligatus
Eupatorium altissimum,Hylaeus affinis
Eupatorium altissimum,Isodontia apicalis
Eupatorium altissimum,Larropsis distincta
Eupatorium altissimum,Lasioglossum illinoense
Eupatorium altissimum,Lasioglossum imitatum
Eupatorium altissimum,Lasioglossum versatum
Eupatorium altissimum,Melissodes druriellus
Eupatorium altissimum,Milesia virginiensis
Eupatorium altissimum,Morellia micans
Eupatorium altissimum,Nomada vicina
Eupatorium altissimum,Philanthus ventilabris
Eupatorium altissimum,Phyciodes tharos
Eupatorium altissimum,Physoconops brachyrhynchus
Eupatorium altissimum,Polistes annularis
Eupatorium altissimum,Polites coras
Eupatorium altissimum,Pontia protodice
Eupatorium altissimum,Spilomyia longicornis
Eupatorium altissimum,Stizus brevipennis
Eupatorium altissimum,Syritta pipiens
Eupatorium altissimum,Thecophora occidensis
Eupatorium altissimum,Toxophora amphitea
Eupatorium altissimum,Triepeolus donatus
Eupatorium altissimum,Triepeolus pectoralis
Eupatorium altissimum,Villa hypomelas
Eupatorium leptophyllum,Lasioglossum nymphale
Eupatorium mohrii,Agapostemon splendens
Eupatorium mohrii,Apis mellifera
Eupatorium mohrii,Bombus impatiens
Eupatorium mohrii,Dianthidium floridiense
Eupatorium mohrii,Halictus ligatus
Eupatorium mohrii,Megachile albitarsis
Eupatorium perfoliatum,Ammophila procera
Eupatorium perfoliatum,Anacrabro ocellatus
Eupatorium perfoliatum,Cerceris deserta
Eupatorium perfoliatum,Cochliomyia macellaria
Eupatorium perfoliatum,Colletes eulophi
Eupatorium perfoliatum,Ectemnius dilectus
Eupatorium perfoliatum,Epicauta pensylvanica
Eupatorium perfoliatum,Eucerceris zonata
Eupatorium perfoliatum,Euphyes conspicua
Eupatorium perfoliatum,Exoprosopa fasciata
Eupatorium perfoliatum,Hedychrum violaceum
Eupatorium perfoliatum,Hylaeus affinis
Eupatorium perfoliatum,Isodontia apicalis
Eupatorium perfoliatum,Larropsis distincta
Eupatorium perfoliatum,Lispe albitarsis
Eupatorium perfoliatum,Megachile brevis
Eupatorium perfoliatum,Megachile mendica
Eupatorium perfoliatum,Oxybelus emarginatus
Eupatorium perfoliatum,Phormia regina
Eupatorium perfoliatum,Physoconops brachyrhynchus
Eupatorium perfoliatum,Polistes annularis
Eupatorium perfoliatum,Polistes carolina
Eupatorium perfoliatum,Sceliphron caementarium
Eupatorium perfoliatum,Stizus brevipennis
Eupatorium perfoliatum,Stomoxys calcitrans
Eupatorium perfoliatum,Thecophora occidensis
Eupatorium perfoliatum,Toxomerus politus
Eupatorium perfoliatum,Vespula germanica
Eupatorium serotinum,Agapostemon sericeus
Eupatorium serotinum,Ammophila nigricans
Eupatorium serotinum,Ammophila pictipennis
Eupatorium serotinum,Archytas aterrima
Eupatorium serotinum,Augochlorella aurata
Eupatorium serotinum,Belvosia bifasciata
Eupatorium serotinum,Cerceris deserta
Eupatorium serotinum,Chrysops striatus
Eupatorium serotinum,Colletes compactus
Eupatorium serotinum,Colletes eulophi
Eupatorium serotinum,Ectemnius dilectus
Eupatorium serotinum,Elkalyce comyntas
Eupatorium serotinum,Epeolus bifasciatus
Eupatorium serotinum,Eucerceris zonata
Eupatorium serotinum,Exoprosopa fasciata
Eupatorium serotinum,Exoprosopa fascipennis
Eupatorium serotinum,Feltia subgothica
Eupatorium serotinum,Halictus rubicundus
Eupatorium serotinum,Hedychrum violaceum
Eupatorium serotinum,Isodontia apicalis
Eupatorium serotinum,Larropsis distincta
Eupatorium serotinum,Lasioglossum imitatum
Eupatorium serotinum,Lasioglossum pectorale
Eupatorium serotinum,Megachile latimanus
Eupatorium serotinum,Megachile mendica
Eupatorium serotinum,Megacyllene decora
Eupatorium serotinum,Melissodes boltoniae
Eupatorium serotinum,Melissodes druriellus
Eupatorium serotinum,Melissodes niveus
Eupatorium serotinum,Melitoma taurea
Eupatorium serotinum,Milesia virginiensis
Eupatorium serotinum,Musca domestica
Eupatorium serotinum,Philanthus ventilabris
Eupatorium serotinum,Physocephala texana
Eupatorium serotinum,Physoconops brachyrhynchus
Eupatorium serotinum,Polistes annularis
Eupatorium serotinum,Polistes carolina
Eupatorium serotinum,Pontia protodice
Eupatorium serotinum,Speyeria cybele
Eupatorium serotinum,Stylogaster biannulata
Eupatorium serotinum,Systoechus vulgaris
Eupatorium serotinum,Systropus macer
Eupatorium serotinum,Triepeolus cressonii
Eupatorium serotinum,Triepeolus lunatus
Eupatorium serotinum,Triepeolus pectoralis
Eupatorium serotinum,Villa alternata
Eupatorium sessilifolium,Ammophila procera
Eupatorium sessilifolium,Elkalyce comyntas
Eupatorium sessilifolium,Eumenes fraternus
Eupatorium sessilifolium,Philanthus gibbosus
Eupatorium sessilifolium,Polistes carolina
Euphorbia characias,Episyrphus balteatus
Euphorbia characias,Eristalis tenax
Euphorbia characias,Fannia canicularis
Euphorbia characias,Myathropa florea
Euphorbia corollata,Allograpta obliqua
Euphorbia corollata,Ancistrocerus campestris
Euphorbia corollata,Apis mellifera
Euphorbia corollata,Augochlorella aurata
Euphorbia corollata,Ceratina calcarata
Euphorbia corollata,Ectemnius dilectus
Euphorbia corollata,Entypus fulvicornis
Euphorbia corollata,Eucerceris zonata
Euphorbia corollata,Exoprosopa fasciata
Euphorbia corollata,Exoprosopa fascipennis
Euphorbia corollata,Gymnoclytia immaculata
Euphorbia corollata,Halictus ligatus
Euphorbia corollata,Hemipenthes sinuosus
Euphorbia corollata,Holopyga ventralis
Euphorbia corollata,Hylaeus affinis
Euphorbia corollata,Larropsis distincta
Euphorbia corollata,Lasioglossum imitatum
Euphorbia corollata,Lasioglossum versatum
Euphorbia corollata,Orthonevra nitida
Euphorbia corollata,Pontia protodice
Euphorbia corollata,Prionyx atratus
Euphorbia corollata,Rhynchalastor blepharus
Euphorbia corollata,Sceliphron caementarium
Euphorbia corollata,Sphaerophoria contigua
Euphorbia corollata,Sphecodes dichrous
Euphorbia corollata,Stizus brevipennis
Euphorbia corollata,Trichopoda pennipes
Euphorbia corollata,Trichopsomyia apisaon
Euphorbia corollata,Villa alternata
Euphorbia cyparissias,Aricia agestis
Euphorbia cyparissias,Botanophila fugax
Euphorbia cyparissias,Calliphora vicina
Euphorbia cyparissias,Calliphora vomitoria
Euphorbia cyparissias,Dasysyrphus venustus
Euphorbia cyparissias,Delia platura
Euphorbia cyparissias,Episyrphus balteatus
Euphorbia cyparissias,Eristalis arbustorum
Euphorbia cyparissias,Euphydryas aurinia
Euphorbia cyparissias,Helina evecta
Euphorbia cyparissias,Hylaeus punctatus
Euphorbia cyparissias,Lycaena phlaeas
Euphorbia cyparissias,Meliscaeva cinctella
Euphorbia cyparissias,Neomyia cornicina
Euphorbia cyparissias,Pipiza quadrimaculata
Euphorbia cyparissias,Polistes dominula
Euphorbia cyparissias,Pollenia rudis
Euphorbia cyparissias,Scathophaga stercoraria
Euphorbia cyparissias,Syrphus torvus
Euphorbia cyparissias,Syrphus vitripennis
Euphorbia cyparissias,Vespa velutina
Euphorbia davidii,Anthrenus scrophulariae
Euphorbia davidii,Calliphora vicina
Euphorbia davidii,Calliphora vomitoria
Euphorbia davidii,Delia platura
Euphorbia davidii,Episyrphus balteatus
Euphorbia davidii,Eristalis arbustorum
Euphorbia davidii,Euphydryas aurinia
Euphorbia davidii,Helina evecta
Euphorbia davidii,Hylaeus punctatus
Euphorbia davidii,Lucilia sericata
Euphorbia davidii,Lycaena phlaeas
Euphorbia davidii,Neomyia cornicina
Euphorbia davidii,Polistes dominula
Euphorbia davidii,Scathophaga stercoraria
Euphorbia davidii,Vespa velutina
Euphorbia helioscopia,Anthrenus scrophulariae
Euphorbia helioscopia,Apis mellifera
Euphorbia helioscopia,Bellardia vulgaris
Euphorbia helioscopia,Calliphora vicina
Euphorbia helioscopia,Calliphora vomitoria
Euphorbia helioscopia,Coccinella septempunctata
Euphorbia helioscopia,Delia platura
Euphorbia helioscopia,Episyrphus balteatus
Euphorbia helioscopia,Eristalis arbustorum
Euphorbia helioscopia,Eristalis tenax
Euphorbia helioscopia,Eudasyphora cyanicolor
Euphorbia helioscopia,Euphydryas aurinia
Euphorbia helioscopia,Harmonia axyridis
Euphorbia helioscopia,Helina evecta
Euphorbia helioscopia,Hylaeus punctatus
Euphorbia helioscopia,Lucilia sericata
Euphorbia helioscopia,Lycaena phlaeas
Euphorbia helioscopia,Myathropa florea
Euphorbia helioscopia,Neomyia cornicina
Euphorbia helioscopia,Polistes dominula
Euphorbia helioscopia,Scathophaga stercoraria
Euphorbia helioscopia,Vespa velutina
Euphorbia heterophylla,Megachile pusilla
Euphorbia lathyris,Anthrenus scrophulariae
Euphorbia lathyris,Apis mellifera
Euphorbia lathyris,Calliphora vicina
Euphorbia lathyris,Calliphora vomitoria
Euphorbia lathyris,Delia platura
Euphorbia lathyris,Episyrphus balteatus
Euphorbia lathyris,Eristalis arbustorum
Euphorbia lathyris,Euphydryas aurinia
Euphorbia lathyris,Helina evecta
Euphorbia lathyris,Hylaeus punctatus
Euphorbia lathyris,Lucilia sericata
Euphorbia lathyris,Lycaena phlaeas
Euphorbia lathyris,Neomyia cornicina
Euphorbia lathyris,Polistes dominula
Euphorbia lathyris,Scathophaga stercoraria
Euphorbia lathyris,Vespa velutina
Euphorbia marginata,Anthrenus scrophulariae
Euphorbia marginata,Calliphora vicina
Euphorbia marginata,Calliphora vomitoria
Euphorbia marginata,Delia platura
Euphorbia marginata,Episyrphus balteatus
Euphorbia marginata,Eristalis arbustorum
Euphorbia marginata,Euphydryas aurinia
Euphorbia marginata,Euptoieta claudia
Euphorbia marginata,Helina evecta
Euphorbia marginata,Hylaeus punctatus
Euphorbia marginata,Lucilia sericata
Euphorbia marginata,Lycaena phlaeas
Euphorbia marginata,Nathalis iole
Euphorbia marginata,Neomyia cornicina
Euphorbia marginata,Papilio polyxenes
Euphorbia marginata,Phyciodes tharos
Euphorbia marginata,Polistes dominula
Euphorbia marginata,Scathophaga stercoraria
Euphorbia marginata,Strymon melinus
Euphorbia marginata,Vespa velutina
Euphorbia nutans,Anthrenus scrophulariae
Euphorbia nutans,Calliphora vicina
Euphorbia nutans,Calliphora vomitoria
Euphorbia nutans,Cerceris finitima
Euphorbia nutans,Delia platura
Euphorbia nutans,Episyrphus balteatus
Euphorbia nutans,Eristalis arbustorum
Euphorbia nutans,Euphydryas aurinia
Euphorbia nutans,Helina evecta
Euphorbia nutans,Hylaeus punctatus
Euphorbia nutans,Lasioglossum tegulare
Euphorbia nutans,Lucilia sericata
Euphorbia nutans,Lycaena phlaeas
Euphorbia nutans,Neomyia cornicina
Euphorbia nutans,Polistes dominula
Euphorbia nutans,Scathophaga stercoraria
Euphorbia nutans,Syritta pipiens
Euphorbia nutans,Toxomerus marginatus
Euphorbia nutans,Vespa velutina
Euphorbia oblongata,Eristalis arbustorum
Euphorbia peplus,Anthrenus scrophulariae
Euphorbia peplus,Calliphora vicina
Euphorbia peplus,Calliphora vomitoria
Euphorbia peplus,Delia platura
Euphorbia peplus,Episyrphus balteatus
Euphorbia peplus,Eristalis arbustorum
Euphorbia peplus,Euphydryas aurinia
Euphorbia peplus,Helina evecta
Euphorbia peplus,Hylaeus punctatus
Euphorbia peplus,Lucilia sericata
Euphorbia peplus,Lycaena phlaeas
Euphorbia peplus,Neomyia cornicina
Euphorbia peplus,Polistes dominula
Euphorbia peplus,Scathophaga stercoraria
Euphorbia peplus,Syritta pipiens
Euphorbia peplus,Vespa velutina
Euphorbia prostrata,Anthrenus scrophulariae
Euphorbia prostrata,Calliphora vicina
Euphorbia prostrata,Calliphora vomitoria
Euphorbia prostrata,Delia platura
Euphorbia prostrata,Episyrphus balteatus
Euphorbia prostrata,Eristalis arbustorum
Euphorbia prostrata,Euphydryas aurinia
Euphorbia prostrata,Helina evecta
Euphorbia prostrata,Hylaeus punctatus
Euphorbia prostrata,Lucilia sericata
Euphorbia prostrata,Lycaena phlaeas
Euphorbia prostrata,Neomyia cornicina
Euphorbia prostrata,Polistes dominula
Euphorbia prostrata,Scathophaga stercoraria
Euphorbia prostrata,Vespa velutina
Euphorbia serpillifolia,Formica lasioides
Euphorbia terracina,Episyrphus balteatus
Euphorbia terracina,Eristalinus aeneus
Euphrasia nemorosa,Apis mellifera
Euphrasia nemorosa,Bombus
Euphrasia nemorosa,Bombus hypnorum
Euphrasia nemorosa,Bombus lapidarius
Euphrasia nemorosa,Eristalis arbustorum
Euphrasia nemorosa,Eristalis tenax
Euphrasia nemorosa,Lycaena phlaeas
Euphrasia nemorosa,Myathropa florea
Euphrasia nemorosa,Pieris rapae
Euphrasia nemorosa,Polyommatus icarus
Euphrasia nemorosa,Syritta pipiens
Euploca polyphylla,Dione vanillae
Euploca polyphylla,Phyciodes phaon
Euthamia graminifolia,Acalymma vittatum
Euthamia graminifolia,Agapostemon splendens
Euthamia graminifolia,Andrena fulvipennis
Euthamia graminifolia,Andrena simplex
Euthamia graminifolia,Anthidiellum perplexum
Euthamia graminifolia,Anthidium oblongatum
Euthamia graminifolia,Araschnia levana
Euthamia graminifolia,Augochlorella aurata
Euthamia graminifolia,Bembix nubilipennis
Euthamia graminifolia,Celastrina argiolus
Euthamia graminifolia,Cochliomyia macellaria
Euthamia graminifolia,Coelioxys dolichos
Euthamia graminifolia,Colletes mandibularis
Euthamia graminifolia,Colletes thysanellae
Euthamia graminifolia,Crambus laqueatellus
Euthamia graminifolia,Elkalyce comyntas
Euthamia graminifolia,Entypus fulvicornis
Euthamia graminifolia,Epeolus carolinus
Euthamia graminifolia,Epistrophe grossulariae
Euthamia graminifolia,Eucerceris zonata
Euthamia graminifolia,Helophilus latifrons
Euthamia graminifolia,Heriades truncorum
Euthamia graminifolia,Hesperia comma
Euthamia graminifolia,Hylaeus annulatus
Euthamia graminifolia,Hylaeus confluens
Euthamia graminifolia,Hylaeus hyalinatus
Euthamia graminifolia,Hylaeus leptocephalus
Euthamia graminifolia,Hylaeus pictipes
Euthamia graminifolia,Hylaeus punctatus
Euthamia graminifolia,Hyphantria cunea
Euthamia graminifolia,Larropsis distincta
Euthamia graminifolia,Lasioglossum nymphale
Euthamia graminifolia,Lasioglossum tegulare
Euthamia graminifolia,Lasioglossum versatum
Euthamia graminifolia,Lithurgus chrysurus
Euthamia graminifolia,Megachile sculpturalis
Euthamia graminifolia,Melissodes boltoniae
Euthamia graminifolia,Melissodes niveus
Euthamia graminifolia,Paradidyma singularis
Euthamia graminifolia,Prionyx atratus
Euthamia graminifolia,Sitochroa palealis
Euthamia graminifolia,Sphecodes heraclei
Euthamia graminifolia,Stizus brevipennis
Euthamia graminifolia,Thymelicus lineola
Euthamia graminifolia,Vespa crabro
Euthamia graminifolia,Vespa velutina
Euthamia graminifolia,Vespula germanica
Eutrochium purpureum,Atrytone arogos
Eutrochium purpureum,Hesperia leonardus
Fallopia convolvulus,Bombus lapidarius
Fallopia convolvulus,Syritta pipiens
Fallopia scandens,Anacrabro ocellatus
Fallopia scandens,Andrena simplex
Fallopia scandens,Anoplius atrox
Fallopia scandens,Archytas aterrima
Fallopia scandens,Astata bicolor
Fallopia scandens,Ceratina dupla
Fallopia scandens,Cerceris finitima
Fallopia scandens,Colletes americanus
Fallopia scandens,Elkalyce comyntas
Fallopia scandens,Eumenes fraternus
Fallopia scandens,Hedychrum violaceum
Fallopia scandens,Hylaeus affinis
Fallopia scandens,Hylaeus saniculae
Fallopia scandens,Larropsis distincta
Fallopia scandens,Lasioglossum imitatum
Fallopia scandens,Lasioglossum versatum
Fallopia scandens,Leucospis affinis
Fallopia scandens,Milesia virginiensis
Fallopia scandens,Musca domestica
Fallopia scandens,Oxybelus emarginatus
Fallopia scandens,Paradidyma singularis
Fallopia scandens,Philanthus gibbosus
Fallopia scandens,Pieris rapae
Fallopia scandens,Pseudopanurgus compositarum
Fallopia scandens,Syritta pipiens
Fallopia scandens,Trichopoda pennipes
Fallopia scandens,Vanessa atalanta
Fallopia scandens,Vespula germanica
Filipendula ulmaria,Aglais io
Filipendula ulmaria,Andrena barbilabris
Filipendula ulmaria,Araschnia levana
Filipendula ulmaria,Bombus hypnorum
Filipendula ulmaria,Bombus lapidarius
Filipendula ulmaria,Brassicogethes aeneus
Filipendula ulmaria,Calliphora vomitoria
Filipendula ulmaria,Chalcosyrphus nemorum
Filipendula ulmaria,Cheilosia albitarsis
Filipendula ulmaria,Coenosia tigrina
Filipendula ulmaria,Epistrophe grossulariae
Filipendula ulmaria,Episyrphus balteatus
Filipendula ulmaria,Eristalis arbustorum
Filipendula ulmaria,Eristalis nemorum
Filipendula ulmaria,Eristalis tenax
Filipendula ulmaria,Halictus rubicundus
Filipendula ulmaria,Lasioglossum zonulum
Filipendula ulmaria,Meliscaeva cinctella
Filipendula ulmaria,Papilio machaon
Filipendula ulmaria,Pieris napi
Filipendula ulmaria,Pollenia pediculata
Filipendula ulmaria,Protophormia terraenovae
Filipendula ulmaria,Pyrophaena granditarsa
Filipendula ulmaria,Rhagonycha fulva
Filipendula ulmaria,Scathophaga stercoraria
Filipendula ulmaria,Syritta pipiens
Filipendula ulmaria,Syrphus ribesii
Filipendula ulmaria,Syrphus vitripennis
Filipendula ulmaria,Thymelicus lineola
Filipendula ulmaria,Xylota segnis
Foeniculum vulgare,Agapostemon texanus
Foeniculum vulgare,Aglais urticae
Foeniculum vulgare,Arge ochropus
Foeniculum vulgare,Athalia rosae
Foeniculum vulgare,Bicyrtes variegatus
Foeniculum vulgare,Chrysis fuscipennis
Foeniculum vulgare,Cladius pectinicornis
Foeniculum vulgare,Delta dimidiatipenne
Foeniculum vulgare,Episyrphus balteatus
Foeniculum vulgare,Eristalinus taeniops
Foeniculum vulgare,Eristalis nemorum
Foeniculum vulgare,Hemipepsis ustulata
Foeniculum vulgare,Hippodamia variegata
Foeniculum vulgare,Hylaeus hyalinatus
Foeniculum vulgare,Hylaeus mesillae
Foeniculum vulgare,Hylaeus polifolii
Foeniculum vulgare,Limenitis reducta
Foeniculum vulgare,Linepithema humile
Foeniculum vulgare,Lycaena xanthoides
Foeniculum vulgare,Papilio machaon
Foeniculum vulgare,Polyommatus icarus
Foeniculum vulgare,Vespa velutina
Fouquieria splendens,Cynanthus latirostris
Fragaria chiloensis,Bombus
Fragaria vesca,Bombus lapidarius
Fragaria vesca,Carterocephalus palaemon
Fragaria vesca,Episyrphus balteatus
Fragaria vesca,Lasioglossum zonulum
Fragaria vesca,Mitoura spinetorum
Fragaria vesca,Pieris napi
Frangula alnus,Andrena barbilabris
Frangula alnus,Bombus hypnorum
Frangula alnus,Bombus lapidarius
Frangula alnus,Celastrina argiolus
Frangula alnus,Vespa velutina
Frankenia salina,Agdistis americana
Frasera fastigiata,Apis mellifera
Fuchsia magellanica,Bombus
Fuchsia magellanica,Bombus lapidarius
Fumaria capreolata,Bombus
Funastrum cynanchoides,Agapostemon melliventris
Funastrum cynanchoides,Apis mellifera
Funastrum cynanchoides,Bombus vosnesenskii
Funastrum cynanchoides,Ceratina arizonensis
Funastrum cynanchoides,Chlosyne californica
Funastrum cynanchoides,Dymasia dymas
Funastrum cynanchoides,Hesperia juba
Funastrum cynanchoides,Hippodamia convergens
Funastrum cynanchoides,Leptotes marina
Funastrum cynanchoides,Nathalis iole
Funastrum cynanchoides,Oarisma aurantiaca
Funastrum cynanchoides,Strymon melinus
Funastrum cynanchoides,Vanessa atalanta
Funastrum cynanchoides,Vanessa cardui
Funastrum cynanchoides,Zerene eurydice
Gaillardia aristata,Agapostemon texanus
Gaillardia aristata,Batyle suturalis
Gaillardia aristata,Bombus lapidarius
Gaillardia aristata,Bombus nevadensis
Gaillardia aristata,Bombus perplexus
Gaillardia aristata,Bombus ternarius
Gaillardia aristata,Coenonympha california
Gaillardia aristata,Colias christina
Gaillardia aristata,Colias eurytheme
Gaillardia aristata,Epicauta puncticollis
Gaillardia aristata,Feltia jaculifera
Gaillardia aristata,Gnophaela vermiculata
Gaillardia aristata,Phyciodes batesii
Gaillardia aristata,Vanessa cardui
Gaillardia pulchella,Colias philodice
Gaillardia pulchella,Polites mystic
Gaillardia pulchella,Pyrgus communis
Galactia elliottii,Halictus ligatus
Galactia elliottii,Megachile exilis
Galactia elliottii,Megachile georgica
Galactia elliottii,Megachile mendica
Galactia elliottii,Megachile petulans
Galactia elliottii,Nomia maneei
Galactia regularis,Anthidiellum notatum
Galactia regularis,Anthidium maculifrons
Galactia regularis,Apis mellifera
Galactia regularis,Augochlorella aurata
Galactia regularis,Augochloropsis metallica
Galactia regularis,Augochloropsis sumptuosa
Galactia regularis,Bombus impatiens
Galactia regularis,Coelioxys sayi
Galactia regularis,Megachile albitarsis
Galactia regularis,Megachile exilis
Galactia regularis,Megachile georgica
Galactia regularis,Megachile mendica
Galactia regularis,Megachile petulans
Galactia regularis,Megachile pseudobrevis
Galactia regularis,Svastra atripes
Galanthus elwesii,Apis mellifera
Galanthus nivalis,Episyrphus balteatus
Galanthus nivalis,Vanessa atalanta
Galearis spectabilis,Bombus fervidus
Galearis spectabilis,Bombus nevadensis
Galearis spectabilis,Bombus pensylvanicus
Galearis spectabilis,Bombus vagans
Galearis spectabilis,Osmia proxima
Galeopsis tetrahit,Bombus hypnorum
Galeopsis tetrahit,Bombus lapidarius
Galeopsis tetrahit,Calliphora vicina
Galeopsis tetrahit,Episyrphus balteatus
Galeopsis tetrahit,Macroglossum stellatarum
Galeopsis tetrahit,Meliscaeva cinctella
Galeopsis tetrahit,Pieris napi
Galeopsis tetrahit,Pieris rapae
Galeopsis tetrahit,Polyommatus icarus
Galinsoga parviflora,Apis mellifera
Galinsoga parviflora,Heriades truncorum
Galinsoga parviflora,Hylaeus annulatus
Galinsoga parviflora,Hylaeus hyalinatus
Galinsoga parviflora,Hylaeus leptocephalus
Galinsoga parviflora,Hylaeus pictipes
Galinsoga parviflora,Hylaeus punctatus
Galinsoga parviflora,Lithurgus chrysurus
Galium aparine,Apis mellifera
Galium aparine,Bombus lapidarius
Galium aparine,Botanophila fugax
Galium aparine,Episyrphus balteatus
Galium aparine,Lasioglossum obscurum
Galium aparine,Myrmica rubra
Galium aparine,Pieris napi
Galium aparine,Scathophaga stercoraria
Galium aparine,Syritta pipiens
Galium boreale,Bombus huntii
Galium boreale,Celastrina lucia
Galium boreale,Eristalis tenax
Galium boreale,Glaucopsyche lygdamus
Galium boreale,Occidryas anicia
Galium boreale,Papilio canadensis
Galium boreale,Phyciodes tharos
Galium boreale,Speyeria atlantis
Galium mollugo,Apis mellifera
Galium mollugo,Autographa gamma
Galium mollugo,Bombus lapidarius
Galium mollugo,Epistrophe nitidicollis
Galium mollugo,Episyrphus balteatus
Galium mollugo,Eristalis arbustorum
Galium mollugo,Eristalis hirta
Galium mollugo,Eristalis nemorum
Galium mollugo,Eristalis tenax
Galium mollugo,Harmonia axyridis
Galium mollugo,Lapposyrphus lapponicus
Galium mollugo,Meliscaeva cinctella
Galium mollugo,Myathropa florea
Galium mollugo,Myrmica rubra
Galium mollugo,Scathophaga stercoraria
Galium mollugo,Syritta pipiens
Galium mollugo,Syrphus ribesii
Galium mollugo,Syrphus torvus
Galium mollugo,Syrphus vitripennis
Galium odoratum,Aglais urticae
Galium odoratum,Celastrina argiolus
Galium odoratum,Cheilosia albitarsis
Galium odoratum,Episyrphus balteatus
Galium odoratum,Pieris rapae
Galium palustre,Delia radicum
Galium palustre,Episyrphus balteatus
Galium palustre,Harmonia axyridis
Galium palustre,Meliscaeva cinctella
Galium palustre,Rhagonycha fulva
Galium palustre,Syrphus ribesii
Galium palustre,Syrphus vitripennis
Galium tinctorium,Toxomerus marginatus
Galium trifidum,Bithoracochaeta leucoprocta
Galium trifidum,Syritta pipiens
Galium trifidum,Toxomerus marginatus
Galium triflorum,Euphyes vestris
Galium triflorum,Harmonia axyridis
Galium triflorum,Meliscaeva cinctella
Galium verum,Bombus lapidarius
Galium verum,Brassicogethes aeneus
Galium verum,Calliphora vicina
Galium verum,Chloromyia formosa
Galium verum,Discomyza incurva
Galium verum,Episyrphus balteatus
Galium verum,Eristalis nemorum
Galium verum,Harmonia axyridis
Galium verum,Lapposyrphus lapponicus
Galium verum,Macroglossum stellatarum
Galium verum,Meliscaeva cinctella
Galium verum,Musca autumnalis
Galium verum,Myathropa florea
Galium verum,Paragus haemorrhous
Galium verum,Scathophaga stercoraria
Galium verum,Serica brunnea
Galium verum,Syritta pipiens
Galium verum,Syrphus ribesii
Galium verum,Syrphus torvus
Galium verum,Syrphus vitripennis
Galium verum,Thymelicus lineola
Garberia heterophylla,Anthidiellum notatum
Garberia heterophylla,Augochlora pura
Garberia heterophylla,Augochlorella aurata
Garberia heterophylla,Augochloropsis metallica
Garberia heterophylla,Coelioxys sayi
Garberia heterophylla,Colletes mandibularis
Garberia heterophylla,Epeolus carolinus
Garberia heterophylla,Lasioglossum nymphale
Garberia heterophylla,Megachile mendica
Garberia heterophylla,Megachile pruina
Garberia heterophylla,Megachile xylocopoides
Gaylussacia baccata,Bombus
Gaylussacia dumosa,Apis mellifera
Gaylussacia dumosa,Augochlorella aurata
Gaylussacia dumosa,Bombus impatiens
Gaylussacia dumosa,Megachile pseudobrevis
Gayophytum diffusum,Platycheirus obscurus
Gayophytum diffusum,Platycheirus stegnus
Gazania linearis,Euptoieta hegesia
Gazania linearis,Pieris rapae
Gazania linearis,Pyrgus communis
Gelsemium sempervirens,Bombus griseocollis
Gelsemium sempervirens,Bombus impatiens
Genista monspessulana,Apis mellifera
Gentiana affinis,Bombus
Gentiana andrewsii,Epicauta pensylvanica
Gentiana puberulenta,Bombus pensylvanicus
Geranium caespitosum,Atrytone arogos
Geranium caespitosum,Celastrina humulus
Geranium caespitosum,Cercyonis oetus
Geranium caespitosum,Cercyonis pegala
Geranium caespitosum,Coenonympha tullia
Geranium caespitosum,Colias alexandra
Geranium caespitosum,Colias eurytheme
Geranium caespitosum,Epargyreus clarus
Geranium caespitosum,Erynnis horatius
Geranium caespitosum,Erynnis martialis
Geranium caespitosum,Erynnis pacuvius
Geranium caespitosum,Euphyes vestris
Geranium caespitosum,Euptoieta claudia
Geranium caespitosum,Eurema mexicana
Geranium caespitosum,Glaucopsyche piasus
Geranium caespitosum,Harkenclenus titus
Geranium caespitosum,Hesperia comma
Geranium caespitosum,Hesperia leonardus
Geranium caespitosum,Hesperia nevada
Geranium caespitosum,Leptotes marina
Geranium caespitosum,Lycaena xanthoides
Geranium caespitosum,Mastor aenus
Geranium caespitosum,Mastor vialis
Geranium caespitosum,Oarisma edwardsii
Geranium caespitosum,Oarisma garita
Geranium caespitosum,Ochlodes snowi
Geranium caespitosum,Oeneis jutta
Geranium caespitosum,Pholisora catullus
Geranium caespitosum,Pieris rapae
Geranium caespitosum,Piruna pirus
Geranium caespitosum,Polites mystic
Geranium caespitosum,Polites origenes
Geranium caespitosum,Polygonia gracilis
Geranium caespitosum,Speyeria aphrodite
Geranium caespitosum,Speyeria atlantis
Geranium caespitosum,Speyeria callippe
Geranium caespitosum,Strymon melinus
Geranium caespitosum,Vanessa atalanta
Geranium carolinianum,Agapostemon sericeus
Geranium carolinianum,Augochlorella aurata
Geranium carolinianum,Hoplitis pilosifrons
Geranium carolinianum,Hylaeus affinis
Geranium carolinianum,Junonia coenia
Geranium carolinianum,Lasioglossum imitatum
Geranium carolinianum,Lasioglossum pectorale
Geranium carolinianum,Lasioglossum tegulare
Geranium carolinianum,Osmia conjuncta
Geranium carolinianum,Toxomerus marginatus
Geranium dissectum,Aglais urticae
Geranium dissectum,Andrena wilkella
Geranium dissectum,Anthidium manicatum
Geranium dissectum,Anthocharis cardamines
Geranium dissectum,Aricia agestis
Geranium dissectum,Bombus hypnorum
Geranium dissectum,Bombus lapidarius
Geranium dissectum,Carterocephalus palaemon
Geranium dissectum,Celastrina argiolus
Geranium dissectum,Chelostoma campanularum
Geranium dissectum,Chelostoma rapunculi
Geranium dissectum,Episyrphus balteatus
Geranium dissectum,Hylaeus hyalinatus
Geranium dissectum,Lycaena phlaeas
Geranium dissectum,Megachile centuncularis
Geranium dissectum,Merodon equestris
Geranium dissectum,Pararge aegeria
Geranium dissectum,Pieris napi
Geranium dissectum,Pieris rapae
Geranium dissectum,Vanessa atalanta
Geranium lucidum,Anthidium manicatum
Geranium lucidum,Anthocharis cardamines
Geranium lucidum,Aricia agestis
Geranium lucidum,Bombus lapidarius
Geranium lucidum,Carterocephalus palaemon
Geranium lucidum,Chelostoma rapunculi
Geranium lucidum,Episyrphus balteatus
Geranium lucidum,Meliscaeva cinctella
Geranium lucidum,Merodon equestris
Geranium lucidum,Pieris napi
Geranium maculatum,Andrena erigeniae
Geranium maculatum,Andrena geranii
Geranium maculatum,Andrena nasonii
Geranium maculatum,Andrena personata
Geranium maculatum,Andrena polemonii
Geranium maculatum,Anthophora ursina
Geranium maculatum,Ceratina dupla
Geranium maculatum,Coelioxys sayi
Geranium maculatum,Elkalyce comyntas
Geranium maculatum,Eucera rosae
Geranium maculatum,Helophilus latifrons
Geranium maculatum,Hoplitis pilosifrons
Geranium maculatum,Lasioglossum coriaceum
Geranium maculatum,Lasioglossum versatum
Geranium maculatum,Nomada cressonii
Geranium maculatum,Nomada denticulata
Geranium maculatum,Nomada sulphurata
Geranium maculatum,Osmia atriventris
Geranium maculatum,Osmia bucephala
Geranium maculatum,Osmia distincta
Geranium maculatum,Osmia pumila
Geranium maculatum,Osmia simillima
Geranium maculatum,Stelis lateralis
Geranium maderense,Apis mellifera
Geranium molle,Aglais urticae
Geranium molle,Andrena wilkella
Geranium molle,Anthidium manicatum
Geranium molle,Anthocharis cardamines
Geranium molle,Aricia agestis
Geranium molle,Bombus hypnorum
Geranium molle,Bombus lapidarius
Geranium molle,Carterocephalus palaemon
Geranium molle,Celastrina argiolus
Geranium molle,Chelostoma campanularum
Geranium molle,Chelostoma rapunculi
Geranium molle,Colias croceus
Geranium molle,Episyrphus balteatus
Geranium molle,Hylaeus hyalinatus
Geranium molle,Lycaena phlaeas
Geranium molle,Megachile centuncularis
Geranium molle,Merodon equestris
Geranium molle,Pararge aegeria
Geranium molle,Pieris napi
Geranium molle,Pieris rapae
Geranium molle,Polyommatus icarus
Geranium molle,Vanessa atalanta
Geranium pusillum,Anthidium manicatum
Geranium pusillum,Anthocharis cardamines
Geranium pusillum,Bombus lapidarius
Geranium pusillum,Carterocephalus palaemon
Geranium pusillum,Chelostoma rapunculi
Geranium pusillum,Episyrphus balteatus
Geranium pusillum,Merodon equestris
Geranium pusillum,Pieris napi
Geranium richardsonii,Anthophora urbana
Geranium richardsonii,Bombus californicus
Geranium richardsonii,Bombus vosnesenskii
Geranium richardsonii,Ectemnius dives
Geranium richardsonii,Erebia epipsodea
Geranium richardsonii,Erynnis martialis
Geranium richardsonii,Gnathacmaeops pratensis
Geranium richardsonii,Halictus parallelus
Geranium richardsonii,Leptotes marina
Geranium richardsonii,Nathalis iole
Geranium richardsonii,Phyciodes tharos
Geranium richardsonii,Platycheirus obscurus
Geranium richardsonii,Plebejus saepiolus
Geranium richardsonii,Speyeria mormonia
Geranium robertianum,Aglais io
Geranium robertianum,Aglais urticae
Geranium robertianum,Andrena caerulea
Geranium robertianum,Andrena wilkella
Geranium robertianum,Anthocharis cardamines
Geranium robertianum,Aricia agestis
Geranium robertianum,Bombus
Geranium robertianum,Bombus hypnorum
Geranium robertianum,Bombus lapidarius
Geranium robertianum,Bombylius major
Geranium robertianum,Brassicogethes aeneus
Geranium robertianum,Celastrina argiolus
Geranium robertianum,Chelostoma campanularum
Geranium robertianum,Chelostoma rapunculi
Geranium robertianum,Colias croceus
Geranium robertianum,Episyrphus balteatus
Geranium robertianum,Eristalis tenax
Geranium robertianum,Hylaeus hyalinatus
Geranium robertianum,Lasioglossum leucozonium
Geranium robertianum,Lycaena phlaeas
Geranium robertianum,Macroglossum stellatarum
Geranium robertianum,Megachile centuncularis
Geranium robertianum,Merodon equestris
Geranium robertianum,Osmia atrocyanea
Geranium robertianum,Paragus haemorrhous
Geranium robertianum,Pararge aegeria
Geranium robertianum,Pieris napi
Geranium robertianum,Polyommatus icarus
Geranium robertianum,Rhagonycha fulva
Geranium robertianum,Siphona pauciseta
Geranium robertianum,Syritta pipiens
Geranium robertianum,Syrphus ribesii
Geranium robertianum,Vanessa atalanta
Geranium rotundifolium,Anthidium manicatum
Geranium rotundifolium,Anthocharis cardamines
Geranium rotundifolium,Apis mellifera
Geranium rotundifolium,Aricia agestis
Geranium rotundifolium,Bombus lapidarius
Geranium rotundifolium,Carterocephalus palaemon
Geranium rotundifolium,Chelostoma rapunculi
Geranium rotundifolium,Episyrphus balteatus
Geranium rotundifolium,Merodon equestris
Geranium rotundifolium,Pieris napi
Geranium sanguineum,Aglais urticae
Geranium sanguineum,Andrena wilkella
Geranium sanguineum,Anthidium manicatum
Geranium sanguineum,Anthocharis cardamines
Geranium sanguineum,Bombus
Geranium sanguineum,Bombus hypnorum
Geranium sanguineum,Bombus lapidarius
Geranium sanguineum,Celastrina argiolus
Geranium sanguineum,Chelostoma campanularum
Geranium sanguineum,Chelostoma rapunculi
Geranium sanguineum,Delia radicum
Geranium sanguineum,Episyrphus balteatus
Geranium sanguineum,Hylaeus hyalinatus
Geranium sanguineum,Lycaena phlaeas
Geranium sanguineum,Megachile centuncularis
Geranium sanguineum,Pararge aegeria
Geranium sanguineum,Vanessa atalanta
Geranium viscosissimum,Andrena miranda
Geranium viscosissimum,Anthidium manicatum
Geranium viscosissimum,Bombus perplexus
Geranium viscosissimum,Ceratina nanula
Geranium viscosissimum,Eupeodes volucris
Geranium viscosissimum,Halictus confusus
Geranium viscosissimum,Megachile gemula
Geranium viscosissimum,Ochlodes sylvanoides
Geranium viscosissimum,Osmia juxta
Geranium viscosissimum,Osmia subaustralis
Geum canadense,Calliopsis andreniformis
Geum canadense,Cerceris compacta
Geum canadense,Cylindromyia interrupta
Geum canadense,Euderces picipes
Geum canadense,Eumenes fraternus
Geum canadense,Hedychrum violaceum
Geum canadense,Holcopasites illinoiensis
Geum canadense,Lasioglossum imitatum
Geum canadense,Lasioglossum pruinosum
Geum canadense,Lasioglossum tegulare
Geum canadense,Lasioglossum versatum
Geum canadense,Lestica confluenta
Geum canadense,Mordella marginata
Geum canadense,Toxomerus marginatus
Geum rivale,Apis mellifera
Geum rivale,Bombus
Geum rivale,Bombus hypnorum
Geum triflorum,Bombus flavifrons
Geum triflorum,Bombus huntii
Geum urbanum,Apis mellifera
Geum urbanum,Bombus
Geum urbanum,Bombus hypnorum
Geum urbanum,Bombus lapidarius
Geum urbanum,Brassicogethes aeneus
Geum urbanum,Delia radicum
Geum urbanum,Episyrphus balteatus
Geum urbanum,Hylaeus annulatus
Geum urbanum,Hylaeus hyalinatus
Geum urbanum,Hylaeus leptocephalus
Geum urbanum,Hylaeus pictipes
Geum urbanum,Hylaeus punctatus
Geum urbanum,Lycaena phlaeas
Geum urbanum,Pieris napi
Geum urbanum,Pieris rapae
Geum urbanum,Scaptomyza pallida
Geum vernum,Andrena personata
Geum vernum,Augochlorella aurata
Geum vernum,Ceratina calcarata
Geum vernum,Hylaeus affinis
Geum vernum,Hylaeus modestus
Geum vernum,Lasioglossum foxii
Geum vernum,Lasioglossum imitatum
Geum vernum,Lasioglossum pectorale
Geum vernum,Lasioglossum tegulare
Geum vernum,Lasioglossum versatum
Geum vernum,Toxomerus marginatus
Gilia capitata,Burnsius communis
Gilia capitata,Eristalis arbustorum
Gilia capitata,Hylephila phyleus
Gilia capitata,Icaricia icarioides
Glandularia bipinnatifida,Eurema mexicana
Glandularia canadensis,Amphion floridensis
Glandularia canadensis,Archilochus colubris
Glandularia canadensis,Battus philenor
Glandularia canadensis,Hemaris diffinis
Glandularia canadensis,Hemaris thysbe
Glandularia canadensis,Lerema accius
Glandularia canadensis,Lon zabulon
Glandularia canadensis,Papilio glaucus
Glandularia canadensis,Papilio polyxenes
Glandularia canadensis,Xylocopa virginica
Glebionis coronaria,Anthrenus isabellinus
Glebionis coronaria,Episyrphus balteatus
Glebionis coronaria,Eumenes mediterraneus
Glebionis coronaria,Euphydryas aurinia
Glebionis coronaria,Hippodamia variegata
Glebionis coronaria,Hydriris ornatalis
Glebionis coronaria,Lasioglossum leucozonium
Glebionis coronaria,Lucilia silvarum
Glebionis coronaria,Lycaena phlaeas
Glebionis coronaria,Myathropa florea
Glebionis coronaria,Nephrotoma appendiculata
Glebionis coronaria,Pararge aegeria
Glebionis coronaria,Platyedra subcinerea
Glebionis coronaria,Polistes dominula
Glebionis coronaria,Rhagonycha fulva
Glebionis coronaria,Scythris limbella
Glebionis coronaria,Suillia variegata
Glebionis coronaria,Syritta flaviventris
Glebionis coronaria,Valgus hemipterus
Glebionis coronaria,Vanessa atalanta
Glechoma hederacea,Aglais io
Glechoma hederacea,Aglais urticae
Glechoma hederacea,Agrotis ipsilon
Glechoma hederacea,Amphipyra tragopoginis
Glechoma hederacea,Anagrapha falcifera
Glechoma hederacea,Anthocharis cardamines
Glechoma hederacea,Apamea sordens
Glechoma hederacea,Augochlorella aurata
Glechoma hederacea,Autographa gamma
Glechoma hederacea,Bombus hypnorum
Glechoma hederacea,Bombus lapidarius
Glechoma hederacea,Bombylius atriceps
Glechoma hederacea,Caradrina morpheus
Glechoma hederacea,Carterocephalus palaemon
Glechoma hederacea,Culex pipiens
Glechoma hederacea,Dysstroma truncata
Glechoma hederacea,Epirrhoe alternata
Glechoma hederacea,Episyrphus balteatus
Glechoma hederacea,Eristalis arbustorum
Glechoma hederacea,Hoplitis pilosifrons
Glechoma hederacea,Hydraecia micacea
Glechoma hederacea,Hydriomena furcata
Glechoma hederacea,Idaea dimidiata
Glechoma hederacea,Leucoma salicis
Glechoma hederacea,Lycaena hypophlaeas
Glechoma hederacea,Lycaena phlaeas
Glechoma hederacea,Mesapamea secalis
Glechoma hederacea,Muscina levida
Glechoma hederacea,Noctua comes
Glechoma hederacea,Noctua pronuba
Glechoma hederacea,Nomada superba
Glechoma hederacea,Oligia strigilis
Glechoma hederacea,Osmia caerulescens
Glechoma hederacea,Osmia pumila
Glechoma hederacea,Phragmatobia fuliginosa
Glechoma hederacea,Pieris napi
Glechoma hederacea,Polites coras
Glechoma hederacea,Tyria jacobaeae
Glechoma hederacea,Xestia c-nigrum
Glechoma hederacea,Xestia xanthographa
Glechoma hederacea,Xylota segnis
Gleditsia triacanthos,Agapostemon sericeus
Gleditsia triacanthos,Andrena dunningi
Gleditsia triacanthos,Andrena imitatrix
Gleditsia triacanthos,Andrena personata
Gleditsia triacanthos,Apis mellifera
Gleditsia triacanthos,Eristalis dimidiata
Gleditsia triacanthos,Lasioglossum illinoense
Gleditsia triacanthos,Lasioglossum imitatum
Gleditsia triacanthos,Myolepta varipes
Goodyera oblongifolia,Bombus mixtus
Goodyera oblongifolia,Bombus occidentalis
Goodyera oblongifolia,Bombus vagans
Goodyera oblongifolia,Bombus vosnesenskii
Goodyera repens,Bombus
Goodyera repens,Bombus perplexus
Gossypium hirsutum,Dioprosopa clavatus
Gratiola virginiana,Lasioglossum versatum
Grindelia squarrosa,Dianthidium pudicum
Grindelia squarrosa,Epicauta sericans
Grindelia squarrosa,Eristalis tenax
Grindelia squarrosa,Sphex ichneumoneus
Grindelia squarrosa,Toxomerus marginatus
Gutierrezia sarothrae,Cercyonis oetus
Gutierrezia sarothrae,Colias eurytheme
Gutierrezia sarothrae,Colias philodice
Gutierrezia sarothrae,Echinargus isola
Gutierrezia sarothrae,Eresia aveyrona
Gutierrezia sarothrae,Eristalis tenax
Gutierrezia sarothrae,Euptoieta claudia
Gutierrezia sarothrae,Hesperia comma
Gutierrezia sarothrae,Hesperia leonardus
Gutierrezia sarothrae,Nathalis iole
Gutierrezia sarothrae,Parnassius smintheus
Gutierrezia sarothrae,Pyrgus communis
Gutierrezia sarothrae,Vanessa atalanta
Hedeoma pulegioides,Augochlorella aurata
Hedeoma pulegioides,Calliopsis andreniformis
Hedeoma pulegioides,Ceratina dupla
Hedeoma pulegioides,Halictus ligatus
Hedeoma pulegioides,Lasioglossum tegulare
Hedeoma pulegioides,Lasioglossum versatum
Hedeoma pulegioides,Toxomerus marginatus
Hedera helix,Aedes albopictus
Hedera helix,Aglais io
Hedera helix,Aglais urticae
Hedera helix,Agrochola lunosa
Hedera helix,Agrotis ipsilon
Hedera helix,Amphipyra tragopoginis
Hedera helix,Ancistrocerus gazella
Hedera helix,Apamea sordens
Hedera helix,Apis mellifera
Hedera helix,Aricia agestis
Hedera helix,Athalia rosae
Hedera helix,Autographa gamma
Hedera helix,Bombus hypnorum
Hedera helix,Bombus lapidarius
Hedera helix,Calliphora vicina
Hedera helix,Caradrina morpheus
Hedera helix,Celastrina argiolus
Hedera helix,Chrysotoxum arcuatum
Hedera helix,Coccinella septempunctata
Hedera helix,Copestylum mexicanum
Hedera helix,Danaus plexippus
Hedera helix,Dolichovespula maculata
Hedera helix,Dysstroma truncata
Hedera helix,Emmelina monodactyla
Hedera helix,Epirrhoe alternata
Hedera helix,Epistrophe grossulariae
Hedera helix,Episyrphus balteatus
Hedera helix,Eristalinus aeneus
Hedera helix,Eristalinus taeniops
Hedera helix,Eristalis arbustorum
Hedera helix,Eristalis dimidiata
Hedera helix,Eristalis nemorum
Hedera helix,Eristalis tenax
Hedera helix,Eumenes mediterraneus
Hedera helix,Eumerus funeralis
Hedera helix,Eupeodes americanus
Hedera helix,Eupeodes latifasciatus
Hedera helix,Graphomya maculata
Hedera helix,Halictus rubicundus
Hedera helix,Harmonia axyridis
Hedera helix,Helophilus hybridus
Hedera helix,Hydraecia micacea
Hedera helix,Hydriomena furcata
Hedera helix,Hylaeus punctatus
Hedera helix,Idaea dimidiata
Hedera helix,Isodontia mexicana
Hedera helix,Lamprolonchaea smaragdi
Hedera helix,Lasioglossum fuscipenne
Hedera helix,Leptinotarsa decemlineata
Hedera helix,Leucoma salicis
Hedera helix,Limenitis bredowii
Hedera helix,Limenitis reducta
Hedera helix,Lucilia sericata
Hedera helix,Lycaena phlaeas
Hedera helix,Meligramma triangulifera
Hedera helix,Meliscaeva cinctella
Hedera helix,Mesapamea secalis
Hedera helix,Myathropa florea
Hedera helix,Noctua comes
Hedera helix,Noctua pronuba
Hedera helix,Oligia strigilis
Hedera helix,Palpada alhambra
Hedera helix,Pararge aegeria
Hedera helix,Peridroma saucia
Hedera helix,Phragmatobia fuliginosa
Hedera helix,Pieris napi
Hedera helix,Pieris rapae
Hedera helix,Polistes dominula
Hedera helix,Polygonia c-album
Hedera helix,Polyommatus icarus
Hedera helix,Pyrophaena granditarsa
Hedera helix,Spoladea recurvalis
Hedera helix,Stomoxys calcitrans
Hedera helix,Syritta pipiens
Hedera helix,Syrphus ribesii
Hedera helix,Syrphus torvus
Hedera helix,Syrphus vitripennis
Hedera helix,Toxomerus geminatus
Hedera helix,Tyria jacobaeae
Hedera helix,Uresiphita reversalis
Hedera helix,Vanessa atalanta
Hedera helix,Vanessa cardui
Hedera helix,Vanessa virginiensis
Hedera helix,Vespa crabro
Hedera helix,Vespa velutina
Hedera helix,Vespula alascensis
Hedera helix,Vespula flavopilosa
Hedera helix,Vespula germanica
Hedera helix,Vespula maculifrons
Hedera helix,Vespula pensylvanica
Hedera helix,Vespula squamosa
Hedera helix,Xestia c-nigrum
Hedera helix,Xestia xanthographa
Hedera helix,Xylota segnis
Hedysarum boreale,Bombus ternarius
Hedysarum boreale,Papilio canadensis
Helenium amarum,Chauliognathus scutellaris
Helenium amarum,Trachusa cordaticeps
Helenium autumnale,Ammophila nigricans
Helenium autumnale,Ammophila procera
Helenium autumnale,Bicyrtes ventralis
Helenium autumnale,Bombus affinis
Helenium autumnale,Epicauta pensylvanica
Helenium autumnale,Lapposyrphus lapponicus
Helenium autumnale,Megachile mendica
Helenium autumnale,Melissodes agilis
Helenium autumnale,Melissodes boltoniae
Helenium autumnale,Melissodes trinodis
Helenium autumnale,Poecilanthrax alcyon
Helenium autumnale,Polistes fuscatus
Helenium autumnale,Polites sabuleti
Helenium autumnale,Vespula germanica
Helianthus annuus,Anartia jatrophae
Helianthus annuus,Andrena accepta
Helianthus annuus,Arge ochropus
Helianthus annuus,Augochlorella aurata
Helianthus annuus,Autographa californica
Helianthus annuus,Autographa gamma
Helianthus annuus,Bombus hypnorum
Helianthus annuus,Bombus lapidarius
Helianthus annuus,Bombus vancouverensis
Helianthus annuus,Brassicogethes aeneus
Helianthus annuus,Celastrina argiolus
Helianthus annuus,Ceratina dupla
Helianthus annuus,Chlosyne gorgone
Helianthus annuus,Colias philodice
Helianthus annuus,Diabrotica longicornis
Helianthus annuus,Dione juno
Helianthus annuus,Episyrphus balteatus
Helianthus annuus,Eristalinus aeneus
Helianthus annuus,Eristalis brousii
Helianthus annuus,Eueides isabella
Helianthus annuus,Hesperia comma
Helianthus annuus,Hesperia leonardus
Helianthus annuus,Hyles euphorbiae
Helianthus annuus,Hypolimnas misippus
Helianthus annuus,Lasioglossum imitatum
Helianthus annuus,Lasioglossum leucozonium
Helianthus annuus,Lasioglossum versatum
Helianthus annuus,Lucilia cuprina
Helianthus annuus,Lycaena phlaeas
Helianthus annuus,Macroglossum stellatarum
Helianthus annuus,Megachile centuncularis
Helianthus annuus,Megachile rotundata
Helianthus annuus,Megachile sculpturalis
Helianthus annuus,Melissodes boltoniae
Helianthus annuus,Melissodes dentiventris
Helianthus annuus,Musca autumnalis
Helianthus annuus,Neomyia cornicina
Helianthus annuus,Ochlodes sylvanoides
Helianthus annuus,Ornidia obesa
Helianthus annuus,Oulema melanopus
Helianthus annuus,Papilio multicaudata
Helianthus annuus,Pararge aegeria
Helianthus annuus,Phyciodes tharos
Helianthus annuus,Pieris napi
Helianthus annuus,Polygonia c-album
Helianthus annuus,Polyommatus icarus
Helianthus annuus,Rhagonycha fulva
Helianthus annuus,Speyeria cybele
Helianthus annuus,Speyeria nokomis
Helianthus annuus,Syritta pipiens
Helianthus annuus,Syrphus opinator
Helianthus annuus,Syrphus ribesii
Helianthus annuus,Thymelicus lineola
Helianthus annuus,Vespula atropilosa
Helianthus annuus,Vespula germanica
Helianthus annuus,Villa alternata
Helianthus annuus,Xylota segnis
Helianthus divaricatus,Ammophila nigricans
Helianthus divaricatus,Ancyloxypha numitor
Helianthus divaricatus,Andrena accepta
Helianthus divaricatus,Augochlorella aurata
Helianthus divaricatus,Boloria selene
Helianthus divaricatus,Ceratina dupla
Helianthus divaricatus,Chlosyne nycteis
Helianthus divaricatus,Coelioxys sayi
Helianthus divaricatus,Colias eurytheme
Helianthus divaricatus,Colias philodice
Helianthus divaricatus,Colletes americanus
Helianthus divaricatus,Dufourea marginata
Helianthus divaricatus,Epeolus autumnalis
Helianthus divaricatus,Epeolus bifasciatus
Helianthus divaricatus,Epeolus pusillus
Helianthus divaricatus,Eusiphona mira
Helianthus divaricatus,Exoprosopa decora
Helianthus divaricatus,Glenostictia pictifrons
Helianthus divaricatus,Heriades leavitti
Helianthus divaricatus,Lasioglossum illinoense
Helianthus divaricatus,Lasioglossum versatum
Helianthus divaricatus,Megachile brevis
Helianthus divaricatus,Megachile inimica
Helianthus divaricatus,Megachile mendica
Helianthus divaricatus,Megachile petulans
Helianthus divaricatus,Megachile pugnata
Helianthus divaricatus,Melissodes agilis
Helianthus divaricatus,Melissodes boltoniae
Helianthus divaricatus,Melissodes dentiventris
Helianthus divaricatus,Melissodes druriellus
Helianthus divaricatus,Melissodes niveus
Helianthus divaricatus,Melissodes trinodis
Helianthus divaricatus,Poecilanthrax alcyon
Helianthus divaricatus,Pseudopanurgus albitarsis
Helianthus divaricatus,Pseudopanurgus labrosus
Helianthus divaricatus,Pseudopanurgus rudbeckiae
Helianthus divaricatus,Svastra obliqua
Helianthus divaricatus,Systoechus vulgaris
Helianthus divaricatus,Triepeolus concavus
Helianthus divaricatus,Triepeolus cressonii
Helianthus divaricatus,Triepeolus donatus
Helianthus divaricatus,Triepeolus lunatus
Helianthus divaricatus,Triepeolus remigatus
Helianthus divaricatus,Triepeolus simplex
Helianthus divaricatus,Villa alternata
Helianthus divaricatus,Zodion fulvifrons
Helianthus gracilentus,Acmaeodera hepburnii
Helianthus grosseserratus,Agapostemon sericeus
Helianthus grosseserratus,Agapostemon texanus
Helianthus grosseserratus,Anagrapha falcifera
Helianthus grosseserratus,Andrena accepta
Helianthus grosseserratus,Anthophora walshii
Helianthus grosseserratus,Bembix americana
Helianthus grosseserratus,Bembix nubilipennis
Helianthus grosseserratus,Bombus auricomus
Helianthus grosseserratus,Bombus vagans
Helianthus grosseserratus,Coelioxys rufitarsis
Helianthus grosseserratus,Diabrotica longicornis
Helianthus grosseserratus,Dufourea marginata
Helianthus grosseserratus,Eristalis stipator
Helianthus grosseserratus,Eristalis tenax
Helianthus grosseserratus,Eristalis transversa
Helianthus grosseserratus,Eupeodes americanus
Helianthus grosseserratus,Euptoieta claudia
Helianthus grosseserratus,Exoprosopa decora
Helianthus grosseserratus,Halictus ligatus
Helianthus grosseserratus,Helophilus latifrons
Helianthus grosseserratus,Lasioglossum versatum
Helianthus grosseserratus,Megachile brevis
Helianthus grosseserratus,Megachile inimica
Helianthus grosseserratus,Megachile latimanus
Helianthus grosseserratus,Megachile texana
Helianthus grosseserratus,Melissodes agilis
Helianthus grosseserratus,Melissodes bimaculatus
Helianthus grosseserratus,Melissodes boltoniae
Helianthus grosseserratus,Melissodes dentiventris
Helianthus grosseserratus,Melissodes druriellus
Helianthus grosseserratus,Melissodes niveus
Helianthus grosseserratus,Melissodes trinodis
Helianthus grosseserratus,Nomada vincta
Helianthus grosseserratus,Prionyx atratus
Helianthus grosseserratus,Speyeria cybele
Helianthus grosseserratus,Speyeria idalia
Helianthus grosseserratus,Svastra obliqua
Helianthus grosseserratus,Syrphus ribesii
Helianthus grosseserratus,Systoechus vulgaris
Helianthus grosseserratus,Triepeolus concavus
Helianthus grosseserratus,Triepeolus cressonii
Helianthus grosseserratus,Triepeolus donatus
Helianthus grosseserratus,Triepeolus helianthi
Helianthus grosseserratus,Vanessa virginiensis
Helianthus grosseserratus,Zerene cesonia
Helianthus mollis,Exoprosopa decora
Helianthus mollis,Halictus ligatus
Helianthus mollis,Lasioglossum versatum
Helianthus mollis,Megachile brevis
Helianthus mollis,Megachile latimanus
Helianthus mollis,Megachile petulans
Helianthus mollis,Melissodes agilis
Helianthus mollis,Melissodes trinodis
Helianthus mollis,Poecilanthrax alcyon
Helianthus mollis,Pseudopanurgus albitarsis
Helianthus mollis,Systoechus vulgaris
Helianthus mollis,Triepeolus concavus
Helianthus mollis,Triepeolus cressonii
Helianthus mollis,Tropidia mamillata
Helianthus pauciflorus,Ancistrocerus gazella
Helianthus pauciflorus,Anthidium manicatum
Helianthus pauciflorus,Anthidium oblongatum
Helianthus pauciflorus,Boloria titania
Helianthus pauciflorus,Eristalis arbustorum
Helianthus pauciflorus,Eristalis tenax
Helianthus pauciflorus,Halictus confusus
Helianthus pauciflorus,Harmonia axyridis
Helianthus pauciflorus,Heriades truncorum
Helianthus pauciflorus,Hylaeus annulatus
Helianthus pauciflorus,Hylaeus hyalinatus
Helianthus pauciflorus,Hylaeus leptocephalus
Helianthus pauciflorus,Hylaeus pictipes
Helianthus pauciflorus,Hylaeus punctatus
Helianthus pauciflorus,Lapposyrphus lapponicus
Helianthus pauciflorus,Lasius emarginatus
Helianthus pauciflorus,Lithurgus chrysurus
Helianthus pauciflorus,Megachile centuncularis
Helianthus pauciflorus,Polistes dominula
Helianthus pauciflorus,Syritta pipiens
Helianthus pauciflorus,Vanessa atalanta
Helianthus petiolaris,Chlosyne gorgone
Helianthus petiolaris,Colias eurytheme
Helianthus petiolaris,Colias philodice
Helianthus petiolaris,Echinargus isola
Helianthus petiolaris,Hesperia comma
Helianthus petiolaris,Hesperia leonardus
Helianthus petiolaris,Icaricia icarioides
Helianthus petiolaris,Limenitis weidemeyerii
Helianthus petiolaris,Lycaena rubidus
Helianthus petiolaris,Pyrgus communis
Helianthus petiolaris,Speyeria callippe
Helianthus tuberosus,Ancyloxypha numitor
Helianthus tuberosus,Andrena accepta
Helianthus tuberosus,Andrena aliciae
Helianthus tuberosus,Bombus auricomus
Helianthus tuberosus,Cerceris kennicottii
Helianthus tuberosus,Colias eurytheme
Helianthus tuberosus,Colias philodice
Helianthus tuberosus,Colletes compactus
Helianthus tuberosus,Diabrotica longicornis
Helianthus tuberosus,Dufourea marginata
Helianthus tuberosus,Ectemnius dilectus
Helianthus tuberosus,Epeolus autumnalis
Helianthus tuberosus,Epicauta pensylvanica
Helianthus tuberosus,Episyrphus balteatus
Helianthus tuberosus,Eristalis tenax
Helianthus tuberosus,Euptoieta claudia
Helianthus tuberosus,Exoprosopa decora
Helianthus tuberosus,Exoprosopa fascipennis
Helianthus tuberosus,Halictus ligatus
Helianthus tuberosus,Lasioglossum imitatum
Helianthus tuberosus,Lasioglossum pectorale
Helianthus tuberosus,Lycaena hyllus
Helianthus tuberosus,Megachile brevis
Helianthus tuberosus,Megachile inimica
Helianthus tuberosus,Megachile latimanus
Helianthus tuberosus,Melissodes agilis
Helianthus tuberosus,Melissodes druriellus
Helianthus tuberosus,Melissodes trinodis
Helianthus tuberosus,Neotephritis finalis
Helianthus tuberosus,Nomada vincta
Helianthus tuberosus,Papilio polyxenes
Helianthus tuberosus,Pholisora catullus
Helianthus tuberosus,Poecilanthrax alcyon
Helianthus tuberosus,Pontia protodice
Helianthus tuberosus,Pseudopanurgus labrosus
Helianthus tuberosus,Scolia bicincta
Helianthus tuberosus,Svastra obliqua
Helianthus tuberosus,Systoechus vulgaris
Helianthus tuberosus,Triepeolus concavus
Helianthus tuberosus,Triepeolus lunatus
Helianthus tuberosus,Vanessa atalanta
Helianthus tuberosus,Vanessa virginiensis
Heliopsis helianthoides,Ammophila nigricans
Heliopsis helianthoides,Ancyloxypha numitor
Heliopsis helianthoides,Archytas apicifer
Heliopsis helianthoides,Atrytone arogos
Heliopsis helianthoides,Ceratina dupla
Heliopsis helianthoides,Chauliognathus marginatus
Heliopsis helianthoides,Eusiphona mira
Heliopsis helianthoides,Exoprosopa fasciata
Heliopsis helianthoides,Exoprosopa fascipennis
Heliopsis helianthoides,Lasioglossum imitatum
Heliopsis helianthoides,Lasioglossum obscurum
Heliopsis helianthoides,Lasioglossum pruinosum
Heliopsis helianthoides,Lycaena hyllus
Heliopsis helianthoides,Megachile brevis
Heliopsis helianthoides,Melissodes druriellus
Heliopsis helianthoides,Melissodes vernoniae
Heliopsis helianthoides,Nathalis iole
Heliopsis helianthoides,Poecilanthrax alcyon
Heliopsis helianthoides,Pontia protodice
Heliopsis helianthoides,Scolia bicincta
Heliopsis helianthoides,Stylogaster biannulata
Heliopsis helianthoides,Svastra obliqua
Heliopsis helianthoides,Systoechus vulgaris
Heliopsis helianthoides,Triepeolus concavus
Heliopsis helianthoides,Triepeolus cressonii
Heliotropium curassavicum,Euptoieta hegesia
Heliotropium curassavicum,Oarisma aurantiaca
Helleborus orientalis,Eristalis tenax
Helleborus orientalis,Macroglossum stellatarum
Helminthotheca echioides,Aglais io
Helminthotheca echioides,Ancyloxypha arene
Helminthotheca echioides,Anthidium manicatum
Helminthotheca echioides,Battus philenor
Helminthotheca echioides,Bombus
Helminthotheca echioides,Bombus lapidarius
Helminthotheca echioides,Brassicogethes aeneus
Helminthotheca echioides,Chlosyne janais
Helminthotheca echioides,Coelioxys
Helminthotheca echioides,Danaus eresimus
Helminthotheca echioides,Episyrphus balteatus
Helminthotheca echioides,Eupeodes latifasciatus
Helminthotheca echioides,Eurema mexicana
Helminthotheca echioides,Lasioglossum leucozonium
Helminthotheca echioides,Myathropa florea
Helminthotheca echioides,Papilio multicaudata
Helminthotheca echioides,Phocides lilea
Helminthotheca echioides,Pieris napi
Helminthotheca echioides,Syritta pipiens
Helminthotheca echioides,Syrphus ribesii
Helminthotheca echioides,Syrphus torvus
Helminthotheca echioides,Syrphus vitripennis
Helminthotheca echioides,Thymelicus lineola
Hemerocallis fulva,Brassicogethes aeneus
Hemerocallis fulva,Episyrphus balteatus
Hemerocallis fulva,Papilio multicaudata
Herissantia crispa,Apis mellifera
Herissantia crispa,Eurema daira
Hesperis matronalis,Aglais io
Hesperis matronalis,Aglais urticae
Hesperis matronalis,Anthocharis cardamines
Hesperis matronalis,Bombus hypnorum
Hesperis matronalis,Brassicogethes aeneus
Hesperis matronalis,Celastrina argiolus
Hesperis matronalis,Hylaeus annulatus
Hesperis matronalis,Hylaeus hyalinatus
Hesperis matronalis,Hylaeus leptocephalus
Hesperis matronalis,Hylaeus pictipes
Hesperis matronalis,Hylaeus punctatus
Hesperis matronalis,Papilio multicaudata
Hesperis matronalis,Pararge aegeria
Hesperis matronalis,Pieris napi
Hesperis matronalis,Polites coras
Hesperis matronalis,Polygonia c-album
Hesperis matronalis,Pontia protodice
Hesperis matronalis,Speyeria edwardsii
Hesperis matronalis,Strymon melinus
Heteromeles arbutifolia,Palpada alhambra
Heterotheca canescens,Atalopedes campestris
Heterotheca canescens,Chlosyne gorgone
Heterotheca canescens,Colias eurytheme
Heterotheca canescens,Colias philodice
Heterotheca canescens,Echinargus isola
Heterotheca canescens,Euptoieta claudia
Heterotheca canescens,Hesperia comma
Heterotheca canescens,Hesperia ottoe
Heterotheca canescens,Lerodea eufala
Heterotheca canescens,Nathalis iole
Heterotheca canescens,Phyciodes tharos
Heterotheca canescens,Pieris rapae
Heterotheca canescens,Plebejus lupini
Heterotheca canescens,Polites sabuleti
Heterotheca canescens,Pontia protodice
Heterotheca canescens,Pyrgus communis
Heterotheca canescens,Strymon melinus
Heterotheca subaxillaris,Augochlorella aurata
Heterotheca subaxillaris,Augochloropsis metallica
Heterotheca subaxillaris,Augochloropsis sumptuosa
Heterotheca subaxillaris,Colletes mandibularis
Heterotheca subaxillaris,Lasioglossum nymphale
Heterotheca subaxillaris,Lasioglossum tegulare
Heterotheca subaxillaris,Megachile albitarsis
Heterotheca subaxillaris,Megachile inimica
Heterotheca subaxillaris,Megachile pseudobrevis
Heterotheca subaxillaris,Megachile xylocopoides
Heterotheca villosa,Aglais milberti
Heterotheca villosa,Atrytone arogos
Heterotheca villosa,Bombus centralis
Heterotheca villosa,Bombus melanopygus
Heterotheca villosa,Callophrys dumetorum
Heterotheca villosa,Cercyonis oetus
Heterotheca villosa,Cercyonis pegala
Heterotheca villosa,Chlosyne gorgone
Heterotheca villosa,Colias alexandra
Heterotheca villosa,Colias meadii
Heterotheca villosa,Colias philodice
Heterotheca villosa,Echinargus isola
Heterotheca villosa,Erynnis afranius
Heterotheca villosa,Erynnis martialis
Heterotheca villosa,Erynnis pacuvius
Heterotheca villosa,Erynnis persius
Heterotheca villosa,Euchloe ausonides
Heterotheca villosa,Euphilotes enoptes
Heterotheca villosa,Euphyes vestris
Heterotheca villosa,Euptoieta claudia
Heterotheca villosa,Harkenclenus titus
Heterotheca villosa,Hesperia comma
Heterotheca villosa,Hesperia juba
Heterotheca villosa,Hesperia pahaska
Heterotheca villosa,Hesperia uncas
Heterotheca villosa,Hesperia viridis
Heterotheca villosa,Icaricia icarioides
Heterotheca villosa,Lycaena heteronea
Heterotheca villosa,Lycaena rubidus
Heterotheca villosa,Lycaena xanthoides
Heterotheca villosa,Mastor vialis
Heterotheca villosa,Neominois ridingsii
Heterotheca villosa,Neophasia menapia
Heterotheca villosa,Oarisma garita
Heterotheca villosa,Occidryas anicia
Heterotheca villosa,Ochlodes sylvanoides
Heterotheca villosa,Papilio polyxenes
Heterotheca villosa,Papilio zelicaon
Heterotheca villosa,Parnassius smintheus
Heterotheca villosa,Pholisora catullus
Heterotheca villosa,Phyciodes pallida
Heterotheca villosa,Phyciodes picta
Heterotheca villosa,Pieris rapae
Heterotheca villosa,Piruna pirus
Heterotheca villosa,Plebejus lupini
Heterotheca villosa,Plebejus shasta
Heterotheca villosa,Poladryas minuta
Heterotheca villosa,Polites mystic
Heterotheca villosa,Polites origenes
Heterotheca villosa,Polygonia gracilis
Heterotheca villosa,Pontia protodice
Heterotheca villosa,Pyrgus communis
Heterotheca villosa,Pyrgus scriptura
Heterotheca villosa,Satyrium behrii
Heterotheca villosa,Speyeria aphrodite
Heterotheca villosa,Speyeria atlantis
Heterotheca villosa,Speyeria callippe
Heterotheca villosa,Speyeria coronis
Heterotheca villosa,Speyeria edwardsii
Heterotheca villosa,Speyeria zerene
Heterotheca villosa,Strymon saepium
Heterotheca villosa,Tharsalea arota
Heterotheca villosa,Thessalia leanira
Hibiscus laevis,Melitoma taurea
Hibiscus moscheutos,Geraeus picumnus
Hibiscus moscheutos,Odontocorynus salebrosus
Hibiscus syriacus,Archilochus alexandri
Hibiscus syriacus,Bombus bohemicus
Hibiscus syriacus,Episyrphus balteatus
Hibiscus trionum,Bombus pensylvanicus
Hibiscus trionum,Harmonia axyridis
Hibiscus trionum,Melissodes boltoniae
Hibiscus trionum,Pieris rapae
Hieracium umbellatum,Apis mellifera
Hieracium umbellatum,Bellardia vulgaris
Hieracium umbellatum,Boloria chariclea
Hieracium umbellatum,Bombus
Hieracium umbellatum,Bombus bohemicus
Hieracium umbellatum,Bombus hypnorum
Hieracium umbellatum,Bombus lapidarius
Hieracium umbellatum,Bombus perplexus
Hieracium umbellatum,Brassicogethes aeneus
Hieracium umbellatum,Episyrphus balteatus
Hieracium umbellatum,Eristalis tenax
Hieracium umbellatum,Gnophaela vermiculata
Hieracium umbellatum,Halictus confusus
Hieracium umbellatum,Heriades truncorum
Hieracium umbellatum,Hylaeus annulatus
Hieracium umbellatum,Hylaeus hyalinatus
Hieracium umbellatum,Hylaeus leptocephalus
Hieracium umbellatum,Hylaeus pictipes
Hieracium umbellatum,Hylaeus punctatus
Hieracium umbellatum,Lasioglossum leucozonium
Hieracium umbellatum,Lithurgus chrysurus
Hieracium umbellatum,Meliscaeva cinctella
Hieracium umbellatum,Papilio canadensis
Hieracium umbellatum,Pieris napi
Hieracium umbellatum,Rhagonycha fulva
Hieracium umbellatum,Scathophaga stercoraria
Hieracium umbellatum,Siphona pauciseta
Hieracium umbellatum,Syritta pipiens
Hieracium umbellatum,Syrphus ribesii
Hieracium umbellatum,Syrphus torvus
Hirschfeldia incana,Bombus
Hirschfeldia incana,Bombus hypnorum
Hirschfeldia incana,Bombus lapidarius
Hirschfeldia incana,Episyrphus balteatus
Hirschfeldia incana,Eristalinus aeneus
Hirschfeldia incana,Hylaeus annulatus
Hirschfeldia incana,Hylaeus hyalinatus
Hirschfeldia incana,Hylaeus leptocephalus
Hirschfeldia incana,Hylaeus pictipes
Hirschfeldia incana,Hylaeus punctatus
Hirschfeldia incana,Lycaena phlaeas
Hirschfeldia incana,Syrphus vitripennis
Holcus lanatus,Aglais io
Holcus lanatus,Bellardia vulgaris
Holcus lanatus,Carterocephalus palaemon
Holcus lanatus,Chloromyia formosa
Holcus lanatus,Coenosia tigrina
Holcus lanatus,Delia platura
Holcus lanatus,Episyrphus balteatus
Holcus lanatus,Harmonia axyridis
Holcus lanatus,Lycaena phlaeas
Holcus lanatus,Muscina levida
Holcus lanatus,Myospila meditabunda
Holcus lanatus,Neomyia cornicina
Holcus lanatus,Pollenia pediculata
Holcus lanatus,Pollenia rudis
Holcus lanatus,Rhagonycha fulva
Holcus lanatus,Scathophaga stercoraria
Horkelia clevelandii,Anthidium edwardsii
Horkelia clevelandii,Anthidium mormonum
Horkelia clevelandii,Apis mellifera
Horkelia clevelandii,Argynnis coronis
Horkelia clevelandii,Bombus melanopygus
Horkelia clevelandii,Brachymelecta californica
Horkelia clevelandii,Cercyonis sthenele
Horkelia clevelandii,Eresia aveyrona
Horkelia clevelandii,Erynnis propertius
Horkelia clevelandii,Halictus farinosus
Horkelia clevelandii,Synanthedon polygoni
Horkelia clevelandii,Tharsalea xanthoides
Horkelia clevelandii,Thevenetimyia luctifera
Horkelia cuneata,Glaucopsyche lygdamus
Horkelia cuneata,Pyrgus ruralis
Horkelia cuneata,Strymon saepium
Hosackia crassifolia,Icaricia icarioides
Houttuynia cordata,Episyrphus balteatus
Hyacinthus orientalis,Bombus lapidarius
Hydrangea arborescens,Allograpta obliqua
Hydrangea arborescens,Augochlora pura
Hydrangea arborescens,Bombus pensylvanicus
Hydrangea arborescens,Eupeodes americanus
Hydrangea arborescens,Falsomordellistena pubescens
Hydrangea arborescens,Graphomya americana
Hydrangea arborescens,Heriades leavitti
Hydrangea arborescens,Hylaeus affinis
Hydrangea arborescens,Lasioglossum cinctipes
Hydrangea arborescens,Lasioglossum imitatum
Hydrangea arborescens,Lasioglossum pectorale
Hydrangea arborescens,Lasioglossum truncatum
Hydrangea arborescens,Lasioglossum versatum
Hydrangea arborescens,Lestica confluenta
Hydrangea arborescens,Mordellistena ornata
Hydrangea arborescens,Musca domestica
Hydrangea arborescens,Stylogaster biannulata
Hydrangea arborescens,Syritta pipiens
Hydrangea arborescens,Thecophora occidensis
Hydrophyllum appendiculatum,Agapostemon sericeus
Hydrophyllum appendiculatum,Andrena carlini
Hydrophyllum appendiculatum,Andrena cressonii
Hydrophyllum appendiculatum,Andrena geranii
Hydrophyllum appendiculatum,Andrena nasonii
Hydrophyllum appendiculatum,Augochlora pura
Hydrophyllum appendiculatum,Augochlorella aurata
Hydrophyllum appendiculatum,Bombus auricomus
Hydrophyllum appendiculatum,Bombus pensylvanicus
Hydrophyllum appendiculatum,Bombus vagans
Hydrophyllum appendiculatum,Ceratina dupla
Hydrophyllum appendiculatum,Ceratina strenua
Hydrophyllum appendiculatum,Chalcosyrphus chalybeus
Hydrophyllum appendiculatum,Chelostoma philadelphi
Hydrophyllum appendiculatum,Chlosyne nycteis
Hydrophyllum appendiculatum,Eristalis flavipes
Hydrophyllum appendiculatum,Eucera dubitata
Hydrophyllum appendiculatum,Eucera rosae
Hydrophyllum appendiculatum,Hoplitis pilosifrons
Hydrophyllum appendiculatum,Hoplitis spoliata
Hydrophyllum appendiculatum,Lasioglossum coriaceum
Hydrophyllum appendiculatum,Lasioglossum pectorale
Hydrophyllum appendiculatum,Lasioglossum versatum
Hydrophyllum appendiculatum,Megachile brevis
Hydrophyllum appendiculatum,Nomada affabilis
Hydrophyllum appendiculatum,Osmia conjuncta
Hydrophyllum appendiculatum,Osmia lignaria
Hydrophyllum appendiculatum,Osmia pumila
Hydrophyllum appendiculatum,Rhingia nasica
Hydrophyllum appendiculatum,Sphegina rufiventris
Hydrophyllum appendiculatum,Stylogaster biannulata
Hydrophyllum canadense,Bombus griseocollis
Hydrophyllum canadense,Bombus nevadensis
Hydrophyllum canadense,Bombus pensylvanicus
Hydrophyllum canadense,Bombus vagans
Hydrophyllum capitatum,Andrena miranda
Hydrophyllum capitatum,Halictus confusus
Hydrophyllum capitatum,Halictus rubicundus
Hydrophyllum capitatum,Osmia bucephala
Hydrophyllum fendleri,Vanessa atalanta
Hydrophyllum tenuipes,Icaricia icarioides
Hydrophyllum virginianum,Anthophora abrupta
Hydrophyllum virginianum,Augochlora pura
Hydrophyllum virginianum,Augochlorella aurata
Hydrophyllum virginianum,Bombylius atriceps
Hydrophyllum virginianum,Ceratina dupla
Hydrophyllum virginianum,Eucera dubitata
Hydrophyllum virginianum,Lasioglossum coriaceum
Hydrophyllum virginianum,Lasioglossum subviridatum
Hydrophyllum virginianum,Osmia pumila
Hydrophyllum virginianum,Polygonia interrogationis
Hylotelephium telephium,Bombus huntii
Hylotelephium telephium,Colias philodice
Hymenopappus filifolius,Copestylum avidum
Hymenoxys grandiflora,Boloria titania
Hymenoxys grandiflora,Colias meadii
Hymenoxys grandiflora,Erebia tyndarus
Hymenoxys grandiflora,Hesperia comma
Hymenoxys grandiflora,Occidryas anicia
Hymenoxys grandiflora,Parnassius smintheus
Hymenoxys grandiflora,Polites sabuleti
Hymenoxys grandiflora,Pyrgus centaureae
Hymenoxys hoopesii,Speyeria atlantis
Hymenoxys odorata,Gnophaela aequinoctialis
Hypericum androsaemum,Apis mellifera
Hypericum androsaemum,Bombus hypnorum
Hypericum androsaemum,Bombus lapidarius
Hypericum androsaemum,Celastrina argiolus
Hypericum androsaemum,Eristalinus aeneus
Hypericum androsaemum,Harmonia axyridis
Hypericum androsaemum,Papilio machaon
Hypericum androsaemum,Pararge aegeria
Hypericum androsaemum,Pieris napi
Hypericum androsaemum,Pieris rapae
Hypericum androsaemum,Syritta pipiens
Hypericum ascyron,Bombus pensylvanicus
Hypericum ascyron,Bombus vagans
Hypericum calycinum,Bombus hypnorum
Hypericum calycinum,Bombus lapidarius
Hypericum calycinum,Celastrina argiolus
Hypericum calycinum,Episyrphus balteatus
Hypericum calycinum,Eristalinus aeneus
Hypericum calycinum,Papilio machaon
Hypericum calycinum,Pararge aegeria
Hypericum calycinum,Pieris napi
Hypericum calycinum,Pieris rapae
Hypericum calycinum,Syritta pipiens
Hypericum cistifolium,Bombus auricomus
Hypericum cistifolium,Bombus pensylvanicus
Hypericum cumulicola,Augochloropsis sumptuosa
Hypericum cumulicola,Bombus
Hypericum cumulicola,Lasioglossum nymphale
Hypericum fasciculatum,Apis mellifera
Hypericum fasciculatum,Coelioxys sayi
Hypericum fasciculatum,Colletes nudus
Hypericum fasciculatum,Xylocopa micans
Hypericum perforatum,Adalia bipunctata
Hypericum perforatum,Agrotis ipsilon
Hypericum perforatum,Amphipyra tragopoginis
Hypericum perforatum,Andrena wilkella
Hypericum perforatum,Apamea sordens
Hypericum perforatum,Autographa gamma
Hypericum perforatum,Bombus bohemicus
Hypericum perforatum,Bombus hypnorum
Hypericum perforatum,Bombus lapidarius
Hypericum perforatum,Botanophila fugax
Hypericum perforatum,Brassicogethes aeneus
Hypericum perforatum,Calliphora vicina
Hypericum perforatum,Calliphora vomitoria
Hypericum perforatum,Caradrina morpheus
Hypericum perforatum,Celastrina argiolus
Hypericum perforatum,Didea alneti
Hypericum perforatum,Dysstroma truncata
Hypericum perforatum,Epirrhoe alternata
Hypericum perforatum,Epistrophe grossulariae
Hypericum perforatum,Episyrphus balteatus
Hypericum perforatum,Eristalinus aeneus
Hypericum perforatum,Eristalis arbustorum
Hypericum perforatum,Eristalis hirta
Hypericum perforatum,Eristalis nemorum
Hypericum perforatum,Halictus confusus
Hypericum perforatum,Hesperia comma
Hypericum perforatum,Hydraecia micacea
Hypericum perforatum,Hydriomena furcata
Hypericum perforatum,Hylaeus punctatus
Hypericum perforatum,Idaea dimidiata
Hypericum perforatum,Lapposyrphus lapponicus
Hypericum perforatum,Leucoma salicis
Hypericum perforatum,Lycaena phlaeas
Hypericum perforatum,Megachile centuncularis
Hypericum perforatum,Mesapamea secalis
Hypericum perforatum,Myathropa florea
Hypericum perforatum,Noctua comes
Hypericum perforatum,Noctua pronuba
Hypericum perforatum,Oligia strigilis
Hypericum perforatum,Pararge aegeria
Hypericum perforatum,Phragmatobia fuliginosa
Hypericum perforatum,Pieris napi
Hypericum perforatum,Rhagonycha fulva
Hypericum perforatum,Stomoxys calcitrans
Hypericum perforatum,Syrphus ribesii
Hypericum perforatum,Syrphus torvus
Hypericum perforatum,Syrphus vitripennis
Hypericum perforatum,Thymelicus lineola
Hypericum perforatum,Tyria jacobaeae
Hypericum perforatum,Vanessa cardui
Hypericum perforatum,Vespula germanica
Hypericum perforatum,Xestia c-nigrum
Hypericum perforatum,Xestia xanthographa
Hypericum perforatum,Xylota segnis
Hypericum sphaerocarpum,Augochlorella aurata
Hypericum sphaerocarpum,Bombus auricomus
Hypericum sphaerocarpum,Bombus griseocollis
Hypericum sphaerocarpum,Hemipenthes sinuosus
Hypericum sphaerocarpum,Toxomerus geminatus
Hypericum tetrapetalum,Augochlorella aurata
Hypochaeris glabra,Anthidium oblongatum
Hypochaeris glabra,Apis mellifera
Hypochaeris glabra,Bombus lapidarius
Hypochaeris glabra,Epistrophe grossulariae
Hypochaeris glabra,Episyrphus balteatus
Hypochaeris glabra,Eristalis arbustorum
Hypochaeris glabra,Eristalis tenax
Hypochaeris glabra,Heriades truncorum
Hypochaeris glabra,Hylaeus annulatus
Hypochaeris glabra,Hylaeus hyalinatus
Hypochaeris glabra,Hylaeus leptocephalus
Hypochaeris glabra,Hylaeus pictipes
Hypochaeris glabra,Hylaeus punctatus
Hypochaeris glabra,Lithurgus chrysurus
Hypochaeris glabra,Pieris rapae
Hypochaeris glabra,Polyommatus icarus
Hypochaeris radicata,Aglais urticae
Hypochaeris radicata,Andrena barbilabris
Hypochaeris radicata,Bellardia vulgaris
Hypochaeris radicata,Bombus
Hypochaeris radicata,Bombus hypnorum
Hypochaeris radicata,Bombus lapidarius
Hypochaeris radicata,Botanophila fugax
Hypochaeris radicata,Brassicogethes aeneus
Hypochaeris radicata,Calliphora vicina
Hypochaeris radicata,Calliphora vomitoria
Hypochaeris radicata,Coccinella undecimpunctata
Hypochaeris radicata,Coenosia tigrina
Hypochaeris radicata,Colias hyale
Hypochaeris radicata,Delia platura
Hypochaeris radicata,Epistrophe grossulariae
Hypochaeris radicata,Episyrphus balteatus
Hypochaeris radicata,Eristalis nemorum
Hypochaeris radicata,Eristalis rupium
Hypochaeris radicata,Lasioglossum leucozonium
Hypochaeris radicata,Lerodea eufala
Hypochaeris radicata,Lycaena phlaeas
Hypochaeris radicata,Oscinella frit
Hypochaeris radicata,Pieris napi
Hypochaeris radicata,Polyommatus icarus
Hypochaeris radicata,Syritta pipiens
Hypochaeris radicata,Syrphus vitripennis
Hypoxis hirsuta,Lasioglossum anomalum
Hypoxis hirsuta,Lasioglossum cressonii
Hypoxis hirsuta,Lasioglossum imitatum
Hypoxis hirsuta,Lasioglossum pectorale
Hypoxis hirsuta,Lasioglossum tegulare
Hypoxis hirsuta,Lasioglossum versatum
Hypoxis hirsuta,Osmia atriventris
Hypoxis hirsuta,Osmia distincta
Hypoxis juncea,Lasioglossum nymphale
Ilex aquifolium,Aglais io
Ilex aquifolium,Ancistrocerus gazella
Ilex aquifolium,Andrena barbilabris
Ilex aquifolium,Andrena wilkella
Ilex aquifolium,Bombus hypnorum
Ilex aquifolium,Celastrina argiolus
Ilex aquifolium,Episyrphus balteatus
Ilex aquifolium,Hylaeus hyalinatus
Ilex aquifolium,Pararge aegeria
Ilex aquifolium,Pieris napi
Ilex aquifolium,Polygonia c-album
Ilex aquifolium,Vanessa atalanta
Ilex cassine,Augochlora pura
Ilex cassine,Hylaeus confluens
Ilex cassine,Sphecodes heraclei
Ilex glabra,Agapostemon splendens
Ilex glabra,Anthidiellum notatum
Ilex glabra,Anthidiellum perplexum
Ilex glabra,Anthidium maculifrons
Ilex glabra,Augochlora pura
Ilex glabra,Augochloropsis metallica
Ilex glabra,Celastrina idella
Ilex glabra,Coelioxys sayi
Ilex glabra,Colletes brimleyi
Ilex glabra,Colletes mandibularis
Ilex glabra,Colletes nudus
Ilex glabra,Dianthidium floridiense
Ilex glabra,Epeolus glabratus
Ilex glabra,Epeolus pusillus
Ilex glabra,Epeolus zonatus
Ilex glabra,Lasioglossum nymphale
Ilex glabra,Lasioglossum tegulare
Ilex glabra,Megachile albitarsis
Ilex glabra,Megachile exilis
Ilex glabra,Megachile mendica
Ilex glabra,Megachile petulans
Ilex glabra,Megachile policaris
Ilex glabra,Megachile pseudobrevis
Ilex glabra,Megachile rugifrons
Ilex glabra,Megachile xylocopoides
Ilex glabra,Sphecodes brachycephalus
Ilex glabra,Sphecodes heraclei
Ilex glabra,Xylocopa micans
Ilex opaca,Andrena carlini
Ilex opaca,Andrena carolina
Ilex opaca,Andrena rufosignata
Ilex opaca,Augochlorella aurata
Ilex opaca,Bombus perplexus
Ilex opaca,Bombus vagans
Ilex opaca,Lasioglossum coeruleum
Ilex opaca,Lasioglossum cressonii
Ilex opaca,Lasioglossum quebecense
Ilex opaca,Lasioglossum versatum
Iliamna rivularis,Bombus huntii
Iliamna rivularis,Bombus perplexus
Iliamna rivularis,Bombus rufocinctus
Iliamna rivularis,Halictus rubicundus
Impatiens capensis,Augochlorella aurata
Impatiens capensis,Euphyes conspicua
Impatiens capensis,Lasioglossum versatum
Impatiens capensis,Megachile brevis
Impatiens capensis,Melissodes bimaculatus
Impatiens capensis,Zerene cesonia
Impatiens glandulifera,Aglais urticae
Impatiens glandulifera,Anthocharis cardamines
Impatiens glandulifera,Bombus
Impatiens glandulifera,Bombus hypnorum
Impatiens glandulifera,Bombus lapidarius
Impatiens glandulifera,Epistrophe grossulariae
Impatiens glandulifera,Episyrphus balteatus
Impatiens glandulifera,Eristalis tenax
Impatiens glandulifera,Eurithia anthophila
Impatiens glandulifera,Lycaena phlaeas
Impatiens glandulifera,Meliscaeva cinctella
Impatiens glandulifera,Pararge aegeria
Impatiens glandulifera,Pieris napi
Impatiens glandulifera,Pieris rapae
Impatiens glandulifera,Pollenia angustigena
Impatiens glandulifera,Rhagonycha fulva
Impatiens glandulifera,Syrphus ribesii
Impatiens glandulifera,Vanessa atalanta
Impatiens pallida,Bombus pensylvanicus
Impatiens pallida,Lasioglossum versatum
Impatiens pallida,Megachile brevis
Indigofera hirsuta,Anthidiellum notatum
Indigofera hirsuta,Anthidiellum perplexum
Indigofera hirsuta,Megachile albitarsis
Inula helenium,Aglais urticae
Inula helenium,Bombus
Inula helenium,Bombus bohemicus
Inula helenium,Heriades truncorum
Inula helenium,Hylaeus annulatus
Inula helenium,Hylaeus hyalinatus
Inula helenium,Hylaeus leptocephalus
Inula helenium,Hylaeus pictipes
Inula helenium,Hylaeus punctatus
Inula helenium,Lithurgus chrysurus
Inula helenium,Megachile centuncularis
Inula helenium,Papilio machaon
Inula helenium,Pieris rapae
Inula helenium,Polygonia c-album
Ipomoea lacunosa,Eristalis tenax
Ipomoea lacunosa,Eupeodes latifasciatus
Ipomoea pandurata,Apis mellifera
Ipomoea pandurata,Battus philenor
Ipomoea pandurata,Bombus auricomus
Ipomoea pandurata,Bombus vagans
Ipomoea pandurata,Peponapis pruinosa
Ipomoea pandurata,Svastra atripes
Ipomoea pandurata,Svastra obliqua
Ipomoea pandurata,Triepeolus remigatus
Ipomoea pandurata,Xenoglossa strenua
Ipomoea purpurea,Anteos clorinde
Ipomoea purpurea,Archilochus colubris
Ipomoea purpurea,Bombus huntii
Ipomoea purpurea,Bombus sonorus
Ipomoea purpurea,Bombus vagans
Ipomoea purpurea,Hyles lineata
Ipomoea purpurea,Macroglossum stellatarum
Ipomoea quamoclit,Cynanthus latirostris
Ipomopsis aggregata,Anthidium emarginatum
Ipomopsis aggregata,Bombus
Iris cristata,Augochlorella aurata
Iris cristata,Bombus
Iris missouriensis,Bombus
Iris missouriensis,Epargyreus clarus
Iris missouriensis,Glaucopsyche lygdamus
Iris missouriensis,Oeneis macounii
Iris missouriensis,Papilio multicaudata
Iris missouriensis,Polites sabuleti
Iris pseudacorus,Bombus lapidarius
Iris sanguinea,Papilio machaon
Iris versicolor,Bombus auricomus
Iris versicolor,Eucera rosae
Iris versicolor,Lasioglossum versatum
Iris versicolor,Polistes fuscatus
Iris versicolor,Trichiotinus affinis
Iris virginica,Euphyes bimacula
Iris virginica,Papilio palamedes
Isotria verticillata,Andrena miranda
Isotria verticillata,Andrena nasonii
Isotria verticillata,Augochlora pura
Isotria verticillata,Lasioglossum cressonii
Itea virginica,Podosesia syringae
Jacobaea vulgaris,Aglais io
Jacobaea vulgaris,Aglais urticae
Jacobaea vulgaris,Agrotis ipsilon
Jacobaea vulgaris,Amphipyra tragopoginis
Jacobaea vulgaris,Andrena wilkella
Jacobaea vulgaris,Anthocharis cardamines
Jacobaea vulgaris,Anthophila fabriciana
Jacobaea vulgaris,Apamea sordens
Jacobaea vulgaris,Apis mellifera
Jacobaea vulgaris,Araschnia levana
Jacobaea vulgaris,Aricia agestis
Jacobaea vulgaris,Autographa gamma
Jacobaea vulgaris,Bellardia vulgaris
Jacobaea vulgaris,Boloria titania
Jacobaea vulgaris,Bombus ashtoni
Jacobaea vulgaris,Bombus bohemicus
Jacobaea vulgaris,Bombus hypnorum
Jacobaea vulgaris,Bombus lapidarius
Jacobaea vulgaris,Botanophila fugax
Jacobaea vulgaris,Brassicogethes aeneus
Jacobaea vulgaris,Buathra laborator
Jacobaea vulgaris,Calliphora vicina
Jacobaea vulgaris,Calliphora vomitoria
Jacobaea vulgaris,Caradrina morpheus
Jacobaea vulgaris,Celastrina argiolus
Jacobaea vulgaris,Chrysotoxum arcuatum
Jacobaea vulgaris,Coccinella septempunctata
Jacobaea vulgaris,Coenosia tigrina
Jacobaea vulgaris,Colias croceus
Jacobaea vulgaris,Colias hyale
Jacobaea vulgaris,Cylindromyia interrupta
Jacobaea vulgaris,Delia radicum
Jacobaea vulgaris,Didea alneti
Jacobaea vulgaris,Dysstroma truncata
Jacobaea vulgaris,Epirrhoe alternata
Jacobaea vulgaris,Epistrophe grossulariae
Jacobaea vulgaris,Episyrphus balteatus
Jacobaea vulgaris,Eristalinus aeneus
Jacobaea vulgaris,Eristalis arbustorum
Jacobaea vulgaris,Eristalis nemorum
Jacobaea vulgaris,Eristalis rupium
Jacobaea vulgaris,Eristalis tenax
Jacobaea vulgaris,Eupeodes latifasciatus
Jacobaea vulgaris,Graphomya maculata
Jacobaea vulgaris,Halictus confusus
Jacobaea vulgaris,Helophilus hybridus
Jacobaea vulgaris,Heriades truncorum
Jacobaea vulgaris,Hydraecia micacea
Jacobaea vulgaris,Hydriomena furcata
Jacobaea vulgaris,Hydrophoria lancifer
Jacobaea vulgaris,Hylaeus annulatus
Jacobaea vulgaris,Hylaeus hyalinatus
Jacobaea vulgaris,Hylaeus leptocephalus
Jacobaea vulgaris,Hylaeus pictipes
Jacobaea vulgaris,Hylaeus punctatus
Jacobaea vulgaris,Idaea dimidiata
Jacobaea vulgaris,Lapposyrphus lapponicus
Jacobaea vulgaris,Lasioglossum leucozonium
Jacobaea vulgaris,Lasioglossum zonulum
Jacobaea vulgaris,Leucoma salicis
Jacobaea vulgaris,Lithurgus chrysurus
Jacobaea vulgaris,Lucilia illustris
Jacobaea vulgaris,Lycaena phlaeas
Jacobaea vulgaris,Megachile centuncularis
Jacobaea vulgaris,Meliscaeva cinctella
Jacobaea vulgaris,Merodon equestris
Jacobaea vulgaris,Mesapamea secalis
Jacobaea vulgaris,Musca autumnalis
Jacobaea vulgaris,Myathropa florea
Jacobaea vulgaris,Myospila meditabunda
Jacobaea vulgaris,Myrmica rubra
Jacobaea vulgaris,Neomyia cornicina
Jacobaea vulgaris,Noctua comes
Jacobaea vulgaris,Noctua pronuba
Jacobaea vulgaris,Oligia strigilis
Jacobaea vulgaris,Oulema melanopus
Jacobaea vulgaris,Paragus haemorrhous
Jacobaea vulgaris,Pararge aegeria
Jacobaea vulgaris,Phragmatobia fuliginosa
Jacobaea vulgaris,Pieris napi
Jacobaea vulgaris,Pieris rapae
Jacobaea vulgaris,Plutella xylostella
Jacobaea vulgaris,Pollenia pediculata
Jacobaea vulgaris,Pollenia rudis
Jacobaea vulgaris,Polygonia c-album
Jacobaea vulgaris,Polyommatus icarus
Jacobaea vulgaris,Pyrophaena granditarsa
Jacobaea vulgaris,Sarcophaga subvicina
Jacobaea vulgaris,Scathophaga stercoraria
Jacobaea vulgaris,Sceliphron caementarium
Jacobaea vulgaris,Syritta pipiens
Jacobaea vulgaris,Syrphus ribesii
Jacobaea vulgaris,Syrphus torvus
Jacobaea vulgaris,Syrphus vitripennis
Jacobaea vulgaris,Thymelicus lineola
Jacobaea vulgaris,Tyta luctuosa
Jacobaea vulgaris,Vanessa atalanta
Jacobaea vulgaris,Vanessa cardui
Jacobaea vulgaris,Xestia c-nigrum
Jacobaea vulgaris,Xestia xanthographa
Jacobaea vulgaris,Xylota segnis
Jamesia americana,Aglais milberti
Jamesia americana,Asterocampa celtis
Jamesia americana,Callophrys dumetorum
Jamesia americana,Celastrina humulus
Jamesia americana,Celastrina lucia
Jamesia americana,Chlosyne gorgone
Jamesia americana,Chlosyne nycteis
Jamesia americana,Chlosyne palla
Jamesia americana,Epargyreus clarus
Jamesia americana,Erebia epipsodea
Jamesia americana,Erynnis martialis
Jamesia americana,Erynnis pacuvius
Jamesia americana,Erynnis persius
Jamesia americana,Euphyes vestris
Jamesia americana,Glaucopsyche piasus
Jamesia americana,Hesperia pahaska
Jamesia americana,Limenitis weidemeyerii
Jamesia americana,Mastor vialis
Jamesia americana,Occidryas anicia
Jamesia americana,Oeneis chryxus
Jamesia americana,Papilio eurymedon
Jamesia americana,Papilio glaucus
Jamesia americana,Papilio indra
Jamesia americana,Papilio multicaudata
Jamesia americana,Papilio zelicaon
Jamesia americana,Parnassius smintheus
Jamesia americana,Piruna pirus
Jamesia americana,Plebejus saepiolus
Jamesia americana,Polites themistocles
Jamesia americana,Polygonia gracilis
Jamesia americana,Speyeria aphrodite
Jamesia americana,Speyeria atlantis
Jamesia americana,Speyeria callippe
Jamesia americana,Speyeria coronis
Jamesia americana,Speyeria edwardsii
Jamesia americana,Thorybes pylades
Juglans californica,Habropoda depressa
Justicia americana,Agapostemon sericeus
Justicia americana,Allograpta obliqua
Justicia americana,Ammophila nigricans
Justicia americana,Ammophila procera
Justicia americana,Andrena nothoscordi
Justicia americana,Anthrenus castaneae
Justicia americana,Anthrenus museorum
Justicia americana,Ashmeadiella bucconis
Justicia americana,Augochlorella aurata
Justicia americana,Bembix americana
Justicia americana,Bombus pensylvanicus
Justicia americana,Bombylius atriceps
Justicia americana,Calliopsis andreniformis
Justicia americana,Ceratina dupla
Justicia americana,Chlosyne nycteis
Justicia americana,Coelioxys sayi
Justicia americana,Colletes nudus
Justicia americana,Epeolus bifasciatus
Justicia americana,Eristalis tenax
Justicia americana,Eucera rosae
Justicia americana,Eugnamptus angustatus
Justicia americana,Exetastes suaveolens
Justicia americana,Florilegus condignus
Justicia americana,Halictus ligatus
Justicia americana,Halictus rubicundus
Justicia americana,Hoplitis pilosifrons
Justicia americana,Hoplitis spoliata
Justicia americana,Lasioglossum imitatum
Justicia americana,Lasioglossum versatum
Justicia americana,Liris argentatus
Justicia americana,Megachile addenda
Justicia americana,Megachile brevis
Justicia americana,Megachile montivaga
Justicia americana,Megachile pugnata
Justicia americana,Megachile texana
Justicia americana,Melissodes communis
Justicia americana,Mordella melaena
Justicia americana,Nomada articulata
Justicia americana,Osmia distincta
Justicia americana,Parhelophilus divisus
Justicia americana,Parhelophilus laetus
Justicia americana,Pholisora catullus
Justicia americana,Physocephala tibialis
Justicia americana,Rhynchanthrax parvicornis
Justicia americana,Sphecodes confertus
Justicia americana,Strangalia famelica
Justicia americana,Syritta pipiens
Justicia americana,Systoechus vulgaris
Justicia americana,Thorybes daunus
Justicia americana,Toxomerus marginatus
Justicia americana,Triepeolus cressonii
Justicia americana,Triepeolus helianthi
Justicia americana,Triepeolus lunatus
Justicia americana,Tropidia quadrata
Justicia americana,Valgus canaliculatus
Justicia americana,Zodion fulvifrons
Justicia brandegeeana,Basilinna leucotis
Kallstroemia grandiflora,Agapostemon melliventris
Kallstroemia grandiflora,Agapostemon tyleri
Kallstroemia grandiflora,Andrena accepta
Kallstroemia grandiflora,Centris atripes
Kallstroemia grandiflora,Coelioxys
Kallstroemia grandiflora,Diadasia diminuta
Kallstroemia grandiflora,Diadasia ochracea
Kallstroemia grandiflora,Exomalopsis solani
Kallstroemia grandiflora,Halictus tripartitus
Kallstroemia grandiflora,Melissodes thelypodii
Kallstroemia grandiflora,Myzinum frontalis
Kallstroemia grandiflora,Xylocopa californica
Kalmia polifolia,Bombus
Kickxia elatine,Bombus
Kickxia elatine,Bombus lapidarius
Kniphofia uvaria,Anteos clorinde
Kniphofia uvaria,Eugenes fulgens
Koelreuteria paniculata,Anthidium florentinum
Krigia biflora,Ammophila pictipennis
Krigia biflora,Andrena krigiana
Krigia biflora,Apis mellifera
Krigia biflora,Augochlorella aurata
Krigia biflora,Bombus pensylvanicus
Krigia biflora,Colletes aestivalis
Krigia biflora,Epeolus interruptus
Krigia biflora,Eristalis dimidiata
Krigia biflora,Eristalis tenax
Krigia biflora,Gymnoclytia immaculata
Krigia biflora,Halictus parallelus
Krigia biflora,Halictus rubicundus
Krigia biflora,Helophilus latifrons
Krigia biflora,Hoplitis pilosifrons
Krigia biflora,Hylaeus affinis
Krigia biflora,Languria mozardi
Krigia biflora,Lasioglossum pectorale
Krigia biflora,Lasioglossum versatum
Krigia biflora,Lestica confluenta
Krigia biflora,Megachile brevis
Krigia biflora,Nomada affabilis
Krigia biflora,Nomada illinoensis
Krigia biflora,Nomada superba
Krigia biflora,Osmia georgica
Krigia biflora,Osmia pumila
Krigia biflora,Phyciodes tharos
Krigia biflora,Polites coras
Krigia biflora,Stelis lateralis
Krigia biflora,Thecophora occidensis
Krigia biflora,Tropidia mamillata
Krigia biflora,Zodion fulvifrons
Kummerowia striata,Apis mellifera
Lactuca canadensis,Cerceris deserta
Lactuca canadensis,Megachile latimanus
Lactuca floridana,Apis mellifera
Lactuca floridana,Bombus auricomus
Lactuca floridana,Colletes americanus
Lactuca floridana,Hylaeus affinis
Lactuca floridana,Lasioglossum imitatum
Lactuca floridana,Lasioglossum pectorale
Lactuca floridana,Megachile brevis
Lactuca floridana,Megachile latimanus
Lactuca floridana,Melissodes boltoniae
Lactuca floridana,Svastra obliqua
Lactuca graminifolia,Dianthidium floridiense
Lactuca graminifolia,Halictus ligatus
Lactuca saligna,Heriades truncorum
Lactuca saligna,Hylaeus annulatus
Lactuca saligna,Hylaeus hyalinatus
Lactuca saligna,Hylaeus leptocephalus
Lactuca saligna,Hylaeus pictipes
Lactuca saligna,Hylaeus punctatus
Lactuca saligna,Lithurgus chrysurus
Lactuca serriola,Episyrphus balteatus
Lactuca serriola,Eupeodes americanus
Lactuca serriola,Heriades truncorum
Lactuca serriola,Hylaeus annulatus
Lactuca serriola,Hylaeus hyalinatus
Lactuca serriola,Hylaeus pictipes
Lactuca serriola,Hylaeus punctatus
Lactuca serriola,Lithurgus chrysurus
Lactuca serriola,Paragus haemorrhous
Lactuca serriola,Syritta pipiens
Lactuca serriola,Syrphus ribesii
Lactuca serriola,Toxomerus marginatus
Lactuca virosa,Heriades truncorum
Lactuca virosa,Hylaeus annulatus
Lactuca virosa,Hylaeus hyalinatus
Lactuca virosa,Hylaeus leptocephalus
Lactuca virosa,Hylaeus pictipes
Lactuca virosa,Hylaeus punctatus
Lactuca virosa,Lithurgus chrysurus
Lagerstroemia indica,Augochloropsis metallica
Lagerstroemia indica,Lasioglossum nymphale
Lagurus ovatus,Rhagonycha fulva
Lamium amplexicaule,Bombus hypnorum
Lamium amplexicaule,Bombus lapidarius
Lamium amplexicaule,Episyrphus balteatus
Lamium galeobdolon,Aglais urticae
Lamium galeobdolon,Anthocharis cardamines
Lamium galeobdolon,Bombus hypnorum
Lamium galeobdolon,Bombus lapidarius
Lamium galeobdolon,Coccinella septempunctata
Lamium galeobdolon,Harmonia axyridis
Lamium galeobdolon,Merodon equestris
Lamium galeobdolon,Pieris rapae
Lamium galeobdolon,Syritta pipiens
Lamium galeobdolon,Syrphus ribesii
Lamium maculatum,Aglais urticae
Lamium maculatum,Anthocharis cardamines
Lamium maculatum,Apis mellifera
Lamium maculatum,Autographa californica
Lamium maculatum,Bombus bohemicus
Lamium maculatum,Bombus centralis
Lamium maculatum,Bombus huntii
Lamium maculatum,Bombus hypnorum
Lamium maculatum,Carterocephalus palaemon
Lamium maculatum,Colias croceus
Lamium maculatum,Harmonia axyridis
Lamium maculatum,Macroglossum stellatarum
Lamium maculatum,Merodon equestris
Lamium maculatum,Papilio polyxenes
Lamium maculatum,Pieris napi
Lamium maculatum,Pieris rapae
Lamium maculatum,Syritta pipiens
Lamium maculatum,Syrphus ribesii
Lamium maculatum,Thymelicus lineola
Lamium maculatum,Vespula atropilosa
Lamium purpureum,Aglais io
Lamium purpureum,Aglais urticae
Lamium purpureum,Anthidium manicatum
Lamium purpureum,Anthocharis cardamines
Lamium purpureum,Bombus centralis
Lamium purpureum,Bombus hypnorum
Lamium purpureum,Bombus lapidarius
Lamium purpureum,Bombus rufocinctus
Lamium purpureum,Colias croceus
Lamium purpureum,Colias hyale
Lamium purpureum,Episyrphus balteatus
Lamium purpureum,Harmonia axyridis
Lamium purpureum,Lycaena phlaeas
Lamium purpureum,Macroglossum stellatarum
Lamium purpureum,Merodon equestris
Lamium purpureum,Papilio machaon
Lamium purpureum,Pieris napi
Lamium purpureum,Polygonia c-album
Lamium purpureum,Polyommatus icarus
Lamium purpureum,Syritta pipiens
Lamium purpureum,Syrphus ribesii
Lantana camara,Hypolimnas misippus
Lantana involucrata,Orthorhyncus cristatus
Lantana montevidensis,Achlyodes pallida
Lantana montevidensis,Anthidium manicatum
Lantana montevidensis,Hypolimnas misippus
Lantana montevidensis,Macroglossum stellatarum
Lantana montevidensis,Papilio demoleus
Lantana montevidensis,Pieris canidia
Lantana urticoides,Catasticta nimbice
Lantana urticoides,Dione moneta
Lantana urticoides,Papilio rogeri
Lantana urticoides,Parides photinus
Lantana urticoides,Phocides lilea
Lantana urticoides,Phoebis sennae
Lantana urticoides,Zerene cesonia
Lapsana communis,Apis mellifera
Lapsana communis,Bombus
Lapsana communis,Bombus lapidarius
Lapsana communis,Botanophila fugax
Lapsana communis,Brassicogethes aeneus
Lapsana communis,Delia radicum
Lapsana communis,Episyrphus balteatus
Lapsana communis,Eristalis arbustorum
Lapsana communis,Eristalis nemorum
Lapsana communis,Eristalis tenax
Lapsana communis,Heriades truncorum
Lapsana communis,Hylaeus annulatus
Lapsana communis,Hylaeus hyalinatus
Lapsana communis,Hylaeus leptocephalus
Lapsana communis,Hylaeus pictipes
Lapsana communis,Hylaeus punctatus
Lapsana communis,Lasioglossum leucozonium
Lapsana communis,Lasioglossum zonulum
Lapsana communis,Lithurgus chrysurus
Lapsana communis,Meliscaeva cinctella
Lapsana communis,Minettia fasciata
Lapsana communis,Pieris napi
Lapsana communis,Scaptomyza pallida
Lapsana communis,Syritta pipiens
Lapsana communis,Syrphus ribesii
Lapsana communis,Syrphus vitripennis
Lapsana communis,Thymelicus lineola
Larrea tridentata,Eupsophulus castaneus
Lathyrus eucosmus,Atrytonopsis lunus
Lathyrus eucosmus,Bombus
Lathyrus eucosmus,Emesis rawsoni
Lathyrus eucosmus,Erynnis funeralis
Lathyrus eucosmus,Euphyes vestris
Lathyrus eucosmus,Hyles lineata
Lathyrus eucosmus,Lon hobomok
Lathyrus eucosmus,Mastor nysa
Lathyrus eucosmus,Mastor oslari
Lathyrus eucosmus,Mastor vialis
Lathyrus eucosmus,Piruna pirus
Lathyrus eucosmus,Pyrisitia proterpia
Lathyrus eucosmus,Thorybes pylades
Lathyrus japonicus,Bombus lapidarius
Lathyrus jepsonii,Andrena plana
Lathyrus jepsonii,Bombus caliginosus
Lathyrus jepsonii,Bombylius major
Lathyrus jepsonii,Xylocopa tabaniformis
Lathyrus latifolius,Aglais io
Lathyrus latifolius,Andrena wilkella
Lathyrus latifolius,Bombus lapidarius
Lathyrus latifolius,Celastrina argiolus
Lathyrus latifolius,Coccinella septempunctata
Lathyrus latifolius,Osmia inermis
Lathyrus latifolius,Pieris rapae
Lathyrus latifolius,Polyommatus icarus
Lathyrus latifolius,Syrphus ribesii
Lathyrus palustris,Andrena wilkella
Lathyrus palustris,Megachile ericetorum
Lathyrus palustris,Megachile sculpturalis
Lathyrus palustris,Osmia inermis
Lathyrus sphaericus,Andrena wilkella
Lathyrus sphaericus,Megachile ericetorum
Lathyrus sphaericus,Megachile sculpturalis
Lathyrus sphaericus,Osmia inermis
Lathyrus sylvestris,Andrena wilkella
Lathyrus sylvestris,Apis mellifera
Lathyrus sylvestris,Bombus lapidarius
Lathyrus sylvestris,Lasioglossum zonulum
Lathyrus sylvestris,Megachile ericetorum
Lathyrus sylvestris,Megachile sculpturalis
Lathyrus sylvestris,Osmia inermis
Lathyrus tuberosus,Andrena wilkella
Lathyrus tuberosus,Celastrina argiolus
Lathyrus tuberosus,Colias croceus
Lathyrus tuberosus,Macroglossum stellatarum
Lathyrus tuberosus,Megachile ericetorum
Lathyrus tuberosus,Megachile sculpturalis
Lathyrus tuberosus,Osmia inermis
Leonotis nepetifolia,Apis mellifera
Leontodon saxatilis,Apis mellifera
Leontodon saxatilis,Battus philenor
Leontodon saxatilis,Bombus lapidarius
Leontodon saxatilis,Colias croceus
Leontodon saxatilis,Diabrotica undecimpunctata
Leontodon saxatilis,Episyrphus balteatus
Leontodon saxatilis,Eristalis arbustorum
Leontodon saxatilis,Eristalis tenax
Leontodon saxatilis,Eupeodes latifasciatus
Leontodon saxatilis,Helophilus hybridus
Leontodon saxatilis,Merodon equestris
Leontodon saxatilis,Pyrophaena granditarsa
Leontodon saxatilis,Sphaerophoria sulphuripes
Leontodon saxatilis,Syritta pipiens
Leontodon saxatilis,Syrphus opinator
Leontodon saxatilis,Syrphus ribesii
Leontodon saxatilis,Syrphus vitripennis
Leontodon saxatilis,Toxomerus occidentalis
Leonurus cardiaca,Allograpta obliqua
Leonurus cardiaca,Bombus affinis
Leonurus cardiaca,Lasioglossum imitatum
Leonurus cardiaca,Lasioglossum versatum
Leonurus cardiaca,Megachile ericetorum
Leonurus cardiaca,Syrphus ribesii
Leonurus cardiaca,Thymelicus lineola
Leonurus cardiaca,Vespula germanica
Lepidium campestre,Hylaeus annulatus
Lepidium campestre,Hylaeus hyalinatus
Lepidium campestre,Hylaeus leptocephalus
Lepidium campestre,Hylaeus pictipes
Lepidium campestre,Hylaeus punctatus
Lepidium densiflorum,Hylaeus annulatus
Lepidium densiflorum,Hylaeus hyalinatus
Lepidium densiflorum,Hylaeus leptocephalus
Lepidium densiflorum,Hylaeus pictipes
Lepidium densiflorum,Hylaeus punctatus
Lepidium didymum,Pieris rapae
Lepidium draba,Andrena wilkella
Lepidium draba,Anthocharis cardamines
Lepidium draba,Anthrenus verbasci
Lepidium draba,Coccinella septempunctata
Lepidium draba,Pieris rapae
Lepidium draba,Rhagonycha fulva
Lepidium draba,Vanessa cardui
Lepidium latifolium,Eristalis arbustorum
Lepidium latifolium,Hylaeus annulatus
Lepidium latifolium,Hylaeus hyalinatus
Lepidium latifolium,Hylaeus leptocephalus
Lepidium latifolium,Hylaeus pictipes
Lepidium latifolium,Hylaeus punctatus
Lepidium latifolium,Paragus haemorrhous
Lepidium latifolium,Syritta pipiens
Lepidium latifolium,Vanessa cardui
Lepidium perfoliatum,Hylaeus annulatus
Lepidium perfoliatum,Hylaeus hyalinatus
Lepidium perfoliatum,Hylaeus leptocephalus
Lepidium perfoliatum,Hylaeus pictipes
Lepidium perfoliatum,Hylaeus punctatus
Leptosiphon bicolor,Bombylius major
Leptosiphon bicolor,Eupeodes latifasciatus
Leptosiphon nuttallii,Bombus occidentalis
Lespedeza bicolor,Bombus
Lespedeza capitata,Calliopsis andreniformis
Lespedeza capitata,Megachile brevis
Lespedeza capitata,Megachile mendica
Lespedeza procumbens,Augochlorella aurata
Lespedeza procumbens,Calliopsis andreniformis
Lespedeza procumbens,Elkalyce comyntas
Lespedeza procumbens,Holcopasites illinoiensis
Lespedeza procumbens,Lasioglossum versatum
Lespedeza procumbens,Megachile brevis
Lespedeza procumbens,Megachile mendica
Lespedeza procumbens,Melissodes bimaculatus
Lespedeza procumbens,Systoechus vulgaris
Lespedeza virginica,Anthophora walshii
Lespedeza virginica,Augochlorella aurata
Lespedeza virginica,Bombus pensylvanicus
Lespedeza virginica,Calliopsis andreniformis
Lespedeza virginica,Colletes americanus
Lespedeza virginica,Elkalyce comyntas
Lespedeza virginica,Halictus ligatus
Lespedeza virginica,Megachile brevis
Lespedeza virginica,Megachile latimanus
Lespedeza virginica,Megachile petulans
Lespedeza virginica,Melissodes comptoides
Lespedeza virginica,Melissodes niveus
Lespedeza virginica,Triepeolus concavus
Lespedeza virginica,Triepeolus simplex
Lessingia germanorum,Bombus vosnesenskii
Lessingia germanorum,Vanessa virginiensis
Leucanthemum vulgare,Aglais io
Leucanthemum vulgare,Aglais urticae
Leucanthemum vulgare,Andrena barbilabris
Leucanthemum vulgare,Anthidium manicatum
Leucanthemum vulgare,Anthocharis cardamines
Leucanthemum vulgare,Anthophila fabriciana
Leucanthemum vulgare,Araschnia levana
Leucanthemum vulgare,Aricia agestis
Leucanthemum vulgare,Bellardia vulgaris
Leucanthemum vulgare,Boloria selene
Leucanthemum vulgare,Bombus hypnorum
Leucanthemum vulgare,Bombus lapidarius
Leucanthemum vulgare,Botanophila fugax
Leucanthemum vulgare,Brassicogethes aeneus
Leucanthemum vulgare,Calliphora vicina
Leucanthemum vulgare,Carterocephalus palaemon
Leucanthemum vulgare,Celastrina argiolus
Leucanthemum vulgare,Ceratina dupla
Leucanthemum vulgare,Cheilosia albitarsis
Leucanthemum vulgare,Chloromyia formosa
Leucanthemum vulgare,Chlosyne gorgone
Leucanthemum vulgare,Clytus arietis
Leucanthemum vulgare,Coenosia tigrina
Leucanthemum vulgare,Colias hyale
Leucanthemum vulgare,Cylindromyia interrupta
Leucanthemum vulgare,Delia platura
Leucanthemum vulgare,Dinera grisescens
Leucanthemum vulgare,Diplazon laetatorius
Leucanthemum vulgare,Episyrphus balteatus
Leucanthemum vulgare,Eristalis obscura
Leucanthemum vulgare,Eristalis rupium
Leucanthemum vulgare,Eristalis stipator
Leucanthemum vulgare,Graphomya maculata
Leucanthemum vulgare,Helophilus hybridus
Leucanthemum vulgare,Heriades leavitti
Leucanthemum vulgare,Heriades truncorum
Leucanthemum vulgare,Hoplitis pilosifrons
Leucanthemum vulgare,Hylaeus annulatus
Leucanthemum vulgare,Hylaeus hyalinatus
Leucanthemum vulgare,Hylaeus pictipes
Leucanthemum vulgare,Lapposyrphus lapponicus
Leucanthemum vulgare,Lithurgus chrysurus
Leucanthemum vulgare,Lycaena phlaeas
Leucanthemum vulgare,Megachile centuncularis
Leucanthemum vulgare,Megachile frigida
Leucanthemum vulgare,Musca domestica
Leucanthemum vulgare,Myathropa florea
Leucanthemum vulgare,Neomyia cornicina
Leucanthemum vulgare,Ochlodes sylvanoides
Leucanthemum vulgare,Oncocera semirubella
Leucanthemum vulgare,Oscinella frit
Leucanthemum vulgare,Pararge aegeria
Leucanthemum vulgare,Pemphredon lethifer
Leucanthemum vulgare,Petrophila fulicalis
Leucanthemum vulgare,Pieris napi
Leucanthemum vulgare,Pieris rapae
Leucanthemum vulgare,Pollenia angustigena
Leucanthemum vulgare,Pollenia pediculata
Leucanthemum vulgare,Pollenia rudis
Leucanthemum vulgare,Polygonia c-album
Leucanthemum vulgare,Polyommatus icarus
Leucanthemum vulgare,Saltella sphondylii
Leucanthemum vulgare,Sarcophaga subvicina
Leucanthemum vulgare,Scathophaga stercoraria
Leucanthemum vulgare,Siphona pauciseta
Leucanthemum vulgare,Stelis lateralis
Leucanthemum vulgare,Syrphus torvus
Leucanthemum vulgare,Syrphus vitripennis
Leucanthemum vulgare,Tharsalea dorcas
Leucanthemum vulgare,Tropidia mamillata
Leucanthemum vulgare,Zodion fulvifrons
Leucojum aestivum,Apis mellifera
Leucojum aestivum,Bombus hypnorum
Liatris hirsuta,Bombus pensylvanicus
Liatris ligulistylis,Hesperia leonardus
Liatris ligulistylis,Speyeria aphrodite
Liatris ligulistylis,Speyeria atlantis
Liatris ohlingerae,Lasioglossum nymphale
Liatris punctata,Atalopedes campestris
Liatris punctata,Atrytone arogos
Liatris punctata,Cercyonis pegala
Liatris punctata,Colias philodice
Liatris punctata,Echinargus isola
Liatris punctata,Hesperia comma
Liatris punctata,Hesperia juba
Liatris punctata,Hesperia uncas
Liatris punctata,Hesperia viridis
Liatris punctata,Lerodea eufala
Liatris punctata,Papilio glaucus
Liatris punctata,Papilio machaon
Liatris punctata,Papilio multicaudata
Liatris punctata,Papilio polyxenes
Liatris punctata,Pieris rapae
Liatris punctata,Polites coras
Liatris punctata,Polites themistocles
Liatris punctata,Pyrgus communis
Liatris punctata,Speyeria aphrodite
Liatris punctata,Speyeria coronis
Liatris punctata,Speyeria edwardsii
Liatris punctata,Strymon melinus
Liatris punctata,Vanessa virginiensis
Liatris pycnostachya,Apis mellifera
Liatris pycnostachya,Eristalis stipator
Liatris pycnostachya,Eristalis tenax
Liatris pycnostachya,Limenitis archippus
Liatris pycnostachya,Megachile inimica
Liatris pycnostachya,Megachile latimanus
Liatris pycnostachya,Physocephala texana
Liatris pycnostachya,Pieris rapae
Liatris pycnostachya,Polites coras
Liatris pycnostachya,Speyeria idalia
Liatris pycnostachya,Stylogaster biannulata
Liatris pycnostachya,Svastra obliqua
Liatris pycnostachya,Systoechus vulgaris
Liatris pycnostachya,Triepeolus concavus
Liatris pycnostachya,Triepeolus lunatus
Liatris pycnostachya,Triepeolus remigatus
Liatris scariosa,Exoprosopa fasciata
Liatris scariosa,Melissodes niveus
Liatris scariosa,Polites coras
Liatris scariosa,Zerene cesonia
Liatris spicata,Bombus sandersoni
Liatris spicata,Ceratina calcarata
Liatris spicata,Megachile mendica
Liatris tenuifolia,Augochlorella aurata
Liatris tenuifolia,Augochloropsis sumptuosa
Liatris tenuifolia,Bombus impatiens
Liatris tenuifolia,Bombus pensylvanicus
Liatris tenuifolia,Megachile albitarsis
Liatris tenuifolia,Megachile petulans
Liatris tenuifolia,Megachile pseudobrevis
Ligustrum lucidum,Archonias nimbice
Ligustrum lucidum,Catasticta nimbice
Ligustrum lucidum,Chlosyne janais
Ligustrum lucidum,Chlosyne lacinia
Ligustrum lucidum,Dione juno
Ligustrum lucidum,Lycaena phlaeas
Ligustrum lucidum,Marpesia chiron
Ligustrum lucidum,Marpesia petreus
Ligustrum lucidum,Megachile sculpturalis
Ligustrum lucidum,Melanchroia chephise
Ligustrum lucidum,Ministrymon leda
Ligustrum lucidum,Myathropa florea
Ligustrum lucidum,Plecia nearctica
Ligustrum lucidum,Strymon melinus
Ligustrum lucidum,Syntomeida melanthus
Ligustrum lucidum,Vanessa annabella
Ligustrum lucidum,Vanessa atalanta
Ligustrum lucidum,Vanessa cardui
Ligustrum obtusifolium,Bombus
Ligustrum obtusifolium,Celastrina ladon
Ligustrum obtusifolium,Episyrphus balteatus
Ligustrum obtusifolium,Lasioglossum versatum
Ligustrum obtusifolium,Protographium marcellus
Ligustrum obtusifolium,Trichiotinus affinis
Ligustrum ovalifolium,Aglais io
Ligustrum ovalifolium,Aglais urticae
Ligustrum ovalifolium,Bombus hypnorum
Ligustrum ovalifolium,Bombus lapidarius
Ligustrum ovalifolium,Celastrina argiolus
Ligustrum ovalifolium,Episyrphus balteatus
Ligustrum ovalifolium,Eristalis arbustorum
Ligustrum ovalifolium,Eristalis tenax
Ligustrum ovalifolium,Lycaena phlaeas
Ligustrum ovalifolium,Meligramma triangulifera
Ligustrum ovalifolium,Myathropa florea
Ligustrum ovalifolium,Pararge aegeria
Ligustrum ovalifolium,Pieris napi
Ligustrum ovalifolium,Pieris rapae
Ligustrum ovalifolium,Polygonia c-album
Ligustrum ovalifolium,Polyommatus icarus
Ligustrum ovalifolium,Syritta pipiens
Ligustrum ovalifolium,Syrphus vitripennis
Ligustrum ovalifolium,Vanessa cardui
Ligustrum ovalifolium,Xylota segnis
Ligustrum vulgare,Aglais urticae
Ligustrum vulgare,Anthrenus verbasci
Ligustrum vulgare,Bombus
Ligustrum vulgare,Bombus hypnorum
Ligustrum vulgare,Bombus lapidarius
Ligustrum vulgare,Celastrina argiolus
Ligustrum vulgare,Episyrphus balteatus
Ligustrum vulgare,Eristalis arbustorum
Ligustrum vulgare,Eristalis tenax
Ligustrum vulgare,Meligramma triangulifera
Ligustrum vulgare,Meliscaeva cinctella
Ligustrum vulgare,Myathropa florea
Ligustrum vulgare,Paragus haemorrhous
Ligustrum vulgare,Syritta pipiens
Ligustrum vulgare,Syrphus ribesii
Ligustrum vulgare,Syrphus torvus
Ligustrum vulgare,Syrphus vitripennis
Ligustrum vulgare,Xylota segnis
Lilium columbianum,Papilio canadensis
Lilium pardalinum,Papilio glaucus
Lilium parryi,Apis mellifera
Lilium parryi,Bombus vosnesenskii
Lilium philadelphicum,Danaus plexippus
Lilium philadelphicum,Papilio eurymedon
Lilium superbum,Speyeria cybele
Limnanthes douglasii,Bombus
Limnanthes douglasii,Bombus hypnorum
Limnanthes douglasii,Bombus lapidarius
Limonium sinuatum,Bombus huntii
Limonium sinuatum,Hesperocharis costaricensis
Limonium sinuatum,Lithurgus chrysurus
Limonium sinuatum,Papilio machaon
Limonium sinuatum,Vanessa annabella
Limonium sinuatum,Vanessa atalanta
Limonium sinuatum,Vanessa virginiensis
Linaria maroccana,Lasioglossum buccale
Linaria purpurea,Aglais io
Linaria purpurea,Aglais urticae
Linaria purpurea,Apis mellifera
Linaria purpurea,Bombus
Linaria purpurea,Bombus hypnorum
Linaria purpurea,Bombus lapidarius
Linaria purpurea,Celastrina argiolus
Linaria purpurea,Episyrphus balteatus
Linaria purpurea,Lasioglossum buccale
Linaria purpurea,Osmia caerulescens
Linaria purpurea,Papilio eurymedon
Linaria purpurea,Pieris napi
Linaria purpurea,Polyommatus icarus
Linaria vulgaris,Aglais io
Linaria vulgaris,Aglais urticae
Linaria vulgaris,Araschnia levana
Linaria vulgaris,Aricia agestis
Linaria vulgaris,Bombus huntii
Linaria vulgaris,Bombus hypnorum
Linaria vulgaris,Bombus lapidarius
Linaria vulgaris,Bombus terricola
Linaria vulgaris,Celastrina argiolus
Linaria vulgaris,Colias eurytheme
Linaria vulgaris,Eristalis tenax
Linaria vulgaris,Hoplitis pilosifrons
Linaria vulgaris,Limenitis arthemis
Linaria vulgaris,Megachile brevis
Linaria vulgaris,Osmia caerulescens
Linaria vulgaris,Pieris napi
Linaria vulgaris,Pieris rapae
Linaria vulgaris,Polyommatus icarus
Linaria vulgaris,Tharsalea arota
Linaria vulgaris,Thymelicus lineola
Linnaea borealis,Bombus
Linnaea borealis,Hylaeus annulatus
Linum bienne,Icaricia icarioides
Linum bienne,Thymelicus lineola
Lippia origanoides,Apis mellifera
Liriodendron tulipifera,Bombus
Liriodendron tulipifera,Episyrphus balteatus
Liriodendron tulipifera,Megachile centuncularis
Liriodendron tulipifera,Vespa crabro
Liriodendron tulipifera,Vespa velutina
Lithophragma glabrum,Anthocharis julia
Lithophragma glabrum,Bombus vancouverensis
Lithophragma glabrum,Colias eurytheme
Lithophragma glabrum,Habropoda cineraria
Lithospermum canescens,Anagrapha falcifera
Lithospermum canescens,Apis mellifera
Lithospermum canescens,Bombylius atriceps
Lithospermum canescens,Bombylius major
Lithospermum canescens,Nomada obliterata
Lithospermum canescens,Nomada superba
Lithospermum canescens,Osmia atriventris
Lithospermum canescens,Osmia cordata
Lithospermum canescens,Osmia distincta
Lithospermum canescens,Pholisora catullus
Lithospermum canescens,Vanessa atalanta
Lithospermum canescens,Vanessa virginiensis
Lithospermum multiflorum,Speyeria edwardsii
Lithospermum ruderale,Coccinella septempunctata
Lobelia cardinalis,Augochlorella aurata
Lobelia cardinalis,Basilinna leucotis
Lobelia cardinalis,Lasioglossum versatum
Lobelia cardinalis,Selasphorus rufus
Lobelia erinus,Bombus centralis
Lobelia erinus,Bombus huntii
Lobelia erinus,Bombus lapidarius
Lobelia erinus,Bombus nevadensis
Lobelia erinus,Bombus perplexus
Lobelia erinus,Bombus rufocinctus
Lobelia erinus,Myathropa florea
Lobelia erinus,Pieris napi
Lobelia erinus,Polygonia c-album
Lobelia erinus,Syritta pipiens
Lobelia erinus,Toxomerus marginatus
Lobelia inflata,Lasioglossum imitatum
Lobelia puberula,Apis mellifera
Lobelia siphilitica,Ancyloxypha numitor
Lobelia siphilitica,Anthophora walshii
Lobelia siphilitica,Atalopedes campestris
Lobelia siphilitica,Atrytone arogos
Lobelia siphilitica,Augochlorella aurata
Lobelia siphilitica,Battus philenor
Lobelia siphilitica,Cercyonis pegala
Lobelia siphilitica,Colias alexandra
Lobelia siphilitica,Colias eurytheme
Lobelia siphilitica,Euptoieta claudia
Lobelia siphilitica,Hesperia ottoe
Lobelia siphilitica,Lasioglossum versatum
Lobelia siphilitica,Lerodea eufala
Lobelia siphilitica,Polites coras
Lobelia siphilitica,Polites themistocles
Lobelia siphilitica,Pyrgus communis
Lobelia siphilitica,Speyeria idalia
Lobelia siphilitica,Vanessa virginiensis
Lobelia spicata,Anthidium psoraleae
Lobelia spicata,Apis mellifera
Lobelia spicata,Augochlorella aurata
Lobelia spicata,Bombus griseocollis
Lobelia spicata,Bombus pensylvanicus
Lobelia spicata,Coelioxys rufitarsis
Lobelia spicata,Elkalyce comyntas
Lobelia spicata,Hoplitis pilosifrons
Lobelia spicata,Hoplitis spoliata
Lobelia spicata,Megachile brevis
Lobelia spicata,Megachile montivaga
Lobelia spicata,Megachile petulans
Lobelia spicata,Melissodes bimaculatus
Lobelia spicata,Pholisora catullus
Lobelia spicata,Pieris rapae
Lobelia spicata,Polites coras
Lobelia spicata,Pontia protodice
Lobelia spicata,Svastra obliqua
Lobelia spicata,Systoechus vulgaris
Lobularia maritima,Aglais io
Lobularia maritima,Aglais urticae
Lobularia maritima,Anthocharis cardamines
Lobularia maritima,Celastrina argiolus
Lobularia maritima,Episyrphus balteatus
Lobularia maritima,Halictus rubicundus
Lobularia maritima,Hylaeus annulatus
Lobularia maritima,Hylaeus hyalinatus
Lobularia maritima,Hylaeus leptocephalus
Lobularia maritima,Hylaeus pictipes
Lobularia maritima,Hylaeus punctatus
Lobularia maritima,Libytheana carinenta
Lobularia maritima,Lycaena phlaeas
Lobularia maritima,Myathropa florea
Lobularia maritima,Pararge aegeria
Lobularia maritima,Phyllotreta striolata
Lobularia maritima,Pieris napi
Lobularia maritima,Pollenia pediculata
Lobularia maritima,Polyommatus icarus
Lobularia maritima,Pyrgus communis
Lobularia maritima,Vanessa atalanta
Lobularia maritima,Vanessa cardui
Lolium perenne,Apis mellifera
Lolium perenne,Bellardia vulgaris
Lolium perenne,Botanophila fugax
Lolium perenne,Calliphora vicina
Lolium perenne,Chloromyia formosa
Lolium perenne,Coccinella septempunctata
Lolium perenne,Coenosia tigrina
Lolium perenne,Delia platura
Lolium perenne,Episyrphus balteatus
Lolium perenne,Eristalis arbustorum
Lolium perenne,Hesperia comma
Lolium perenne,Lotophila atra
Lolium perenne,Musca autumnalis
Lolium perenne,Muscina levida
Lolium perenne,Myospila meditabunda
Lolium perenne,Neomyia cornicina
Lolium perenne,Pollenia pediculata
Lolium perenne,Pollenia rudis
Lolium perenne,Pyrophaena granditarsa
Lolium perenne,Rhagonycha fulva
Lolium perenne,Sarcophaga subvicina
Lolium perenne,Scathophaga stercoraria
Lolium perenne,Thymelicus lineola
Lolium perenne,Tipula paludosa
Lomatium dissectum,Halictus confusus
Lomatium orientale,Pontia sisymbrii
Lomatium orientale,Thecla sheridanii
Lonicera ciliosa,Bombus perplexus
Lonicera involucrata,Eugenes fulgens
Lonicera involucrata,Glaucopsyche lygdamus
Lonicera japonica,Augochlorella aurata
Lonicera japonica,Bombus hypnorum
Lonicera japonica,Macroglossum stellatarum
Lonicera japonica,Myathropa florea
Lonicera periclymenum,Apis mellifera
Lonicera periclymenum,Bombus hypnorum
Lonicera periclymenum,Bombus lapidarius
Lonicera periclymenum,Episyrphus balteatus
Lonicera periclymenum,Eristalis arbustorum
Lonicera periclymenum,Eristalis nemorum
Lonicera periclymenum,Eristalis tenax
Lonicera periclymenum,Macroglossum stellatarum
Lonicera periclymenum,Pararge aegeria
Lonicera periclymenum,Pieris rapae
Lonicera periclymenum,Vanessa atalanta
Lonicera reticulata,Anthophora ursina
Lonicera reticulata,Archilochus colubris
Lonicera reticulata,Bombus impatiens
Lonicera reticulata,Bombus pensylvanicus
Lonicera reticulata,Pipiza femoralis
Lonicera tatarica,Bombus hypnorum
Lonicera tatarica,Bombus perplexus
Lonicera tatarica,Vanessa cardui
Lotus corniculatus,Acalymma vittatum
Lotus corniculatus,Aglais urticae
Lotus corniculatus,Andrena clarkella
Lotus corniculatus,Aricia agestis
Lotus corniculatus,Autographa gamma
Lotus corniculatus,Boloria selene
Lotus corniculatus,Bombus hypnorum
Lotus corniculatus,Bombus lapidarius
Lotus corniculatus,Carterocephalus palaemon
Lotus corniculatus,Celastrina argiolus
Lotus corniculatus,Chloromyia formosa
Lotus corniculatus,Chrysotoxum arcuatum
Lotus corniculatus,Colias croceus
Lotus corniculatus,Colias hyale
Lotus corniculatus,Ectemnius continuus
Lotus corniculatus,Ematurga atomaria
Lotus corniculatus,Episyrphus balteatus
Lotus corniculatus,Eristalis arbustorum
Lotus corniculatus,Eristalis tenax
Lotus corniculatus,Euphydryas aurinia
Lotus corniculatus,Heriades truncorum
Lotus corniculatus,Hesperia comma
Lotus corniculatus,Hylaeus punctatus
Lotus corniculatus,Lycaena phlaeas
Lotus corniculatus,Megachile centuncularis
Lotus corniculatus,Megachile ericetorum
Lotus corniculatus,Megachile pusilla
Lotus corniculatus,Oscinella frit
Lotus corniculatus,Pieris napi
Lotus corniculatus,Pollenia pediculata
Lotus corniculatus,Pseudoanthidium nanum
Lotus corniculatus,Pyrophaena granditarsa
Lotus corniculatus,Scathophaga stercoraria
Lotus corniculatus,Syritta pipiens
Lotus corniculatus,Syrphus vitripennis
Lotus pedunculatus,Andrena wilkella
Lotus pedunculatus,Anthidium manicatum
Lotus pedunculatus,Bombus
Lotus pedunculatus,Bombus hypnorum
Lotus pedunculatus,Bombus lapidarius
Lotus pedunculatus,Coenosia tigrina
Lotus pedunculatus,Episyrphus balteatus
Lotus pedunculatus,Eristalis nemorum
Lotus pedunculatus,Eristalis tenax
Lotus pedunculatus,Syrphus vitripennis
Lotus tenuis,Bombus lapidarius
Lotus tenuis,Megachile pusilla
Ludwigia alternifolia,Anacrabro ocellatus
Ludwigia alternifolia,Augochlora pura
Ludwigia alternifolia,Augochlorella aurata
Ludwigia alternifolia,Bombus pensylvanicus
Ludwigia alternifolia,Elkalyce comyntas
Ludwigia alternifolia,Halictus ligatus
Ludwigia alternifolia,Halictus parallelus
Ludwigia alternifolia,Lasioglossum imitatum
Ludwigia alternifolia,Lasioglossum pruinosum
Ludwigia alternifolia,Lasioglossum versatum
Ludwigia alternifolia,Megachile brevis
Ludwigia alternifolia,Megachile petulans
Ludwigia alternifolia,Philanthus ventilabris
Ludwigia leptocarpa,Megachile xylocopoides
Ludwigia octovalvis,Wasmannia auropunctata
Ludwigia palustris,Leptometopa latipes
Ludwigia peruviana,Augochlorella aurata
Ludwigia peruviana,Augochloropsis sumptuosa
Ludwigia peruviana,Coelioxys sayi
Ludwigia peruviana,Halictus ligatus
Ludwigia peruviana,Lasioglossum nymphale
Ludwigia peruviana,Megachile exilis
Ludwigia peruviana,Megachile georgica
Ludwigia peruviana,Megachile inimica
Ludwigia peruviana,Megachile mendica
Ludwigia peruviana,Megachile pruina
Ludwigia peruviana,Megachile pseudobrevis
Ludwigia suffruticosa,Bombus
Lunaria annua,Anthocharis cardamines
Lunaria annua,Bombus
Lunaria annua,Celastrina argiolus
Lunaria annua,Episyrphus balteatus
Lunaria annua,Hylaeus annulatus
Lunaria annua,Hylaeus hyalinatus
Lunaria annua,Hylaeus leptocephalus
Lunaria annua,Hylaeus pictipes
Lunaria annua,Hylaeus punctatus
Lunaria annua,Lon zabulon
Lunaria annua,Macroglossum stellatarum
Lunaria annua,Papilio machaon
Lunaria annua,Pieris napi
Lunaria annua,Pieris rapae
Lunaria annua,Syritta pipiens
Lupinus arboreus,Danaus plexippus
Lupinus argenteus,Agriades glandon
Lupinus argenteus,Andrena miranda
Lupinus argenteus,Anthophora ursina
Lupinus argenteus,Bombus
Lupinus argenteus,Bombus appositus
Lupinus argenteus,Bombus mixtus
Lupinus argenteus,Bombus occidentalis
Lupinus argenteus,Colias alexandra
Lupinus argenteus,Echinargus isola
Lupinus argenteus,Epargyreus clarus
Lupinus argenteus,Erynnis afranius
Lupinus argenteus,Erynnis persius
Lupinus argenteus,Euphyes vestris
Lupinus argenteus,Formica obscuripes
Lupinus argenteus,Formica podzolica
Lupinus argenteus,Galeruca rudis
Lupinus argenteus,Harkenclenus titus
Lupinus argenteus,Hesperia uncas
Lupinus argenteus,Hoplitis fulgida
Lupinus argenteus,Limenitis weidemeyerii
Lupinus argenteus,Megachile gemula
Lupinus argenteus,Oarisma garita
Lupinus argenteus,Ochlodes snowi
Lupinus argenteus,Osmia bucephala
Lupinus argenteus,Osmia juxta
Lupinus argenteus,Osmia lignaria
Lupinus argenteus,Osmia subaustralis
Lupinus argenteus,Osmia tristella
Lupinus argenteus,Pholisora catullus
Lupinus argenteus,Phyciodes pallida
Lupinus argenteus,Polites coras
Lupinus argenteus,Polites mystic
Lupinus argenteus,Polites themistocles
Lupinus argenteus,Terellia occidentalis
Lupinus argenteus,Vanessa virginiensis
Lupinus diffusus,Anthidiellum notatum
Lupinus diffusus,Anthidiellum perplexum
Lupinus diffusus,Bombus griseocollis
Lupinus diffusus,Megachile exilis
Lupinus formosus,Icaricia icarioides
Lupinus latifolius,Icaricia icarioides
Lupinus latifolius,Plebejus saepiolus
Lupinus microcarpus,Bombus vandykei
Lupinus nanus,Bombus bifarius
Lupinus nanus,Protosmia rubifloris
Lupinus perennis,Bombus affinis
Lupinus plattensis,Icaricia icarioides
Lupinus polyphyllus,Bombus
Lupinus polyphyllus,Bombus lapidarius
Lupinus westianus,Bombus
Lycium andersonii,Cynanthus latirostris
Lycium barbarum,Anthidium florentinum
Lycium barbarum,Bombus
Lycium barbarum,Bombus huntii
Lycium barbarum,Bombus hypnorum
Lycium barbarum,Bombus lapidarius
Lycium barbarum,Hesperia leonardus
Lycium berlandieri,Calypte costae
Lycium exsertum,Calypte costae
Lycopus americanus,Agapostemon sericeus
Lycopus americanus,Ammophila nigricans
Lycopus americanus,Ammophila pictipennis
Lycopus americanus,Ammophila procera
Lycopus americanus,Apis mellifera
Lycopus americanus,Archytas aterrima
Lycopus americanus,Bicyrtes ventralis
Lycopus americanus,Bombus pensylvanicus
Lycopus americanus,Calliopsis andreniformis
Lycopus americanus,Cerceris deserta
Lycopus americanus,Ceropales bipunctata
Lycopus americanus,Cochliomyia macellaria
Lycopus americanus,Colletes americanus
Lycopus americanus,Colletes latitarsis
Lycopus americanus,Elkalyce comyntas
Lycopus americanus,Entypus fulvicornis
Lycopus americanus,Eucerceris zonata
Lycopus americanus,Eumenes fraternus
Lycopus americanus,Exoprosopa fasciata
Lycopus americanus,Exoprosopa fascipennis
Lycopus americanus,Gymnoclytia immaculata
Lycopus americanus,Halictus ligatus
Lycopus americanus,Halictus parallelus
Lycopus americanus,Halictus rubicundus
Lycopus americanus,Hylaeus affinis
Lycopus americanus,Hylaeus illinoisensis
Lycopus americanus,Isodontia apicalis
Lycopus americanus,Lasioglossum imitatum
Lycopus americanus,Lasioglossum versatum
Lycopus americanus,Limenitis archippus
Lycopus americanus,Limnophora narona
Lycopus americanus,Lucilia sericata
Lycopus americanus,Megachile brevis
Lycopus americanus,Megachile mendica
Lycopus americanus,Megachile petulans
Lycopus americanus,Melissodes comptoides
Lycopus americanus,Melissodes druriellus
Lycopus americanus,Melissodes niveus
Lycopus americanus,Orthonevra nitida
Lycopus americanus,Philanthus gibbosus
Lycopus americanus,Philanthus ventilabris
Lycopus americanus,Pholisora catullus
Lycopus americanus,Phyciodes tharos
Lycopus americanus,Physocephala texana
Lycopus americanus,Physoconops brachyrhynchus
Lycopus americanus,Poecilopompilus interruptus
Lycopus americanus,Polistes annularis
Lycopus americanus,Polistes fuscatus
Lycopus americanus,Prionyx atratus
Lycopus americanus,Prionyx thomae
Lycopus americanus,Sceliphron caementarium
Lycopus americanus,Scolia bicincta
Lycopus americanus,Sphex ichneumoneus
Lycopus americanus,Stizoides renicinctus
Lycopus americanus,Stizus brevipennis
Lycopus americanus,Syritta pipiens
Lycopus americanus,Tachytes distinctus
Lycopus americanus,Toxomerus marginatus
Lycopus americanus,Triepeolus lunatus
Lycopus europaeus,Aglais urticae
Lycopus europaeus,Agrotis ipsilon
Lycopus europaeus,Amphipyra tragopoginis
Lycopus europaeus,Apamea sordens
Lycopus europaeus,Apis mellifera
Lycopus europaeus,Autographa gamma
Lycopus europaeus,Bombus hypnorum
Lycopus europaeus,Bombus lapidarius
Lycopus europaeus,Caradrina morpheus
Lycopus europaeus,Dysstroma truncata
Lycopus europaeus,Epirrhoe alternata
Lycopus europaeus,Epistrophe grossulariae
Lycopus europaeus,Episyrphus balteatus
Lycopus europaeus,Eristalis arbustorum
Lycopus europaeus,Eristalis nemorum
Lycopus europaeus,Eupeodes latifasciatus
Lycopus europaeus,Halictus rubicundus
Lycopus europaeus,Helophilus hybridus
Lycopus europaeus,Hydraecia micacea
Lycopus europaeus,Hydriomena furcata
Lycopus europaeus,Idaea dimidiata
Lycopus europaeus,Leucoma salicis
Lycopus europaeus,Mesapamea secalis
Lycopus europaeus,Myathropa florea
Lycopus europaeus,Noctua comes
Lycopus europaeus,Noctua pronuba
Lycopus europaeus,Oligia strigilis
Lycopus europaeus,Phragmatobia fuliginosa
Lycopus europaeus,Pieris rapae
Lycopus europaeus,Polistes dominula
Lycopus europaeus,Pyrophaena granditarsa
Lycopus europaeus,Syritta pipiens
Lycopus europaeus,Syrphus ribesii
Lycopus europaeus,Tyria jacobaeae
Lycopus europaeus,Vespula germanica
Lycopus europaeus,Xestia c-nigrum
Lycopus europaeus,Xestia xanthographa
Lycopus europaeus,Xylota segnis
Lycopus virginicus,Apis mellifera
Lygodesmia aphylla,Augochlorella aurata
Lyonia ferruginea,Bombus impatiens
Lyonia fruticosa,Augochloropsis sumptuosa
Lyonia fruticosa,Colletes banksi
Lyonia fruticosa,Xylocopa micans
Lysimachia arvensis,Pieris rapae
Lysimachia asperulifolia,Augochlorella aurata
Lysimachia ciliata,Lasioglossum versatum
Lysimachia clethroides,Bombus lapidarius
Lysimachia clethroides,Megachile rotundata
Lysimachia clethroides,Popillia japonica
Lysimachia vulgaris,Apis mellifera
Lysimachia vulgaris,Brassicogethes aeneus
Lysimachia vulgaris,Celypha cespitana
Lysimachia vulgaris,Episyrphus balteatus
Lysimachia vulgaris,Lasioglossum zonulum
Lysimachia vulgaris,Macropis nuda
Lysimachia vulgaris,Sceliphron caementarium
Lythrum alatum,Agapostemon sericeus
Lythrum alatum,Ammophila nigricans
Lythrum alatum,Ammophila procera
Lythrum alatum,Ancyloxypha numitor
Lythrum alatum,Apis mellifera
Lythrum alatum,Augochlorella aurata
Lythrum alatum,Calliopsis andreniformis
Lythrum alatum,Epeolus bifasciatus
Lythrum alatum,Eristalis stipator
Lythrum alatum,Exoprosopa fasciata
Lythrum alatum,Exoprosopa meigenii
Lythrum alatum,Florilegus condignus
Lythrum alatum,Halictus ligatus
Lythrum alatum,Helophilus latifrons
Lythrum alatum,Hoplitis pilosifrons
Lythrum alatum,Lasioglossum versatum
Lythrum alatum,Megachile brevis
Lythrum alatum,Megachile inimica
Lythrum alatum,Megachile mendica
Lythrum alatum,Megachile petulans
Lythrum alatum,Melissodes bimaculatus
Lythrum alatum,Melissodes comptoides
Lythrum alatum,Melissodes tepaneca
Lythrum alatum,Pholisora catullus
Lythrum alatum,Polites coras
Lythrum alatum,Pontia protodice
Lythrum alatum,Prionyx atratus
Lythrum alatum,Svastra atripes
Lythrum alatum,Svastra obliqua
Lythrum alatum,Systoechus vulgaris
Lythrum alatum,Triepeolus concavus
Lythrum alatum,Tropidia mamillata
Lythrum junceum,Burnsius communis
Lythrum junceum,Syritta pipiens
Lythrum salicaria,Aglais io
Lythrum salicaria,Aglais urticae
Lythrum salicaria,Agrotis ipsilon
Lythrum salicaria,Amphipyra tragopoginis
Lythrum salicaria,Apamea sordens
Lythrum salicaria,Autographa gamma
Lythrum salicaria,Bombus hypnorum
Lythrum salicaria,Bombus lapidarius
Lythrum salicaria,Caradrina morpheus
Lythrum salicaria,Celastrina argiolus
Lythrum salicaria,Chelostoma rapunculi
Lythrum salicaria,Colias croceus
Lythrum salicaria,Dysstroma truncata
Lythrum salicaria,Epirrhoe alternata
Lythrum salicaria,Episyrphus balteatus
Lythrum salicaria,Eristalis arbustorum
Lythrum salicaria,Halictus confusus
Lythrum salicaria,Hydraecia micacea
Lythrum salicaria,Hydriomena furcata
Lythrum salicaria,Hylaeus punctatus
Lythrum salicaria,Idaea dimidiata
Lythrum salicaria,Lasioglossum leucozonium
Lythrum salicaria,Lasioglossum zonulum
Lythrum salicaria,Leucoma salicis
Lythrum salicaria,Lycaena phlaeas
Lythrum salicaria,Macroglossum stellatarum
Lythrum salicaria,Megachile centuncularis
Lythrum salicaria,Megachile ericetorum
Lythrum salicaria,Mesapamea secalis
Lythrum salicaria,Myathropa florea
Lythrum salicaria,Noctua comes
Lythrum salicaria,Noctua pronuba
Lythrum salicaria,Ochlodes sylvanoides
Lythrum salicaria,Oligia strigilis
Lythrum salicaria,Osmia caerulescens
Lythrum salicaria,Papilio demoleus
Lythrum salicaria,Papilio machaon
Lythrum salicaria,Papilio multicaudata
Lythrum salicaria,Phragmatobia fuliginosa
Lythrum salicaria,Pieris canidia
Lythrum salicaria,Pieris napi
Lythrum salicaria,Polyommatus icarus
Lythrum salicaria,Syrphus ribesii
Lythrum salicaria,Tyria jacobaeae
Lythrum salicaria,Xestia c-nigrum
Lythrum salicaria,Xestia xanthographa
Machaeranthera tanacetifolia,Colias philodice
Machaeranthera tanacetifolia,Pyrgus communis
Magnolia grandiflora,Anthrenus flavipes
Magnolia grandiflora,Anthrenus verbasci
Magnolia grandiflora,Chauliognathus marginatus
Magnolia grandiflora,Conotelus obscurus
Magnolia grandiflora,Macrodactylus subspinosus
Magnolia grandiflora,Popillia japonica
Magnolia grandiflora,Trichiotinus bibens
Magnolia grandiflora,Trichiotinus piger
Magnolia grandiflora,Xylocopa virginica
Magnolia tripetala,Anthrenus verbasci
Magnolia tripetala,Apis mellifera
Magnolia tripetala,Byturus unicolor
Magnolia tripetala,Coleomegilla maculata
Magnolia tripetala,Gibbobruchus mimus
Maianthemum canadense,Bombus
Maianthemum racemosum,Aedes impiger
Maianthemum racemosum,Apis mellifera
Maianthemum racemosum,Augochlora pura
Maianthemum racemosum,Augochlorella aurata
Maianthemum racemosum,Hiatomyia cyanescens
Maianthemum racemosum,Lasioglossum imitatum
Maianthemum racemosum,Lasioglossum pectorale
Maianthemum racemosum,Trichiotinus affinis
Malephora crocea,Brephidium exilis
Malephora crocea,Pontia protodice
Malosma laurina,Vanessa cardui
Malosma laurina,Villa lateralis
Malva arborea,Apis mellifera
Malva arborea,Bombus hypnorum
Malva moschata,Bombus
Malva moschata,Bombus hypnorum
Malva moschata,Bombus lapidarius
Malva moschata,Botanophila fugax
Malva moschata,Calliphora vicina
Malva moschata,Episyrphus balteatus
Malva moschata,Lapposyrphus lapponicus
Malva moschata,Musca autumnalis
Malva moschata,Pieris rapae
Malva moschata,Rhagonycha fulva
Malva moschata,Thymelicus lineola
Malva neglecta,Bombus lapidarius
Malva neglecta,Chlosyne gorgone
Malva neglecta,Colias philodice
Malva neglecta,Paragus haemorrhous
Malva neglecta,Pyrgus communis
Malva nicaeensis,Bombus
Malva nicaeensis,Pieris rapae
Malva parviflora,Apis mellifera
Malva parviflora,Eristalis tenax
Malva sylvestris,Apis mellifera
Malva sylvestris,Autographa gamma
Malva sylvestris,Bombus
Malva sylvestris,Bombus hypnorum
Malva sylvestris,Bombus lapidarius
Malva sylvestris,Chelostoma rapunculi
Malva sylvestris,Colias croceus
Malva sylvestris,Episyrphus balteatus
Malva sylvestris,Heriades truncorum
Malva sylvestris,Lasioglossum leucozonium
Malva sylvestris,Lucilia silvarum
Malva sylvestris,Lycaena phlaeas
Malva sylvestris,Macroglossum stellatarum
Malva sylvestris,Megachile centuncularis
Malva sylvestris,Polites coras
Malva sylvestris,Rhagonycha fulva
Malva sylvestris,Syritta pipiens
Malva sylvestris,Vanessa atalanta
Malva sylvestris,Vanessa cardui
Malvaviscus arboreus,Anartia fatima
Marrubium vulgare,Anthidium manicatum
Marrubium vulgare,Bombus lapidarius
Marrubium vulgare,Erynnis afranius
Marrubium vulgare,Euphyes vestris
Marrubium vulgare,Hesperia viridis
Marrubium vulgare,Megachile brevis
Marrubium vulgare,Megachile ericetorum
Marrubium vulgare,Nomia nortoni
Matricaria discoidea,Aglais io
Matricaria discoidea,Anthomyia pluvialis
Matricaria discoidea,Araschnia levana
Matricaria discoidea,Aricia agestis
Matricaria discoidea,Celastrina argiolus
Matricaria discoidea,Episyrphus balteatus
Matricaria discoidea,Eristalis arbustorum
Matricaria discoidea,Eristalis tenax
Matricaria discoidea,Eupeodes latifasciatus
Matricaria discoidea,Helophilus hybridus
Matricaria discoidea,Lycaena phlaeas
Matricaria discoidea,Musca domestica
Matricaria discoidea,Myathropa florea
Matricaria discoidea,Paragus haemorrhous
Matricaria discoidea,Pieris napi
Matricaria discoidea,Pieris rapae
Matricaria discoidea,Polyommatus icarus
Matricaria discoidea,Pyrophaena granditarsa
Matricaria discoidea,Scathophaga stercoraria
Matricaria discoidea,Syritta pipiens
Matricaria discoidea,Syrphus ribesii
Matricaria discoidea,Syrphus vitripennis
Matricaria discoidea,Thymelicus lineola
Matricaria discoidea,Vanessa cardui
Matricaria discoidea,Xylota segnis
Matthiola incana,Aglais io
Matthiola incana,Aglais urticae
Matthiola incana,Celastrina argiolus
Matthiola incana,Colias croceus
Matthiola incana,Pieris napi
Matthiola incana,Pieris rapae
Matthiola incana,Polyommatus icarus
Medicago arabica,Andrena wilkella
Medicago lupulina,Acalymma vittatum
Medicago lupulina,Anania funebris
Medicago lupulina,Aricia agestis
Medicago lupulina,Bombus
Medicago lupulina,Bombus hypnorum
Medicago lupulina,Bombus lapidarius
Medicago lupulina,Delia platura
Medicago lupulina,Episyrphus balteatus
Medicago lupulina,Eristalis tenax
Medicago lupulina,Eupeodes latifasciatus
Medicago lupulina,Euphilotes enoptes
Medicago lupulina,Heriades truncorum
Medicago lupulina,Hylaeus hyalinatus
Medicago lupulina,Lasioglossum leucozonium
Medicago lupulina,Lycaena hypophlaeas
Medicago lupulina,Lycaena phlaeas
Medicago lupulina,Megachile centuncularis
Medicago lupulina,Megachile pusilla
Medicago lupulina,Musca autumnalis
Medicago lupulina,Oscinella frit
Medicago lupulina,Pieris oleracea
Medicago lupulina,Polistes dominula
Medicago lupulina,Pollenia pediculata
Medicago lupulina,Syritta pipiens
Medicago lupulina,Tharsalea dione
Medicago minima,Andrena wilkella
Medicago minima,Aricia agestis
Medicago minima,Megachile ericetorum
Medicago minima,Osmia inermis
Medicago polymorpha,Apis mellifera
Medicago sativa,Adalia bipunctata
Medicago sativa,Aglais io
Medicago sativa,Aglais milberti
Medicago sativa,Aglais urticae
Medicago sativa,Allograpta obliqua
Medicago sativa,Alypia octomaculata
Medicago sativa,Anagrapha falcifera
Medicago sativa,Ancyloxypha arene
Medicago sativa,Ancyloxypha numitor
Medicago sativa,Anthidium florentinum
Medicago sativa,Anthocharis cardamines
Medicago sativa,Araschnia levana
Medicago sativa,Aricia agestis
Medicago sativa,Atalopedes campestris
Medicago sativa,Atrytone delaware
Medicago sativa,Autographa californica
Medicago sativa,Autographa gamma
Medicago sativa,Battus philenor
Medicago sativa,Bombus
Medicago sativa,Bombus flavifrons
Medicago sativa,Bombus hypnorum
Medicago sativa,Bombus impatiens
Medicago sativa,Bombus insularis
Medicago sativa,Bombus lapidarius
Medicago sativa,Bombus perplexus
Medicago sativa,Bombus terricola
Medicago sativa,Brephidium exilis
Medicago sativa,Burnsius communis
Medicago sativa,Celastrina argiolus
Medicago sativa,Cercyonis oetus
Medicago sativa,Cercyonis pegala
Medicago sativa,Chloromyia formosa
Medicago sativa,Chlosyne gorgone
Medicago sativa,Coccinella septempunctata
Medicago sativa,Coenonympha california
Medicago sativa,Colias alexandra
Medicago sativa,Colias christina
Medicago sativa,Colias croceus
Medicago sativa,Colias eurytheme
Medicago sativa,Colias hyale
Medicago sativa,Colias philodice
Medicago sativa,Crambus perlellus
Medicago sativa,Danaus gilippus
Medicago sativa,Danaus plexippus
Medicago sativa,Echinargus isola
Medicago sativa,Epargyreus clarus
Medicago sativa,Episyrphus balteatus
Medicago sativa,Erebia epipsodea
Medicago sativa,Eristalis arbustorum
Medicago sativa,Eristalis stipator
Medicago sativa,Eristalis tenax
Medicago sativa,Erynnis afranius
Medicago sativa,Erynnis funeralis
Medicago sativa,Erynnis tristis
Medicago sativa,Euphyes vestris
Medicago sativa,Euptoieta claudia
Medicago sativa,Euptoieta hegesia
Medicago sativa,Exoprosopa decora
Medicago sativa,Exoprosopa fascipennis
Medicago sativa,Feltia jaculifera
Medicago sativa,Gastrophysa viridula
Medicago sativa,Glaucopsyche lygdamus
Medicago sativa,Halictus rubicundus
Medicago sativa,Helicoverpa zea
Medicago sativa,Hemaris diffinis
Medicago sativa,Hemaris thysbe
Medicago sativa,Hesperia comma
Medicago sativa,Hesperia juba
Medicago sativa,Hesperia sassacus
Medicago sativa,Hesperia viridis
Medicago sativa,Hesperopsis alpheus
Medicago sativa,Hylephila phyleus
Medicago sativa,Hyles gallii
Medicago sativa,Hyles lineata
Medicago sativa,Junonia coenia
Medicago sativa,Junonia grisea
Medicago sativa,Lasioglossum leucozonium
Medicago sativa,Lasioglossum pilosum
Medicago sativa,Lasioglossum zonulum
Medicago sativa,Leptotes marina
Medicago sativa,Lerodea eufala
Medicago sativa,Limenitis arthemis
Medicago sativa,Limenitis reducta
Medicago sativa,Limenitis weidemeyerii
Medicago sativa,Lucilia sericata
Medicago sativa,Lycaena dione
Medicago sativa,Lycaena heteronea
Medicago sativa,Lycaena phlaeas
Medicago sativa,Lycaena rubidus
Medicago sativa,Macroglossum stellatarum
Medicago sativa,Mastor aenus
Medicago sativa,Mastor vialis
Medicago sativa,Megachile centuncularis
Medicago sativa,Megachile ericetorum
Medicago sativa,Megachile melanophaea
Medicago sativa,Megachile rotundata
Medicago sativa,Nathalis iole
Medicago sativa,Oarisma garita
Medicago sativa,Ochlodes sylvanoides
Medicago sativa,Osmia caerulescens
Medicago sativa,Osmia inermis
Medicago sativa,Papilio canadensis
Medicago sativa,Papilio cresphontes
Medicago sativa,Papilio machaon
Medicago sativa,Papilio multicaudata
Medicago sativa,Papilio polyxenes
Medicago sativa,Papilio rutulus
Medicago sativa,Papilio zelicaon
Medicago sativa,Paragus haemorrhous
Medicago sativa,Pholisora catullus
Medicago sativa,Phyciodes batesii
Medicago sativa,Phyciodes pallida
Medicago sativa,Phyciodes picta
Medicago sativa,Phyciodes tharos
Medicago sativa,Pieris marginalis
Medicago sativa,Pieris napi
Medicago sativa,Pieris oleracea
Medicago sativa,Pieris rapae
Medicago sativa,Piruna pirus
Medicago sativa,Polites coras
Medicago sativa,Polites mystic
Medicago sativa,Polites origenes
Medicago sativa,Polites sabuleti
Medicago sativa,Polites themistocles
Medicago sativa,Polyommatus icarus
Medicago sativa,Pontia beckerii
Medicago sativa,Pontia occidentalis
Medicago sativa,Pontia protodice
Medicago sativa,Popillia japonica
Medicago sativa,Pyrgus communis
Medicago sativa,Pyrisitia lisa
Medicago sativa,Satyrium behrii
Medicago sativa,Selasphorus rufus
Medicago sativa,Speyeria aphrodite
Medicago sativa,Speyeria callippe
Medicago sativa,Speyeria coronis
Medicago sativa,Speyeria cybele
Medicago sativa,Speyeria edwardsii
Medicago sativa,Speyeria mormonia
Medicago sativa,Speyeria zerene
Medicago sativa,Strymon melinus
Medicago sativa,Syritta pipiens
Medicago sativa,Syrphus opinator
Medicago sativa,Tharsalea dione
Medicago sativa,Tharsalea helloides
Medicago sativa,Tharsalea hyllus
Medicago sativa,Thymelicus lineola
Medicago sativa,Toxomerus marginatus
Medicago sativa,Vanessa annabella
Medicago sativa,Vanessa atalanta
Medicago sativa,Vanessa cardui
Medicago sativa,Vernia verna
Medicago sativa,Villa fulviana
Medicago sativa,Wallengrenia egeremet
Medicago sativa,Zerene cesonia
Melia azedarach,Apis mellifera
Melilotus albus,Agapostemon sericeus
Melilotus albus,Ammophila pictipennis
Melilotus albus,Anoplius atrox
Melilotus albus,Anthidiellum notatum
Melilotus albus,Archytas aterrima
Melilotus albus,Belvosia bifasciata
Melilotus albus,Bembix nubilipennis
Melilotus albus,Bicyrtes ventralis
Melilotus albus,Bombus lapidarius
Melilotus albus,Bombus nevadensis
Melilotus albus,Bombus sylvicola
Melilotus albus,Calliopsis andreniformis
Melilotus albus,Celastrina argiolus
Melilotus albus,Ceratina dupla
Melilotus albus,Cerceris bicornuta
Melilotus albus,Cerceris clypeata
Melilotus albus,Cerceris compacta
Melilotus albus,Cerceris finitima
Melilotus albus,Cercyonis oetus
Melilotus albus,Ceropales bipunctata
Melilotus albus,Ceropales elegans
Melilotus albus,Chrysops striatus
Melilotus albus,Coelioxys rufitarsis
Melilotus albus,Coelioxys sayi
Melilotus albus,Colias philodice
Melilotus albus,Colletes eulophi
Melilotus albus,Colletes latitarsis
Melilotus albus,Colletes mandibularis
Melilotus albus,Colletes willistoni
Melilotus albus,Dianthidium floridiense
Melilotus albus,Entypus fulvicornis
Melilotus albus,Eristalinus aeneus
Melilotus albus,Eristalis stipator
Melilotus albus,Erynnis afranius
Melilotus albus,Eupeodes americanus
Melilotus albus,Euptoieta claudia
Melilotus albus,Glaucopsyche lygdamus
Melilotus albus,Halictus ligatus
Melilotus albus,Halictus parallelus
Melilotus albus,Harkenclenus titus
Melilotus albus,Helophilus latifrons
Melilotus albus,Heriades leavitti
Melilotus albus,Hesperia viridis
Melilotus albus,Hoplitis pilosifrons
Melilotus albus,Icaricia icarioides
Melilotus albus,Isodontia apicalis
Melilotus albus,Isodontia mexicana
Melilotus albus,Lasioglossum albipenne
Melilotus albus,Lasioglossum cinctipes
Melilotus albus,Lasioglossum leucozonium
Melilotus albus,Lasioglossum pectorale
Melilotus albus,Lasioglossum pruinosum
Melilotus albus,Lestica confluenta
Melilotus albus,Lycaena heteronea
Melilotus albus,Lycaena phlaeas
Melilotus albus,Lycaena rubidus
Melilotus albus,Megachile brevis
Melilotus albus,Megachile georgica
Melilotus albus,Megachile petulans
Melilotus albus,Mitoura spinetorum
Melilotus albus,Mordella marginata
Melilotus albus,Morellia micans
Melilotus albus,Neominois ridingsii
Melilotus albus,Nomada affabilis
Melilotus albus,Nomada articulata
Melilotus albus,Nomada superba
Melilotus albus,Oarisma edwardsii
Melilotus albus,Oxybelus emarginatus
Melilotus albus,Philanthus albopilosus
Melilotus albus,Phormia regina
Melilotus albus,Physocephala texana
Melilotus albus,Physoconops brachyrhynchus
Melilotus albus,Piruna pirus
Melilotus albus,Platycheirus quadratus
Melilotus albus,Poecilopompilus interruptus
Melilotus albus,Polistes carolina
Melilotus albus,Pontia protodice
Melilotus albus,Prionyx thomae
Melilotus albus,Satyrium behrii
Melilotus albus,Sceliphron caementarium
Melilotus albus,Speyeria edwardsii
Melilotus albus,Sphecodes dichrous
Melilotus albus,Stratiomys meigenii
Melilotus albus,Strymon sylvinus
Melilotus albus,Stylogaster biannulata
Melilotus albus,Tachytes distinctus
Melilotus albus,Tharsalea arota
Melilotus albus,Tharsalea dorcas
Melilotus albus,Thecla tetra
Melilotus albus,Thecophora occidensis
Melilotus albus,Trichiotinus affinis
Melilotus albus,Trichodes apiarius
Melilotus albus,Typocerus sinuatus
Melilotus albus,Vanessa atalanta
Melilotus albus,Vanessa virginiensis
Melilotus indicus,Polyommatus icarus
Melilotus officinalis,Bombus lapidarius
Melilotus officinalis,Bombus vancouverensis
Melilotus officinalis,Celastrina lucia
Melilotus officinalis,Coccinella trifasciata
Melilotus officinalis,Collops bipunctatus
Melilotus officinalis,Eresia aveyrona
Melilotus officinalis,Eristalis tenax
Melilotus officinalis,Feltia jaculifera
Melilotus officinalis,Harmonia axyridis
Melilotus officinalis,Hippodamia variegata
Melilotus officinalis,Limenitis arthemis
Melilotus officinalis,Ochlodes sylvanoides
Melilotus officinalis,Physocephala furcillata
Melissa officinalis,Bombus hypnorum
Melissa officinalis,Episyrphus balteatus
Melissa officinalis,Osmia caerulescens
Melissa officinalis,Pieris napi
Mentha arvensis,Aglais io
Mentha arvensis,Aglais urticae
Mentha arvensis,Anthocharis cardamines
Mentha arvensis,Archytas aterrima
Mentha arvensis,Augochlorella aurata
Mentha arvensis,Bembix nubilipennis
Mentha arvensis,Bombus
Mentha arvensis,Bombus lapidarius
Mentha arvensis,Celastrina argiolus
Mentha arvensis,Cercyonis oetus
Mentha arvensis,Cercyonis pegala
Mentha arvensis,Episyrphus balteatus
Mentha arvensis,Eristalis arbustorum
Mentha arvensis,Eristalis nemorum
Mentha arvensis,Eristalis tenax
Mentha arvensis,Eucerceris zonata
Mentha arvensis,Exoprosopa fascipennis
Mentha arvensis,Halictus confusus
Mentha arvensis,Helophilus hybridus
Mentha arvensis,Icaricia icarioides
Mentha arvensis,Isodontia apicalis
Mentha arvensis,Lasioglossum zonulum
Mentha arvensis,Lycaena phlaeas
Mentha arvensis,Meliscaeva cinctella
Mentha arvensis,Milesia virginiensis
Mentha arvensis,Myathropa florea
Mentha arvensis,Ochlodes sylvanoides
Mentha arvensis,Paragus haemorrhous
Mentha arvensis,Pararge aegeria
Mentha arvensis,Physoconops brachyrhynchus
Mentha arvensis,Pieris napi
Mentha arvensis,Polites mystic
Mentha arvensis,Polygonia c-album
Mentha arvensis,Polyommatus icarus
Mentha arvensis,Pyrophaena granditarsa
Mentha arvensis,Scathophaga stercoraria
Mentha arvensis,Strymon melinus
Mentha arvensis,Syritta pipiens
Mentha arvensis,Syrphus ribesii
Mentha arvensis,Syrphus torvus
Mentha arvensis,Syrphus vitripennis
Mentha arvensis,Tropidia quadrata
Mentha arvensis,Vanessa atalanta
Mentha arvensis,Xylota segnis
Mentha canadensis,Episyrphus balteatus
Mentha canadensis,Eristalis tenax
Mentha canadensis,Lucilia sericata
Mentha pulegium,Aglais io
Mentha pulegium,Anthidium manicatum
Mentha pulegium,Aricia agestis
Mentha pulegium,Bombus
Mentha pulegium,Eristalinus aeneus
Mentha pulegium,Eristalis tenax
Mentha pulegium,Lucilia sericata
Mentha pulegium,Lycaena phlaeas
Mentha pulegium,Myathropa florea
Mentha pulegium,Paragus haemorrhous
Mentha pulegium,Pieris napi
Mentha pulegium,Polygonia c-album
Mentha pulegium,Polyommatus icarus
Mentha pulegium,Thymelicus lineola
Mentha pulegium,Vanessa atalanta
Mentha pulegium,Vespa velutina
Mentha spicata,Aglais io
Mentha spicata,Aglais urticae
Mentha spicata,Anthocharis cardamines
Mentha spicata,Aricia agestis
Mentha spicata,Bombus lapidarius
Mentha spicata,Celastrina argiolus
Mentha spicata,Episyrphus balteatus
Mentha spicata,Helophilus hybridus
Mentha spicata,Icaricia icarioides
Mentha spicata,Lycaena phlaeas
Mentha spicata,Meliscaeva cinctella
Mentha spicata,Myathropa florea
Mentha spicata,Pararge aegeria
Mentha spicata,Pieris napi
Mentha spicata,Polygonia c-album
Mentha spicata,Polyommatus icarus
Mentha spicata,Pyrophaena granditarsa
Mentha spicata,Syrphus ribesii
Mentha spicata,Syrphus torvus
Mentha spicata,Syrphus vitripennis
Mentha spicata,Vanessa atalanta
Mentha spicata,Xylota segnis
Mentzelia lindleyi,Apis mellifera
Mentzelia micrantha,Habropoda depressa
Menyanthes trifoliata,Apis mellifera
Menyanthes trifoliata,Pieris napi
Mertensia ciliata,Andrena transnigra
Mertensia ciliata,Bombus centralis
Mertensia longiflora,Osmia simillima
Mertensia oblongifolia,Bombus bifarius
Mertensia oblongifolia,Osmia bucephala
Mertensia oblongifolia,Osmia coloradensis
Mertensia virginica,Andrena illini
Mertensia virginica,Anthophora ursina
Mertensia virginica,Augochlorella aurata
Mertensia virginica,Bombus pensylvanicus
Mertensia virginica,Bombus vagans
Mertensia virginica,Eucera atriventris
Mertensia virginica,Eucera dubitata
Mertensia virginica,Hyles lineata
Mertensia virginica,Lasioglossum versatum
Mertensia virginica,Nomada cressonii
Mertensia virginica,Osmia atriventris
Mertensia virginica,Osmia lignaria
Mertensia virginica,Osmia pumila
Mertensia virginica,Rhingia nasica
Mertensia virginica,Teuchocnemis lituratus
Mertensia virginica,Vanessa atalanta
Mesembryanthemum nodiflorum,Syritta pipiens
Micranthes rhomboidea,Erebia epipsodea
Mikania cordifolia,Augochlorella aurata
Mikania cordifolia,Augochloropsis metallica
Mikania cordifolia,Augochloropsis sumptuosa
Mikania cordifolia,Bombus impatiens
Mikania cordifolia,Coelioxys sayi
Mikania cordifolia,Hylaeus graenicheri
Mikania cordifolia,Hylaeus schwarzii
Mikania cordifolia,Lasioglossum nymphale
Mimosa quadrivalvis,Anthidiellum perplexum
Mimosa quadrivalvis,Apis mellifera
Mimosa quadrivalvis,Augochlorella aurata
Mimosa quadrivalvis,Augochloropsis sumptuosa
Mimosa quadrivalvis,Strangalia famelica
Mimosa quadrivalvis,Typocerus velutinus
Mimulus ringens,Bombus fervidus
Mimulus ringens,Bombus griseocollis
Mimulus ringens,Bombus nevadensis
Mimulus ringens,Bombus vagans
Mirabilis longiflora,Manduca quinquemaculatus
Mitchella repens,Bombus ternarius
Mollugo verticillata,Cerceris finitima
Mollugo verticillata,Lasioglossum imitatum
Mollugo verticillata,Lasioglossum tegulare
Mollugo verticillata,Lasioglossum versatum
Mollugo verticillata,Polistes canadensis
Mollugo verticillata,Trichopsomyia apisaon
Momordica charantia,Anartia fatima
Momordica charantia,Anthidiellum notatum
Momordica charantia,Augochlorella aurata
Momordica charantia,Lasioglossum pectorale
Momordica charantia,Megachile mendica
Momordica charantia,Pyrisitia nise
Momordica charantia,Wasmannia auropunctata
Monarda bradburiana,Anthophora terminalis
Monarda bradburiana,Anthophora ursina
Monarda bradburiana,Apis mellifera
Monarda bradburiana,Archilochus colubris
Monarda bradburiana,Augochlora pura
Monarda bradburiana,Augochlorella aurata
Monarda bradburiana,Bombus auricomus
Monarda bradburiana,Bombus impatiens
Monarda bradburiana,Bombus vagans
Monarda bradburiana,Bombylius atriceps
Monarda bradburiana,Ceratina strenua
Monarda bradburiana,Coelioxys sayi
Monarda bradburiana,Eucera rosae
Monarda bradburiana,Heriades variolosa
Monarda bradburiana,Hylaeus modestus
Monarda bradburiana,Lasioglossum coriaceum
Monarda bradburiana,Lasioglossum fuscipenne
Monarda bradburiana,Lasioglossum pectorale
Monarda bradburiana,Lasioglossum versatum
Monarda bradburiana,Megachile mendica
Monarda bradburiana,Osmia bucephala
Monarda bradburiana,Papilio cresphontes
Monarda bradburiana,Speyeria cybele
Monarda bradburiana,Thorybes pylades
Monarda bradburiana,Vanessa virginiensis
Monarda bradburiana,Xylocopa virginica
Monarda citriodora,Archilochus alexandri
Monarda didyma,Ochlodes sylvanoides
Monarda didyma,Phyciodes tharos
Monarda didyma,Sphex pensylvanicus
Monarda didyma,Syritta pipiens
Monarda fistulosa,Agapostemon sericeus
Monarda fistulosa,Asterocampa celtis
Monarda fistulosa,Brachiacantha ursina
Monarda fistulosa,Cecropterus lyciades
Monarda fistulosa,Cercyonis oetus
Monarda fistulosa,Chlosyne gorgone
Monarda fistulosa,Coelioxys rufitarsis
Monarda fistulosa,Erynnis afranius
Monarda fistulosa,Erynnis martialis
Monarda fistulosa,Euptoieta claudia
Monarda fistulosa,Exoprosopa decora
Monarda fistulosa,Exoprosopa fasciata
Monarda fistulosa,Harkenclenus titus
Monarda fistulosa,Hemipenthes sinuosus
Monarda fistulosa,Heriades leavitti
Monarda fistulosa,Hesperia ottoe
Monarda fistulosa,Hesperia pahaska
Monarda fistulosa,Hesperia uncas
Monarda fistulosa,Hesperia viridis
Monarda fistulosa,Lasioglossum versatum
Monarda fistulosa,Limenitis weidemeyerii
Monarda fistulosa,Lycaena rubidus
Monarda fistulosa,Mastor oslari
Monarda fistulosa,Megachile montivaga
Monarda fistulosa,Melissodes agilis
Monarda fistulosa,Melissodes comptoides
Monarda fistulosa,Ochlodes snowi
Monarda fistulosa,Ochlodes sylvanoides
Monarda fistulosa,Papilio multicaudata
Monarda fistulosa,Parnassius smintheus
Monarda fistulosa,Pholisora catullus
Monarda fistulosa,Piruna pirus
Monarda fistulosa,Polites mystic
Monarda fistulosa,Polites origenes
Monarda fistulosa,Polygonia comma
Monarda fistulosa,Pontia protodice
Monarda fistulosa,Satyrium behrii
Monarda fistulosa,Satyrium liparops
Monarda fistulosa,Speyeria aphrodite
Monarda fistulosa,Speyeria callippe
Monarda fistulosa,Speyeria coronis
Monarda fistulosa,Speyeria edwardsii
Monarda fistulosa,Speyeria idalia
Monarda fistulosa,Strymon saepium
Monarda fistulosa,Svastra obliqua
Monarda fistulosa,Systoechus vulgaris
Monarda fistulosa,Thorybes daunus
Monarda fistulosa,Thymelicus lineola
Monarda fistulosa,Trichodes ornatus
Monarda fistulosa,Triepeolus remigatus
Monarda pectinata,Anthophora urbana
Monarda punctata,Anterastria teratophora
Monarda punctata,Bombus
Monardella odoratissima,Icaricia icarioides
Mononeuria caroliniana,Bombylius incanus
Mononeuria caroliniana,Forelius pruinosus
Mononeuria caroliniana,Formica pallidefulva
Mononeuria caroliniana,Lycaena hypophlaeas
Mononeuria glabra,Incisalia irioides
Mononeuria groenlandica,Bombus terricola
Mononeuria groenlandica,Delia platura
Mononeuria groenlandica,Eristalis tenax
Mononeuria groenlandica,Meliscaeva cinctella
Mononeuria groenlandica,Oeneis melissa
Mononeuria groenlandica,Platycheirus obscurus
Mononeuria groenlandica,Scathophaga nigrolimbata
Morella cerifera,Calycopis cecrops
Morinda royoc,Apis mellifera
Morinda royoc,Battus polydamas
Morinda royoc,Dielis dorsata
Murdannia keisak,Paragus haemorrhous
Muscari armeniacum,Bombus hypnorum
Muscari armeniacum,Bombylius major
Muscari armeniacum,Episyrphus balteatus
Muscari armeniacum,Halictus rubicundus
Muscari armeniacum,Papilio machaon
Muscari armeniacum,Pieris rapae
Muscari armeniacum,Vanessa cardui
Muscari botryoides,Bombylius major
Muscari botryoides,Celastrina argiolus
Muscari botryoides,Episyrphus balteatus
Muscari botryoides,Halictus rubicundus
Muscari botryoides,Vanessa cardui
Muscari neglectum,Colias croceus
Muscari neglectum,Episyrphus balteatus
Muscari neglectum,Eristalis tenax
Muscari neglectum,Halictus rubicundus
Muscari neglectum,Vanessa cardui
Musineon divaricatum,Colias eurytheme
Musineon divaricatum,Yvretta rhesus
Myoporum laetum,Pararge aegeria
Myoporum laetum,Vanessa atalanta
Myoporum laetum,Vespa velutina
Myosotis arvensis,Aglais io
Myosotis arvensis,Aglais urticae
Myosotis arvensis,Anthocharis cardamines
Myosotis arvensis,Apis mellifera
Myosotis arvensis,Aricia agestis
Myosotis arvensis,Bombus lapidarius
Myosotis arvensis,Bombylius major
Myosotis arvensis,Carterocephalus palaemon
Myosotis arvensis,Celastrina argiolus
Myosotis arvensis,Episyrphus balteatus
Myosotis arvensis,Eristalis arbustorum
Myosotis arvensis,Eristalis tenax
Myosotis arvensis,Lycaena phlaeas
Myosotis arvensis,Merodon equestris
Myosotis arvensis,Paragus haemorrhous
Myosotis arvensis,Pararge aegeria
Myosotis arvensis,Pieris napi
Myosotis arvensis,Pieris rapae
Myosotis arvensis,Polyommatus icarus
Myosotis arvensis,Pyrophaena granditarsa
Myosotis arvensis,Strophosoma capitatum
Myosotis arvensis,Syritta pipiens
Myosotis arvensis,Vanessa atalanta
Myosotis arvensis,Xylota segnis
Myosotis discolor,Aricia agestis
Myosotis discolor,Bombylius major
Myosotis discolor,Eristalis arbustorum
Myosotis discolor,Eristalis tenax
Myosotis discolor,Strophosoma capitatum
Myosotis discolor,Syritta pipiens
Myosotis laxa,Aricia agestis
Myosotis laxa,Bombylius major
Myosotis laxa,Eristalis arbustorum
Myosotis laxa,Eristalis tenax
Myosotis laxa,Strophosoma capitatum
Myosotis laxa,Syritta pipiens
Myosotis ramosissima,Aricia agestis
Myosotis ramosissima,Bombylius major
Myosotis ramosissima,Eristalis arbustorum
Myosotis ramosissima,Eristalis tenax
Myosotis ramosissima,Strophosoma capitatum
Myosotis ramosissima,Syritta pipiens
Myosotis scorpioides,Aglais io
Myosotis scorpioides,Aglais urticae
Myosotis scorpioides,Anthocharis cardamines
Myosotis scorpioides,Celastrina argiolus
Myosotis scorpioides,Eristalis arbustorum
Myosotis scorpioides,Eristalis tenax
Myosotis scorpioides,Merodon equestris
Myosotis scorpioides,Pararge aegeria
Myosotis scorpioides,Pieris napi
Myosotis scorpioides,Pieris rapae
Myosotis scorpioides,Pyrophaena granditarsa
Myosotis scorpioides,Syritta pipiens
Myosotis scorpioides,Vanessa atalanta
Myosotis scorpioides,Xylota segnis
Myosotis stricta,Halictus rubicundus
Myosotis sylvatica,Aricia agestis
Myosotis sylvatica,Bombylius major
Myosotis sylvatica,Celastrina argiolus
Myosotis sylvatica,Dione moneta
Myosotis sylvatica,Episyrphus balteatus
Myosotis sylvatica,Eristalis arbustorum
Myosotis sylvatica,Eristalis tenax
Myosotis sylvatica,Lasioglossum nigroviride
Myosotis sylvatica,Pieris oleracea
Myosotis sylvatica,Pieris rapae
Myosotis sylvatica,Strophosoma capitatum
Myosotis sylvatica,Syritta pipiens
Myosotis verna,Augochlorella aurata
Myosotis verna,Pontia protodice
Myrica gale,Episyrphus balteatus
Myrica gale,Meliscaeva cinctella
Nabalus asper,Bombus pensylvanicus
Napaea dioica,Bombus
Napaea dioica,Bombus affinis
Napaea dioica,Bombus fervidus
Napaea dioica,Bombus impatiens
Napaea dioica,Bombus pensylvanicus
Narcissus poeticus,Apis mellifera
Narcissus poeticus,Eristalis tenax
Narcissus poeticus,Vanessa atalanta
Narcissus pseudonarcissus,Aglais io
Narcissus pseudonarcissus,Aglais urticae
Narcissus pseudonarcissus,Bombus
Narcissus pseudonarcissus,Bombus hypnorum
Narcissus pseudonarcissus,Bombus lapidarius
Narcissus pseudonarcissus,Eristalis tenax
Narcissus pseudonarcissus,Merodon equestris
Narcissus pseudonarcissus,Vanessa atalanta
Narcissus tazetta,Eristalis tenax
Narcissus tazetta,Macroglossum stellatarum
Nasturtium officinale,Adopaeoides prittwitzi
Nasturtium officinale,Cercyonis pegala
Nasturtium officinale,Coenosia tigrina
Nasturtium officinale,Epargyreus clarus
Nasturtium officinale,Lethe eurydice
Nasturtium officinale,Piruna pirus
Nasturtium officinale,Thessalia leanira
Nelumbo lutea,Agapostemon sericeus
Nelumbo lutea,Augochlorella aurata
Nelumbo lutea,Bombus pensylvanicus
Nelumbo lutea,Halictus ligatus
Nelumbo lutea,Halictus parallelus
Nelumbo lutea,Halictus rubicundus
Nelumbo lutea,Hylaeus affinis
Nelumbo lutea,Hylaeus nelumbonis
Nelumbo lutea,Lasioglossum imitatum
Nelumbo lutea,Lasioglossum nelumbonis
Nelumbo lutea,Lasioglossum versatum
Nelumbo lutea,Orthonevra nitida
Nelumbo lutea,Scolia bicincta
Nelumbo lutea,Syritta pipiens
Nelumbo lutea,Syrphus ribesii
Nelumbo lutea,Toxomerus marginatus
Nelumbo lutea,Trichopsomyia apisaon
Nelumbo lutea,Typocerus badius
Nemophila heterophylla,Andrena w-scripta
Nepeta cataria,Agapostemon sericeus
Nepeta cataria,Aglais urticae
Nepeta cataria,Ammophila nigricans
Nepeta cataria,Ammophila pictipennis
Nepeta cataria,Ammophila procera
Nepeta cataria,Archytas aterrima
Nepeta cataria,Atalopedes campestris
Nepeta cataria,Bombus bohemicus
Nepeta cataria,Bombus hypnorum
Nepeta cataria,Bombus lapidarius
Nepeta cataria,Calliopsis andreniformis
Nepeta cataria,Cercyonis pegala
Nepeta cataria,Chrysanthrax cypris
Nepeta cataria,Coelioxys sayi
Nepeta cataria,Episyrphus balteatus
Nepeta cataria,Eristalis tenax
Nepeta cataria,Halictus parallelus
Nepeta cataria,Helophilus latifrons
Nepeta cataria,Heriades leavitti
Nepeta cataria,Hoplitis pilosifrons
Nepeta cataria,Icaricia icarioides
Nepeta cataria,Lasioglossum imitatum
Nepeta cataria,Lasioglossum versatum
Nepeta cataria,Megachile brevis
Nepeta cataria,Megachile centuncularis
Nepeta cataria,Megachile montivaga
Nepeta cataria,Megachile petulans
Nepeta cataria,Megachile pugnata
Nepeta cataria,Megachile texana
Nepeta cataria,Melissodes communis
Nepeta cataria,Nomada articulata
Nepeta cataria,Osmia caerulescens
Nepeta cataria,Papilio glaucus
Nepeta cataria,Pholisora catullus
Nepeta cataria,Phyciodes tharos
Nepeta cataria,Polygonia interrogationis
Nepeta cataria,Prionyx atratus
Nepeta cataria,Pyrgus communis
Nepeta cataria,Rhingia nasica
Nepeta cataria,Rhynchanthrax parvicornis
Nepeta cataria,Speyeria aphrodite
Nepeta cataria,Speyeria atlantis
Nepeta cataria,Speyeria callippe
Nepeta cataria,Speyeria cybele
Nepeta cataria,Svastra obliqua
Nepeta cataria,Tharsalea arota
Nepeta cataria,Triepeolus concavus
Nepeta cataria,Triepeolus lunatus
Nepeta cataria,Triepeolus remigatus
Nepeta cataria,Vanessa atalanta
Nigella damascena,Danaus plexippus
Noccaea fendleri,Hylaeus annulatus
Noccaea fendleri,Hylaeus hyalinatus
Noccaea fendleri,Hylaeus leptocephalus
Noccaea fendleri,Hylaeus pictipes
Noccaea fendleri,Hylaeus punctatus
Nolina brittoniana,Apis mellifera
Nothoscordum bivalve,Anagrapha falcifera
Nothoscordum bivalve,Augochlorella aurata
Nothoscordum bivalve,Bombylius pulchellus
Nothoscordum bivalve,Elkalyce comyntas
Nothoscordum bivalve,Lasioglossum versatum
Nothoscordum bivalve,Nomada articulata
Nothoscordum bivalve,Nomada cressonii
Nothoscordum bivalve,Nomada cuneata
Nothoscordum bivalve,Nomada luteoloides
Nothoscordum bivalve,Nomada superba
Nothoscordum bivalve,Osmia atriventris
Nothoscordum bivalve,Pieris rapae
Nothoscordum gracile,Colias croceus
Nothoscordum gracile,Eristalis tenax
Nothoscordum gracile,Pieris rapae
Nuphar advena,Cerceris deserta
Nuphar advena,Lasioglossum nelumbonis
Nuphar advena,Parhelophilus divisus
Nymphaea mexicana,Apis mellifera
Odontites vulgaris,Apis mellifera
Odontites vulgaris,Bombus lapidarius
Odontites vulgaris,Polyommatus icarus
Oenothera biennis,Bombus
Oenothera biennis,Eristalis tenax
Oenothera cespitosa,Lintneria separatus
Oenothera elata,Ochlodes snowi
Oenothera fruticosa,Augochlorella aurata
Oenothera fruticosa,Bombus pensylvanicus
Oenothera fruticosa,Eristalis dimidiata
Oenothera fruticosa,Eristalis stipator
Oenothera fruticosa,Eupeodes americanus
Oenothera fruticosa,Gymnoclytia immaculata
Oenothera fruticosa,Halictus ligatus
Oenothera fruticosa,Halictus parallelus
Oenothera fruticosa,Halictus rubicundus
Oenothera fruticosa,Hoplitis pilosifrons
Oenothera fruticosa,Lasioglossum albipenne
Oenothera fruticosa,Lasioglossum pectorale
Oenothera fruticosa,Lasioglossum versatum
Oenothera fruticosa,Megachile addenda
Oenothera fruticosa,Megachile brevis
Oenothera fruticosa,Megachile montivaga
Oenothera fruticosa,Megachile policaris
Oenothera fruticosa,Polites coras
Oenothera fruticosa,Pontia protodice
Oenothera fruticosa,Tropidia mamillata
Oenothera glazioviana,Apis mellifera
Oenothera glazioviana,Deilephila elpenor
Oenothera glazioviana,Episyrphus balteatus
Oenothera glazioviana,Eristalis tenax
Oenothera glazioviana,Vespa velutina
Oenothera humifusa,Apis mellifera
Oenothera humifusa,Bombus lapidarius
Oenothera lindheimeri,Episyrphus balteatus
Oenothera lindheimeri,Vespa velutina
Oenothera macrocarpa,Augochlorella aurata
Oenothera parviflora,Eristalis tenax
Oenothera rosea,Apis mellifera
Oenothera rosea,Papilio machaon
Oenothera rosea,Pieris rapae
Oenothera rosea,Systasea pulverulenta
Oenothera rosea,Vanessa cardui
Oenothera serrulata,Euphyes vestris
Onopordum acanthium,Apis mellifera
Onopordum acanthium,Heriades truncorum
Onopordum acanthium,Hylaeus annulatus
Onopordum acanthium,Hylaeus hyalinatus
Onopordum acanthium,Hylaeus leptocephalus
Onopordum acanthium,Hylaeus pictipes
Onopordum acanthium,Hylaeus punctatus
Onopordum acanthium,Lithurgus chrysurus
Opuntia engelmannii,Acmaeodera opuntiae
Opuntia engelmannii,Cynanthus latirostris
Opuntia fragilis,Diadasia australis
Opuntia humifusa,Agapostemon splendens
Opuntia humifusa,Augochloropsis sumptuosa
Opuntia humifusa,Bombus pensylvanicus
Opuntia humifusa,Dianthidium floridiense
Opuntia humifusa,Episyrphus balteatus
Opuntia humifusa,Halictus ligatus
Opuntia humifusa,Lasioglossum tegulare
Opuntia humifusa,Megachile policaris
Opuntia humifusa,Megachile pseudobrevis
Opuntia humifusa,Megachile texana
Opuntia macrocentra,Apis mellifera
Opuntia macrocentra,Ashmeadiella opuntiae
Opuntia macrocentra,Diadasia rinconis
Opuntia macrocentra,Lithurgopsis littoralis
Opuntia macrocentra,Melissodes tristis
Opuntia polyacantha,Bombus
Opuntia polyacantha,Diadasia australis
Opuntia polyacantha,Hesperia pahaska
Opuntia polyacantha,Hesperia uncas
Opuntia polyacantha,Hesperia viridis
Opuntia polyacantha,Stinga morrisoni
Opuntia polyacantha,Yvretta rhesus
Oreocarya thyrsiflora,Piruna pirus
Origanum vulgare,Aglais io
Origanum vulgare,Aglais urticae
Origanum vulgare,Anthidium florentinum
Origanum vulgare,Araschnia levana
Origanum vulgare,Aricia agestis
Origanum vulgare,Autographa gamma
Origanum vulgare,Bombus hypnorum
Origanum vulgare,Bombus lapidarius
Origanum vulgare,Brassicogethes aeneus
Origanum vulgare,Celastrina argiolus
Origanum vulgare,Ceratina mikmaqi
Origanum vulgare,Episyrphus balteatus
Origanum vulgare,Eristalis anthophorina
Origanum vulgare,Eristalis nemorum
Origanum vulgare,Fannia canicularis
Origanum vulgare,Geranomyia rostrata
Origanum vulgare,Gnophaela vermiculata
Origanum vulgare,Graphomya maculata
Origanum vulgare,Helophilus hybridus
Origanum vulgare,Hypena lividalis
Origanum vulgare,Limenitis reducta
Origanum vulgare,Lucilia sericata
Origanum vulgare,Lycaena phlaeas
Origanum vulgare,Megachile frigida
Origanum vulgare,Myathropa florea
Origanum vulgare,Ochlodes sylvanoides
Origanum vulgare,Pieris napi
Origanum vulgare,Polygonia c-album
Origanum vulgare,Rhagonycha fulva
Origanum vulgare,Scathophaga stercoraria
Origanum vulgare,Syrphus ribesii
Origanum vulgare,Syrphus vitripennis
Origanum vulgare,Tharsalea mariposa
Origanum vulgare,Trichodes apiarius
Ornithogalum nutans,Chelostoma campanularum
Ornithogalum nutans,Delia platura
Ornithogalum nutans,Episyrphus balteatus
Ornithogalum nutans,Lycaena phlaeas
Ornithogalum umbellatum,Chelostoma campanularum
Ornithogalum umbellatum,Delia platura
Ornithogalum umbellatum,Episyrphus balteatus
Ornithogalum umbellatum,Lycaena phlaeas
Orthilia secunda,Bombus
Orthilia secunda,Brassicogethes aeneus
Orthilia secunda,Epuraea aestiva
Osmorhiza longistylis,Agapostemon sericeus
Osmorhiza longistylis,Agapostemon splendens
Osmorhiza longistylis,Allograpta obliqua
Osmorhiza longistylis,Andrena geranii
Osmorhiza longistylis,Apis mellifera
Osmorhiza longistylis,Augochlorella aurata
Osmorhiza longistylis,Bombus impatiens
Osmorhiza longistylis,Bombylius major
Osmorhiza longistylis,Ceratina calcarata
Osmorhiza longistylis,Chyliza apicalis
Osmorhiza longistylis,Eumenes fraternus
Osmorhiza longistylis,Halictus rubicundus
Osmorhiza longistylis,Hiatomyia cyanescens
Osmorhiza longistylis,Hylaeus affinis
Osmorhiza longistylis,Hylaeus illinoisensis
Osmorhiza longistylis,Hylaeus modestus
Osmorhiza longistylis,Hylaeus sparsus
Osmorhiza longistylis,Idiostethus subcalvus
Osmorhiza longistylis,Lasioglossum coeruleum
Osmorhiza longistylis,Lasioglossum imitatum
Osmorhiza longistylis,Lasioglossum obscurum
Osmorhiza longistylis,Lasioglossum pectorale
Osmorhiza longistylis,Lasioglossum versatum
Osmorhiza longistylis,Myopa vesiculosa
Osmorhiza longistylis,Nomada cuneata
Osmorhiza longistylis,Osmia conjuncta
Osmorhiza longistylis,Osmia lignaria
Osmorhiza longistylis,Pipiza femoralis
Osmorhiza longistylis,Rhingia nasica
Osmorhiza longistylis,Sphecodes ranunculi
Osmorhiza longistylis,Sphegina rufiventris
Osmorhiza longistylis,Syritta pipiens
Osmorhiza longistylis,Syrphus ribesii
Oxalis articulata,Anthidium oblongatum
Oxalis articulata,Anthocharis cardamines
Oxalis articulata,Bombus lapidarius
Oxalis articulata,Celastrina argiolus
Oxalis articulata,Colias croceus
Oxalis articulata,Episyrphus balteatus
Oxalis articulata,Eristalis tenax
Oxalis articulata,Euptoieta claudia
Oxalis articulata,Megachile centuncularis
Oxalis articulata,Osmia caerulescens
Oxalis articulata,Pieris napi
Oxalis articulata,Syritta pipiens
Oxalis corniculata,Abaeis nicippe
Oxalis corniculata,Pieris canidia
Oxalis corniculata,Vespa velutina
Oxalis debilis,Apis mellifera
Oxalis debilis,Bombus lapidarius
Oxalis debilis,Pieris canidia
Oxalis debilis,Pieris rapae
Oxalis pes-caprae,Colias croceus
Oxalis pes-caprae,Episyrphus balteatus
Oxalis pes-caprae,Eristalinus aeneus
Oxalis pes-caprae,Eristalis tenax
Oxalis pes-caprae,Osmia caerulescens
Oxalis pes-caprae,Paragus haemorrhous
Oxalis pes-caprae,Pararge aegeria
Oxalis pes-caprae,Pieris napi
Oxalis pes-caprae,Pieris rapae
Oxalis violacea,Acmaeodera tubulus
Oxalis violacea,Agapostemon sericeus
Oxalis violacea,Andrena cressonii
Oxalis violacea,Andrena personata
Oxalis violacea,Andrena violae
Oxalis violacea,Apis mellifera
Oxalis violacea,Augochlorella aurata
Oxalis violacea,Bombus auricomus
Oxalis violacea,Bombus pensylvanicus
Oxalis violacea,Bombylius pulchellus
Oxalis violacea,Ceratina calcarata
Oxalis violacea,Ceratina strenua
Oxalis violacea,Erynnis brizo
Oxalis violacea,Halictus ligatus
Oxalis violacea,Halictus rubicundus
Oxalis violacea,Lasioglossum pectorale
Oxalis violacea,Lasioglossum versatum
Oxalis violacea,Nomada articulata
Oxalis violacea,Nomada cressonii
Oxalis violacea,Nomada maculata
Oxalis violacea,Nomada superba
Oxalis violacea,Osmia distincta
Oxalis violacea,Osmia pumila
Oxalis violacea,Osmia simillima
Oxalis violacea,Phyciodes tharos
Oxypolis rigidior,Allograpta obliqua
Oxypolis rigidior,Apallates coxendix
Oxypolis rigidior,Apis mellifera
Oxypolis rigidior,Astata unicolor
Oxypolis rigidior,Belvosia unifasciata
Oxypolis rigidior,Cerceris clypeata
Oxypolis rigidior,Cerceris compacta
Oxypolis rigidior,Chalybion californicum
Oxypolis rigidior,Cylindromyia interrupta
Oxypolis rigidior,Ectemnius trifasciatus
Oxypolis rigidior,Entypus fulvicornis
Oxypolis rigidior,Epicauta cinerea
Oxypolis rigidior,Epicauta pensylvanica
Oxypolis rigidior,Euaresta bella
Oxypolis rigidior,Eutrichosoma mirabile
Oxypolis rigidior,Gorytes simillimus
Oxypolis rigidior,Halictus rubicundus
Oxypolis rigidior,Hedychrum violaceum
Oxypolis rigidior,Holopyga ventralis
Oxypolis rigidior,Hylaeus affinis
Oxypolis rigidior,Ichneumon ambulatorius
Oxypolis rigidior,Isodontia apicalis
Oxypolis rigidior,Larropsis distincta
Oxypolis rigidior,Lasioglossum imitatum
Oxypolis rigidior,Lasioglossum versatum
Oxypolis rigidior,Leptometopa latipes
Oxypolis rigidior,Lestica confluenta
Oxypolis rigidior,Leucospis affinis
Oxypolis rigidior,Limenitis archippus
Oxypolis rigidior,Limnophora narona
Oxypolis rigidior,Lucilia sericata
Oxypolis rigidior,Lyroda subita
Oxypolis rigidior,Mordella melaena
Oxypolis rigidior,Mordellistena limbalis
Oxypolis rigidior,Musca domestica
Oxypolis rigidior,Myrmosa unicolor
Oxypolis rigidior,Oxybelus emarginatus
Oxypolis rigidior,Perilampus fulvicornis
Oxypolis rigidior,Perilampus hyalinus
Oxypolis rigidior,Polistes carolina
Oxypolis rigidior,Polistes fuscatus
Oxypolis rigidior,Prionyx atratus
Oxypolis rigidior,Saygorytes phaleratus
Oxypolis rigidior,Sceliphron caementarium
Oxypolis rigidior,Scolia bicincta
Oxypolis rigidior,Sennius cruentatus
Oxypolis rigidior,Sphecodes dichrous
Oxypolis rigidior,Spilomyia longicornis
Oxypolis rigidior,Stizoides renicinctus
Oxypolis rigidior,Syritta pipiens
Oxypolis rigidior,Syrphus ribesii
Oxypolis rigidior,Tachytes distinctus
Oxypolis rigidior,Toxomerus marginatus
Oxypolis rigidior,Toxomerus politus
Oxypolis rigidior,Trichopoda pennipes
Oxyria digyna,Polia richardsoni
Oxytropis borealis,Bombus nevadensis
Oxytropis borealis,Bombus rufocinctus
Oxytropis campestris,Bombus
Oxytropis campestris,Bombus mixtus
Oxytropis campestris,Brassicogethes aeneus
Oxytropis campestris,Papilio canadensis
Oxytropis deflexa,Hesperia uncas
Oxytropis deflexa,Ochlodes snowi
Oxytropis sericea,Bombus
Oxytropis sericea,Bombus flavifrons
Oxytropis sericea,Hesperia nevada
Oxytropis sericea,Hesperia uncas
Oxytropis sericea,Thorybes mexicana
Oxytropis sericea,Yvretta rhesus
Packera anonyma,Andrena gardineri
Packera anonyma,Chauliognathus marginatus
Packera cana,Tharsalea helloides
Packera fendleri,Aglais milberti
Packera fendleri,Callophrys dumetorum
Packera fendleri,Celastrina lucia
Packera fendleri,Chlosyne gorgone
Packera fendleri,Chlosyne palla
Packera fendleri,Colias philodice
Packera fendleri,Erebia epipsodea
Packera fendleri,Erynnis afranius
Packera fendleri,Erynnis martialis
Packera fendleri,Erynnis pacuvius
Packera fendleri,Erynnis persius
Packera fendleri,Erynnis telemachus
Packera fendleri,Euchloe ausonides
Packera fendleri,Euptoieta claudia
Packera fendleri,Glaucopsyche lygdamus
Packera fendleri,Hesperia pahaska
Packera fendleri,Hesperia uncas
Packera fendleri,Icaricia icarioides
Packera fendleri,Oarisma garita
Packera fendleri,Occidryas anicia
Packera fendleri,Oeneis uhleri
Packera fendleri,Papilio indra
Packera fendleri,Papilio polyxenes
Packera fendleri,Papilio zelicaon
Packera fendleri,Parnassius smintheus
Packera fendleri,Phyciodes pallida
Packera fendleri,Phyciodes tharos
Packera fendleri,Plebejus lupini
Packera fendleri,Poladryas minuta
Packera fendleri,Pontia protodice
Packera fendleri,Pyrgus communis
Packera fendleri,Speyeria aphrodite
Packera fendleri,Speyeria atlantis
Packera fendleri,Speyeria callippe
Packera fendleri,Speyeria coronis
Packera fendleri,Speyeria edwardsii
Packera fendleri,Stinga morrisoni
Packera fendleri,Yvretta rhesus
Packera multilobata,Coenonympha california
Packera multilobata,Copestylum avidum
Packera multilobata,Icaricia lupini
Packera paupercula,Danaus plexippus
Packera plattensis,Bombus pensylvanicus
Packera plattensis,Icaricia icarioides
Packera plattensis,Yvretta rhesus
Palafoxia feayi,Agapostemon splendens
Palafoxia feayi,Anthidiellum perplexum
Palafoxia feayi,Anthidium maculifrons
Palafoxia feayi,Augochlorella aurata
Palafoxia feayi,Augochloropsis sumptuosa
Palafoxia feayi,Colletes thysanellae
Palafoxia feayi,Dianthidium floridiense
Palafoxia feayi,Halictus ligatus
Palafoxia feayi,Megachile georgica
Palafoxia feayi,Megachile inimica
Palafoxia feayi,Megachile mendica
Palafoxia feayi,Megachile petulans
Palafoxia feayi,Megachile policaris
Palafoxia feayi,Megachile pseudobrevis
Palafoxia feayi,Megachile texana
Panicum virgatum,Lasioglossum versatum
Papaver californicum,Eupeodes fumipennis
Papaver dubium,Apis mellifera
Papaver dubium,Bombus lapidarius
Papaver dubium,Brassicogethes aeneus
Papaver dubium,Cantharis livida
Papaver dubium,Cantharis rufa
Papaver dubium,Syrphus ribesii
Papaver rhoeas,Bombus
Papaver rhoeas,Bombus lapidarius
Papaver rhoeas,Chloromyia formosa
Papaver rhoeas,Diabrotica undecimpunctata
Papaver rhoeas,Episyrphus balteatus
Papaver rhoeas,Eristalis nemorum
Papaver rhoeas,Lasioglossum leucozonium
Papaver rhoeas,Minettia fasciata
Papaver rhoeas,Myrmica rubra
Papaver rhoeas,Rhagonycha fulva
Papaver rhoeas,Syrphus ribesii
Papaver rhoeas,Syrphus vitripennis
Papaver somniferum,Bombus hypnorum
Papaver somniferum,Bombus lapidarius
Papaver somniferum,Bombus nevadensis
Papaver somniferum,Episyrphus balteatus
Papaver somniferum,Eupeodes perplexus
Papaver somniferum,Megachile centuncularis
Parietaria pensylvanica,Vanessa atalanta
Parkinsonia aculeata,Anthidiellum notatum
Parkinsonia aculeata,Anthidiellum perplexum
Parkinsonia aculeata,Anthidium maculifrons
Parkinsonia aculeata,Coelioxys sayi
Parkinsonia aculeata,Coelioxys texana
Parkinsonia aculeata,Dianthidium floridiense
Parkinsonia aculeata,Heriades leavitti
Parkinsonia aculeata,Hylaeus confluens
Parkinsonia aculeata,Megachile exilis
Parkinsonia aculeata,Megachile frugalis
Parkinsonia aculeata,Megachile georgica
Parkinsonia aculeata,Megachile inimica
Parkinsonia aculeata,Megachile mendica
Parkinsonia aculeata,Megachile petulans
Parkinsonia aculeata,Megachile policaris
Parkinsonia aculeata,Megachile pseudobrevis
Parkinsonia aculeata,Megachile rugifrons
Parkinsonia aculeata,Megachile sculpturalis
Parkinsonia aculeata,Stelis louisae
Parkinsonia aculeata,Xylocopa micans
Parnassia palustris,Apis mellifera
Parnassia palustris,Boloria chariclea
Parnassia palustris,Botanophila fugax
Parnassia palustris,Calliphora vicina
Parnassia palustris,Delia platura
Parnassia palustris,Episyrphus balteatus
Parnassia palustris,Epuraea aestiva
Parnassia palustris,Eristalis nemorum
Parnassia palustris,Eristalis tenax
Parnassia palustris,Musca autumnalis
Parnassia palustris,Myrmica rubra
Parnassia palustris,Paragus haemorrhous
Parnassia palustris,Pieris rapae
Parnassia palustris,Pyrophaena granditarsa
Parnassia palustris,Scathophaga stercoraria
Parnassia palustris,Syrphus ribesii
Parnassia palustris,Syrphus torvus
Parnassia palustris,Xanthorhoe decoloraria
Parthenium integrifolium,Ammophila nigricans
Parthenium integrifolium,Cerceris compacta
Parthenium integrifolium,Cerceris rufopicta
Parthenium integrifolium,Heriades leavitti
Parthenium integrifolium,Heriades variolosa
Parthenium integrifolium,Lasioglossum versatum
Parthenium integrifolium,Lestica confluenta
Parthenium integrifolium,Megachile montivaga
Parthenium integrifolium,Oxybelus emarginatus
Parthenium integrifolium,Pentaria trifasciata
Parthenium integrifolium,Sphecodes dichrous
Parthenium integrifolium,Stomoxys calcitrans
Parthenium integrifolium,Toxophora amphitea
Parthenium integrifolium,Trichiotinus affinis
Parthenium integrifolium,Typocerus sinuatus
Parthenium integrifolium,Zodion fulvifrons
Paspalum dilatatum,Apis mellifera
Passiflora foetida,Apis mellifera
Passiflora foetida,Polistes canadensis
Pastinaca sativa,Agrilus difficilis
Pastinaca sativa,Agrilus egenus
Pastinaca sativa,Agriotes insanus
Pastinaca sativa,Allognosta fuscitarsis
Pastinaca sativa,Ammophila nigricans
Pastinaca sativa,Ancistrocerus campestris
Pastinaca sativa,Andrena barbilabris
Pastinaca sativa,Andrena cressonii
Pastinaca sativa,Andrena hippotes
Pastinaca sativa,Andrena personata
Pastinaca sativa,Andrena platyparia
Pastinaca sativa,Andrena pruni
Pastinaca sativa,Andrena robertsonii
Pastinaca sativa,Anoplius atrox
Pastinaca sativa,Anthocharis cardamines
Pastinaca sativa,Anthrenus castaneae
Pastinaca sativa,Araschnia levana
Pastinaca sativa,Arge humeralis
Pastinaca sativa,Astata unicolor
Pastinaca sativa,Athalia rosae
Pastinaca sativa,Augochlorella aurata
Pastinaca sativa,Belvosia unifasciata
Pastinaca sativa,Bombus
Pastinaca sativa,Bombus pensylvanicus
Pastinaca sativa,Botanophila fugax
Pastinaca sativa,Callimoxys fuscipennis
Pastinaca sativa,Callimoxys sanguinicollis
Pastinaca sativa,Calliphora vicina
Pastinaca sativa,Calliphora vomitoria
Pastinaca sativa,Calopteron reticulatum
Pastinaca sativa,Carpophilus brachypterus
Pastinaca sativa,Ceratina dupla
Pastinaca sativa,Cerceris clypeata
Pastinaca sativa,Cerceris compacta
Pastinaca sativa,Cerceris kennicottii
Pastinaca sativa,Ceropales maculata
Pastinaca sativa,Chloromyia formosa
Pastinaca sativa,Chrysops striatus
Pastinaca sativa,Cochliomyia macellaria
Pastinaca sativa,Colletes brevicornis
Pastinaca sativa,Colletes eulophi
Pastinaca sativa,Colpognathus helvus
Pastinaca sativa,Cryptorhopalum haemorrhoidale
Pastinaca sativa,Cylindromyia interrupta
Pastinaca sativa,Delia platura
Pastinaca sativa,Delia radicum
Pastinaca sativa,Diplonevra nitidula
Pastinaca sativa,Ectemnius lapidarius
Pastinaca sativa,Ectemnius trifasciatus
Pastinaca sativa,Epicauta cinerea
Pastinaca sativa,Epistrophe grossulariae
Pastinaca sativa,Episyrphus balteatus
Pastinaca sativa,Eristalinus aeneus
Pastinaca sativa,Eristalinus taeniops
Pastinaca sativa,Eristalis dimidiata
Pastinaca sativa,Eristalis nemorum
Pastinaca sativa,Eristalis transversa
Pastinaca sativa,Eudasyphora cyanicolor
Pastinaca sativa,Eupeodes latifasciatus
Pastinaca sativa,Euperilampus triangularis
Pastinaca sativa,Gasteruption assectator
Pastinaca sativa,Graphomya americana
Pastinaca sativa,Graphomya maculata
Pastinaca sativa,Halictus parallelus
Pastinaca sativa,Hedychrum violaceum
Pastinaca sativa,Helophilus latifrons
Pastinaca sativa,Hemipenthes sinuosus
Pastinaca sativa,Holopyga ventralis
Pastinaca sativa,Hydrotaea ignava
Pastinaca sativa,Hylaeus affinis
Pastinaca sativa,Hylaeus illinoisensis
Pastinaca sativa,Hyptia reticulata
Pastinaca sativa,Ichneumon ambulatorius
Pastinaca sativa,Isodontia apicalis
Pastinaca sativa,Lapposyrphus lapponicus
Pastinaca sativa,Lasioglossum cinctipes
Pastinaca sativa,Lasioglossum imitatum
Pastinaca sativa,Lasioglossum pectorale
Pastinaca sativa,Lasioglossum versatum
Pastinaca sativa,Lestica confluenta
Pastinaca sativa,Limnophora narona
Pastinaca sativa,Lucilia sericata
Pastinaca sativa,Lyroda subita
Pastinaca sativa,Megachile petulans
Pastinaca sativa,Mordella melaena
Pastinaca sativa,Mordellistena ornata
Pastinaca sativa,Musca autumnalis
Pastinaca sativa,Musca domestica
Pastinaca sativa,Muscina pascuorum
Pastinaca sativa,Myathropa florea
Pastinaca sativa,Myopa vesiculosa
Pastinaca sativa,Myospila meditabunda
Pastinaca sativa,Neomyia cornicina
Pastinaca sativa,Ocyptamus fuscipennis
Pastinaca sativa,Orthonevra nitida
Pastinaca sativa,Oscinella frit
Pastinaca sativa,Osphya varians
Pastinaca sativa,Oxybelus emarginatus
Pastinaca sativa,Papilio machaon
Pastinaca sativa,Pararge aegeria
Pastinaca sativa,Pemphredon inornata
Pastinaca sativa,Pentaria trifasciata
Pastinaca sativa,Philanthus gibbosus
Pastinaca sativa,Phormia regina
Pastinaca sativa,Physiphora alceae
Pastinaca sativa,Platycheirus hyperboreus
Pastinaca sativa,Platycheirus quadratus
Pastinaca sativa,Pollenia angustigena
Pastinaca sativa,Pollenia pediculata
Pastinaca sativa,Pollenia rudis
Pastinaca sativa,Polygonia c-album
Pastinaca sativa,Pyractomena angulata
Pastinaca sativa,Pyrophaena granditarsa
Pastinaca sativa,Sarcophaga subvicina
Pastinaca sativa,Sphecodes dichrous
Pastinaca sativa,Sphenometopa tergata
Pastinaca sativa,Sphex ichneumoneus
Pastinaca sativa,Stratiomys meigenii
Pastinaca sativa,Syrphus ribesii
Pastinaca sativa,Syrphus torvus
Pastinaca sativa,Syrphus vitripennis
Pastinaca sativa,Thaumatomyia glabra
Pastinaca sativa,Trichiotinus affinis
Pastinaca sativa,Trichopsomyia apisaon
Pastinaca sativa,Trypoxylon clavatum
Pastinaca sativa,Typocerus sinuatus
Pastinaca sativa,Vespa crabro
Pastinaca sativa,Vespula atropilosa
Pastinaca sativa,Vespula germanica
Pedicularis groenlandica,Boloria frigga
Pedicularis groenlandica,Bombus
Pedicularis groenlandica,Bombus frigidus
Pedicularis groenlandica,Bombus sylvicola
Pedicularis parryi,Bombus frigidus
Pedicularis procera,Bombus
Pelargonium capitatum,Apis mellifera
Peniocereus greggii,Apis mellifera
Peniocereus greggii,Manduca sexta
Penstemon barbatus,Cynanthus latirostris
Penstemon barbatus,Selasphorus platycercus
Penstemon barbatus,Selasphorus rufus
Penstemon caesius,Platycheirus obscurus
Penstemon centranthifolius,Icaricia icarioides
Penstemon eatonii,Coccinella septempunctata
Penstemon eatonii,Selasphorus platycercus
Penstemon glaber,Erynnis afranius
Penstemon glaber,Erynnis martialis
Penstemon glaber,Hyles lineata
Penstemon glaber,Vanessa virginiensis
Penstemon gracilis,Bombus occidentalis
Penstemon grinnellii,Apis mellifera
Penstemon hirsutus,Anthophora ursina
Penstemon hirsutus,Bombus auricomus
Penstemon hirsutus,Bombylius atriceps
Penstemon hirsutus,Ceratina dupla
Penstemon hirsutus,Eucera rosae
Penstemon hirsutus,Nomada affabilis
Penstemon hirsutus,Osmia atriventris
Penstemon hirsutus,Osmia cordata
Penstemon hirsutus,Osmia lignaria
Penstemon hirsutus,Osmia pumila
Penstemon hirsutus,Papilio cresphontes
Penstemon labrosus,Papilio rutulus
Penstemon laevigatus,Anthophora terminalis
Penstemon laevigatus,Anthophora ursina
Penstemon laevigatus,Apis mellifera
Penstemon laevigatus,Archilochus colubris
Penstemon laevigatus,Bombus appositus
Penstemon laevigatus,Bombus impatiens
Penstemon laevigatus,Bombus vagans
Penstemon laevigatus,Ceratina dupla
Penstemon laevigatus,Eucera rosae
Penstemon laevigatus,Hoplitis pilosifrons
Penstemon laevigatus,Hyles lineata
Penstemon laevigatus,Lasioglossum pruinosum
Penstemon laevigatus,Lasioglossum versatum
Penstemon laevigatus,Megachile brevis
Penstemon laevigatus,Megachile montivaga
Penstemon laevigatus,Osmia distincta
Penstemon laevigatus,Osmia pumila
Penstemon laevigatus,Osmia simillima
Penstemon laevigatus,Toxomerus marginatus
Penstemon laevigatus,Trichiotinus affinis
Penstemon palmeri,Bombus huntii
Penstemon parryi,Cynanthus latirostris
Penstemon procerus,Bombus frigidus
Penstemon procerus,Carterocephalus skada
Penstemon procerus,Hesperia comma
Penstemon procerus,Icaricia icarioides
Penstemon pseudospectabilis,Calypte costae
Penstemon pseudospectabilis,Selasphorus rufus
Penstemon venustus,Vanessa cardui
Penstemon virgatus,Hesperia comma
Penstemon virgatus,Hesperia pahaska
Penstemon virgatus,Ochlodes snowi
Penstemon virgatus,Papilio polyxenes
Pentaglottis sempervirens,Andrena wilkella
Pentaglottis sempervirens,Bombus
Pentaglottis sempervirens,Bombus hypnorum
Pentaglottis sempervirens,Bombus lapidarius
Pentaglottis sempervirens,Bombylius major
Pentaglottis sempervirens,Pieris rapae
Perityle emoryi,Apis mellifera
Perityle emoryi,Brephidium exilis
Perityle emoryi,Copestylum lentum
Perityle emoryi,Danaus gilippus
Perityle emoryi,Erynnis funeralis
Perityle emoryi,Hippodamia convergens
Perityle emoryi,Lytta magister
Perityle emoryi,Nathalis iole
Perityle emoryi,Nausigaster unimaculata
Perityle emoryi,Pontia protodice
Perityle emoryi,Thyridanthrax nugator
Perityle emoryi,Zerene cesonia
Persea borbonia,Apis mellifera
Persea borbonia,Augochloropsis metallica
Persea borbonia,Bombus impatiens
Persea borbonia,Colletes banksi
Persea borbonia,Colletes brimleyi
Persea borbonia,Colletes nudus
Persea borbonia,Epeolus zonatus
Persea borbonia,Lasioglossum pectorale
Persicaria amphibia,Aglais urticae
Persicaria amphibia,Apis mellifera
Persicaria amphibia,Bombus perplexus
Persicaria amphibia,Brassicogethes aeneus
Persicaria amphibia,Colias croceus
Persicaria amphibia,Dasytes plumbeus
Persicaria amphibia,Episyrphus balteatus
Persicaria amphibia,Eristalis tenax
Persicaria amphibia,Euptoieta claudia
Persicaria amphibia,Gastrophysa viridula
Persicaria amphibia,Helophilus hybridus
Persicaria amphibia,Lycaena hyllus
Persicaria amphibia,Musca domestica
Persicaria amphibia,Paragus haemorrhous
Persicaria amphibia,Pieris rapae
Persicaria amphibia,Polyommatus icarus
Persicaria amphibia,Rhagonycha fulva
Persicaria amphibia,Vespula germanica
Persicaria bicornis,Agapostemon sericeus
Persicaria bicornis,Ammophila nigricans
Persicaria bicornis,Ancistrocerus campestris
Persicaria bicornis,Andrena simplex
Persicaria bicornis,Apis mellifera
Persicaria bicornis,Aporus niger
Persicaria bicornis,Archytas aterrima
Persicaria bicornis,Augochlorella aurata
Persicaria bicornis,Belvosia unifasciata
Persicaria bicornis,Bicyrtes ventralis
Persicaria bicornis,Calliopsis andreniformis
Persicaria bicornis,Cerceris clypeata
Persicaria bicornis,Cerceris deserta
Persicaria bicornis,Chaetogaedia analis
Persicaria bicornis,Cochliomyia macellaria
Persicaria bicornis,Entypus fulvicornis
Persicaria bicornis,Epeolus pusillus
Persicaria bicornis,Eristalinus aeneus
Persicaria bicornis,Eristalis tenax
Persicaria bicornis,Eristalis transversa
Persicaria bicornis,Eucerceris zonata
Persicaria bicornis,Eupeodes americanus
Persicaria bicornis,Graphomya americana
Persicaria bicornis,Gymnoclytia immaculata
Persicaria bicornis,Halictus parallelus
Persicaria bicornis,Larropsis distincta
Persicaria bicornis,Lasioglossum imitatum
Persicaria bicornis,Lasioglossum versatum
Persicaria bicornis,Lestica confluenta
Persicaria bicornis,Megachile brevis
Persicaria bicornis,Megachile petulans
Persicaria bicornis,Melissodes bimaculatus
Persicaria bicornis,Melissodes dentiventris
Persicaria bicornis,Melissodes druriellus
Persicaria bicornis,Milesia virginiensis
Persicaria bicornis,Paradidyma singularis
Persicaria bicornis,Phormia regina
Persicaria bicornis,Pieris rapae
Persicaria bicornis,Polistes annularis
Persicaria bicornis,Polistes carolina
Persicaria bicornis,Polistes fuscatus
Persicaria bicornis,Pontia protodice
Persicaria bicornis,Prionyx atratus
Persicaria bicornis,Scolia bicincta
Persicaria bicornis,Syritta pipiens
Persicaria bicornis,Syrphus torvus
Persicaria bicornis,Tachytes distinctus
Persicaria bicornis,Toxomerus marginatus
Persicaria bicornis,Toxomerus politus
Persicaria bicornis,Tropidia quadrata
Persicaria bicornis,Vanessa atalanta
Persicaria bicornis,Vespula germanica
Persicaria bicornis,Vespula squamosa
Persicaria capitata,Autographa gamma
Persicaria capitata,Colias croceus
Persicaria capitata,Episyrphus balteatus
Persicaria capitata,Eristalis tenax
Persicaria capitata,Linepithema humile
Persicaria capitata,Phocides polybius
Persicaria capitata,Syritta pipiens
Persicaria capitata,Vanessa atalanta
Persicaria capitata,Vanessa cardui
Persicaria capitata,Vanessa virginiensis
Persicaria hydropiper,Colias croceus
Persicaria hydropiper,Halictus rubicundus
Persicaria hydropiper,Paragus haemorrhous
Persicaria hydropiper,Pieris rapae
Persicaria hydropiperoides,Agapostemon sericeus
Persicaria hydropiperoides,Anacrabro ocellatus
Persicaria hydropiperoides,Andrena simplex
Persicaria hydropiperoides,Astata unicolor
Persicaria hydropiperoides,Augochlorella aurata
Persicaria hydropiperoides,Bithoracochaeta leucoprocta
Persicaria hydropiperoides,Ceratina dupla
Persicaria hydropiperoides,Cerceris kennicottii
Persicaria hydropiperoides,Chaetogaedia analis
Persicaria hydropiperoides,Cochliomyia macellaria
Persicaria hydropiperoides,Colletes americanus
Persicaria hydropiperoides,Colletes eulophi
Persicaria hydropiperoides,Colletes latitarsis
Persicaria hydropiperoides,Colletes simulans
Persicaria hydropiperoides,Disonycha limbicollis
Persicaria hydropiperoides,Echinargus isola
Persicaria hydropiperoides,Ectemnius trifasciatus
Persicaria hydropiperoides,Entypus fulvicornis
Persicaria hydropiperoides,Episyron biguttatus
Persicaria hydropiperoides,Eristalis flavipes
Persicaria hydropiperoides,Eucerceris zonata
Persicaria hydropiperoides,Halictus rubicundus
Persicaria hydropiperoides,Hedychrum violaceum
Persicaria hydropiperoides,Holopyga ventralis
Persicaria hydropiperoides,Larropsis distincta
Persicaria hydropiperoides,Lasioglossum imitatum
Persicaria hydropiperoides,Megachile brevis
Persicaria hydropiperoides,Megachile mendica
Persicaria hydropiperoides,Orthonevra nitida
Persicaria hydropiperoides,Oxybelus emarginatus
Persicaria hydropiperoides,Philanthus ventilabris
Persicaria hydropiperoides,Phormia regina
Persicaria hydropiperoides,Poecilopompilus interruptus
Persicaria hydropiperoides,Prionyx thomae
Persicaria hydropiperoides,Saygorytes phaleratus
Persicaria hydropiperoides,Scolia bicincta
Persicaria hydropiperoides,Syritta pipiens
Persicaria hydropiperoides,Systoechus vulgaris
Persicaria hydropiperoides,Tropidia quadrata
Persicaria lapathifolia,Bombus affinis
Persicaria maculosa,Ancyloxypha numitor
Persicaria maculosa,Augochlora pura
Persicaria maculosa,Augochlorella aurata
Persicaria maculosa,Bombus lapidarius
Persicaria maculosa,Cerceris finitima
Persicaria maculosa,Episyrphus balteatus
Persicaria maculosa,Eristalis arbustorum
Persicaria maculosa,Eristalis tenax
Persicaria maculosa,Halictus rubicundus
Persicaria maculosa,Lasioglossum imitatum
Persicaria maculosa,Lasioglossum versatum
Persicaria maculosa,Lestica confluenta
Persicaria maculosa,Melissodes druriellus
Persicaria maculosa,Paragus haemorrhous
Persicaria maculosa,Polistes annularis
Persicaria maculosa,Pontia protodice
Persicaria maculosa,Pyrophaena granditarsa
Persicaria maculosa,Syrphus ribesii
Persicaria maculosa,Syrphus vitripennis
Persicaria maculosa,Villa alternata
Persicaria punctata,Andrena pruni
Persicaria punctata,Anoplodera pubera
Persicaria punctata,Apis mellifera
Persicaria punctata,Archytas aterrima
Persicaria punctata,Calleida punctata
Persicaria punctata,Ceropales robinsonii
Persicaria punctata,Chalcosyrphus nemorum
Persicaria punctata,Colletes compactus
Persicaria punctata,Eumenes fraternus
Persicaria punctata,Hedychrum violaceum
Persicaria punctata,Isodontia apicalis
Persicaria punctata,Lasioglossum cressonii
Persicaria punctata,Milesia virginiensis
Persicaria punctata,Nomada integerrima
Persicaria punctata,Pemphredon inornata
Persicaria punctata,Platycheirus quadratus
Persicaria punctata,Polistes fuscatus
Persicaria punctata,Sphecodes illinoensis
Persicaria punctata,Syritta pipiens
Persicaria punctata,Triepeolus cressonii
Persicaria punctata,Triepeolus donatus
Persicaria punctata,Typocerus lugubris
Petasites hybridus,Aglais urticae
Petasites hybridus,Apis mellifera
Petasites hybridus,Heriades truncorum
Petasites hybridus,Hylaeus annulatus
Petasites hybridus,Hylaeus hyalinatus
Petasites hybridus,Hylaeus leptocephalus
Petasites hybridus,Hylaeus pictipes
Petasites hybridus,Hylaeus punctatus
Petasites hybridus,Lithurgus chrysurus
Petasites hybridus,Pieris rapae
Petasites hybridus,Polygonia c-album
Petasites hybridus,Xylota segnis
Petrorhagia dubia,Apis mellifera
Phacelia californica,Icaricia icarioides
Phacelia californica,Osmia coloradensis
Phacelia distans,Acmaeodera dolorosa
Phacelia hastata,Hoplitis albifrons
Phacelia heterophylla,Bombus sylvicola
Phacelia heterophylla,Callophrys dumetorum
Phacelia heterophylla,Celastrina humulus
Phacelia heterophylla,Chlosyne gorgone
Phacelia heterophylla,Erynnis persius
Phacelia heterophylla,Euphyes vestris
Phacelia heterophylla,Glaucopsyche lygdamus
Phacelia heterophylla,Glaucopsyche piasus
Phacelia heterophylla,Icaricia icarioides
Phacelia heterophylla,Lycaena rubidus
Phacelia heterophylla,Ochlodes snowi
Phacelia heterophylla,Polites themistocles
Phacelia heterophylla,Strymon melinus
Phacelia heterophylla,Vanessa atalanta
Phacelia imbricata,Icaricia icarioides
Phacelia linearis,Andrena nigrocaerulea
Phacelia sericea,Bombus bifarius
Phacelia sericea,Bombus centralis
Phacelia sericea,Bombus mixtus
Phacelia sericea,Bombus sylvicola
Phacelia tanacetifolia,Aglais urticae
Phacelia tanacetifolia,Autographa gamma
Phacelia tanacetifolia,Bombus
Phacelia tanacetifolia,Bombus hypnorum
Phacelia tanacetifolia,Bombus lapidarius
Phacelia tanacetifolia,Episyrphus balteatus
Phacelia tanacetifolia,Eristalis tenax
Phacelia tanacetifolia,Polyommatus icarus
Phacelia tanacetifolia,Syritta pipiens
Phacelia tanacetifolia,Syrphus ribesii
Phacelia viscida,Apis mellifera
Phacelia viscida,Bombus hypnorum
Phacelia viscida,Bombus lapidarius
Phalaris arundinacea,Thymelicus lineola
Philadelphus coronarius,Episyrphus balteatus
Phleum pratense,Bellardia vulgaris
Phleum pratense,Carterocephalus palaemon
Phleum pratense,Chloromyia formosa
Phleum pratense,Coenosia tigrina
Phleum pratense,Lucilia sericata
Phleum pratense,Muscina levida
Phleum pratense,Myospila meditabunda
Phleum pratense,Pollenia pediculata
Phleum pratense,Pollenia rudis
Phleum pratense,Rhagonycha fulva
Phleum pratense,Scathophaga stercoraria
Phleum pratense,Thymelicus lineola
Phlox divaricata,Anagrapha falcifera
Phlox divaricata,Andrena carlini
Phlox divaricata,Bombus bimaculatus
Phlox divaricata,Bombus impatiens
Phlox divaricata,Bombus pensylvanicus
Phlox divaricata,Bombus vagans
Phlox divaricata,Bombylius atriceps
Phlox divaricata,Ceratina calcarata
Phlox divaricata,Hyles lineata
Phlox divaricata,Osmia cordata
Phlox divaricata,Thorybes daunus
Phlox glaberrima,Eupeodes americanus
Phlox glaberrima,Papilio cresphontes
Phlox glaberrima,Polites coras
Phlox paniculata,Episyrphus balteatus
Phlox pilosa,Anagrapha falcifera
Phlox pilosa,Ancyloxypha numitor
Phlox pilosa,Anthophora ursina
Phlox pilosa,Bombus auricomus
Phlox pilosa,Bombus pensylvanicus
Phlox pilosa,Bombylius atriceps
Phlox pilosa,Colias eurytheme
Phlox pilosa,Colias philodice
Phlox pilosa,Danaus plexippus
Phlox pilosa,Nomada superba
Phlox pilosa,Phyciodes tharos
Phlox pilosa,Polites coras
Phlox pilosa,Thorybes daunus
Phlox pilosa,Thorybes pylades
Phlox subulata,Macroglossum stellatarum
Phlox subulata,Papilio machaon
Photinia serratifolia,Apis mellifera
Photinia serratifolia,Eristalis tenax
Photinia serratifolia,Polistes dominula
Phragmites australis,Harmonia axyridis
Phragmites australis,Parochthiphila spectabilis
Phryma leptostachya,Augochlorella aurata
Phryma leptostachya,Ceratina dupla
Phyla cuneifolia,Pyrgus communis
Phyla lanceolata,Ammophila nigricans
Phyla lanceolata,Ammophila pictipennis
Phyla lanceolata,Augochlora pura
Phyla lanceolata,Augochlorella aurata
Phyla lanceolata,Bicyrtes ventralis
Phyla lanceolata,Bombus pensylvanicus
Phyla lanceolata,Calliopsis andreniformis
Phyla lanceolata,Cylindromyia interrupta
Phyla lanceolata,Elkalyce comyntas
Phyla lanceolata,Eristalis stipator
Phyla lanceolata,Eurema lisa
Phyla lanceolata,Exoprosopa fasciata
Phyla lanceolata,Exoprosopa fascipennis
Phyla lanceolata,Florilegus condignus
Phyla lanceolata,Halictus ligatus
Phyla lanceolata,Helophilus latifrons
Phyla lanceolata,Lasioglossum pectorale
Phyla lanceolata,Lasioglossum tegulare
Phyla lanceolata,Megachile brevis
Phyla lanceolata,Melissodes dentiventris
Phyla lanceolata,Orthonevra nitida
Phyla lanceolata,Polites coras
Phyla lanceolata,Prionyx atratus
Phyla lanceolata,Syritta pipiens
Phyla lanceolata,Systoechus vulgaris
Phyla lanceolata,Toxomerus marginatus
Phyla lanceolata,Tropidia quadrata
Phyla nodiflora,Antigonus erosus
Phyla nodiflora,Megachile pusilla
Phyla nodiflora,Utetheisa ornatrix
Physalis philadelphica,Augochloropsis metallica
Physalis philadelphica,Colletes punctipennis
Physalis philadelphica,Eulaema polychroma
Physalis philadelphica,Exomalopsis similis
Physalis philadelphica,Xylocopa tabaniformis
Physalis pumila,Anthophora ursina
Physalis pumila,Colletes latitarsis
Physalis pumila,Colletes willistoni
Physalis pumila,Lasioglossum versatum
Physalis virginiana,Augochlorella aurata
Physalis virginiana,Colletes latitarsis
Physalis virginiana,Colletes willistoni
Physalis virginiana,Lasioglossum pectinatum
Physaria montana,Callophrys dumetorum
Physaria montana,Celastrina lucia
Physaria montana,Chlosyne gorgone
Physaria montana,Coenonympha tullia
Physaria montana,Colias philodice
Physaria montana,Echinargus isola
Physaria montana,Erynnis afranius
Physaria montana,Erynnis brizo
Physaria montana,Erynnis martialis
Physaria montana,Erynnis pacuvius
Physaria montana,Erynnis persius
Physaria montana,Erynnis telemachus
Physaria montana,Euchloe ausonides
Physaria montana,Euchloe olympia
Physaria montana,Euptoieta claudia
Physaria montana,Glaucopsyche lygdamus
Physaria montana,Oarisma edwardsii
Physaria montana,Occidryas anicia
Physaria montana,Papilio indra
Physaria montana,Parnassius smintheus
Physaria montana,Pieris rapae
Physaria montana,Pontia sisymbrii
Physaria montana,Speyeria coronis
Physaria montana,Stinga morrisoni
Physaria montana,Strymon melinus
Physaria montana,Thecla sheridanii
Physaria vitulifera,Erynnis persius
Physaria vitulifera,Euchloe olympia
Physaria vitulifera,Glaucopsyche lygdamus
Physocarpus capitatus,Aglais milberti
Physocarpus capitatus,Andrena milwaukeensis
Physocarpus monogynus,Celastrina lucia
Physocarpus monogynus,Chlosyne gorgone
Physocarpus monogynus,Erebia epipsodea
Physocarpus monogynus,Euptoieta claudia
Physocarpus monogynus,Hesperia juba
Physocarpus monogynus,Limenitis weidemeyerii
Physocarpus monogynus,Nymphalis antiopa
Physocarpus monogynus,Occidryas anicia
Physocarpus monogynus,Papilio eurymedon
Physocarpus monogynus,Parnassius phoebus
Physocarpus monogynus,Polygonia gracilis
Physocarpus monogynus,Polygonia satyrus
Physocarpus monogynus,Speyeria atlantis
Physocarpus monogynus,Speyeria coronis
Physocarpus monogynus,Vanessa atalanta
Physocarpus opulifolius,Brachysomida bivittata
Physocarpus opulifolius,Eristalis anthophorina
Physocarpus opulifolius,Isodontia auripes
Physostegia virginiana,Macroglossum stellatarum
Physostegia virginiana,Megachile brevis
Physostegia virginiana,Melissodes bimaculatus
Physostegia virginiana,Polites coras
Phytolacca americana,Augochloropsis metallica
Phytolacca americana,Augochloropsis sumptuosa
Phytolacca americana,Eristalinus taeniops
Phytolacca americana,Hylaeus punctatus
Phytolacca americana,Lasioglossum nymphale
Phytolacca americana,Lasioglossum pectorale
Phytolacca americana,Lasioglossum tegulare
Picris hieracioides,Aglais io
Picris hieracioides,Aricia agestis
Picris hieracioides,Bellardia vulgaris
Picris hieracioides,Bombus
Picris hieracioides,Bombus lapidarius
Picris hieracioides,Botanophila fugax
Picris hieracioides,Colias croceus
Picris hieracioides,Colias hyale
Picris hieracioides,Episyrphus balteatus
Picris hieracioides,Eristalis arbustorum
Picris hieracioides,Eristalis rupium
Picris hieracioides,Eupeodes latifasciatus
Picris hieracioides,Halictus rubicundus
Picris hieracioides,Heriades truncorum
Picris hieracioides,Hylaeus hyalinatus
Picris hieracioides,Lapposyrphus lapponicus
Picris hieracioides,Lasioglossum leucozonium
Picris hieracioides,Lasioglossum zonulum
Picris hieracioides,Megachile centuncularis
Picris hieracioides,Papilio machaon
Picris hieracioides,Paragus haemorrhous
Picris hieracioides,Pieris napi
Picris hieracioides,Polyommatus icarus
Picris hieracioides,Syritta pipiens
Picris hieracioides,Syrphus ribesii
Picris hieracioides,Syrphus vitripennis
Picris hieracioides,Thymelicus lineola
Piloblephis rigida,Augochlorella aurata
Piloblephis rigida,Lasioglossum nymphale
Piloblephis rigida,Megachile pseudobrevis
Pilosella aurantiaca,Bombus lapidarius
Pilosella aurantiaca,Episyrphus balteatus
Pilosella aurantiaca,Lycaena phlaeas
Pilosella aurantiaca,Syritta pipiens
Pilosella aurantiaca,Syrphus ribesii
Pilosella officinarum,Bombus
Pilosella officinarum,Episyrphus balteatus
Pilosella officinarum,Eristalis tenax
Pilosella officinarum,Polyommatus icarus
Pilosella officinarum,Syrphus ribesii
Pilosella piloselloides,Eristalis tenax
Pilosella piloselloides,Halictus confusus
Pilosella piloselloides,Lasioglossum leucozonium
Pinguicula lutea,Euphyes conspicua
Pinguicula vulgaris,Bombus
Pinguicula vulgaris,Pieris napi
Pisum sativum,Anthidium manicatum
Pisum sativum,Anthocharis cardamines
Pisum sativum,Apis mellifera
Pisum sativum,Archilochus colubris
Pisum sativum,Bombus
Pisum sativum,Bombus bimaculatus
Pisum sativum,Bombus pensylvanicus
Pisum sativum,Bombus vagans
Pisum sativum,Epargyreus clarus
Pisum sativum,Nathalis iole
Pisum sativum,Pieris rapae
Pisum sativum,Thorybes pylades
Pityopsis graminifolia,Agapostemon splendens
Pityopsis graminifolia,Andrena fulvipennis
Pityopsis graminifolia,Anthidiellum notatum
Pityopsis graminifolia,Anthidiellum perplexum
Pityopsis graminifolia,Augochlora pura
Pityopsis graminifolia,Augochlorella aurata
Pityopsis graminifolia,Augochloropsis metallica
Pityopsis graminifolia,Augochloropsis sumptuosa
Pityopsis graminifolia,Bombus impatiens
Pityopsis graminifolia,Coelioxys sayi
Pityopsis graminifolia,Coelioxys texana
Pityopsis graminifolia,Colletes mandibularis
Pityopsis graminifolia,Colletes thysanellae
Pityopsis graminifolia,Dianthidium floridiense
Pityopsis graminifolia,Epeolus carolinus
Pityopsis graminifolia,Halictus ligatus
Pityopsis graminifolia,Lasioglossum nymphale
Pityopsis graminifolia,Megachile albitarsis
Pityopsis graminifolia,Megachile georgica
Pityopsis graminifolia,Megachile inimica
Pityopsis graminifolia,Megachile mendica
Pityopsis graminifolia,Megachile petulans
Pityopsis graminifolia,Megachile pruina
Pityopsis graminifolia,Megachile pseudobrevis
Pityopsis graminifolia,Nomada fervida
Pityopsis graminifolia,Perdita blatchleyi
Pityopsis graminifolia,Xylocopa virginica
Planodes virginicum,Agapostemon sericeus
Planodes virginicum,Andrena cressonii
Planodes virginicum,Andrena miserabilis
Planodes virginicum,Anthomyia pluvialis
Planodes virginicum,Augochlorella aurata
Planodes virginicum,Halictus rubicundus
Planodes virginicum,Lasioglossum versatum
Plantago lanceolata,Aglais io
Plantago lanceolata,Agrotis ipsilon
Plantago lanceolata,Amphipyra tragopoginis
Plantago lanceolata,Anthocharis cardamines
Plantago lanceolata,Anthrenus fuscus
Plantago lanceolata,Apamea sordens
Plantago lanceolata,Autographa gamma
Plantago lanceolata,Boloria selene
Plantago lanceolata,Bombus hypnorum
Plantago lanceolata,Bombus lapidarius
Plantago lanceolata,Caradrina morpheus
Plantago lanceolata,Chloromyia formosa
Plantago lanceolata,Chrysolina bankii
Plantago lanceolata,Coccinella septempunctata
Plantago lanceolata,Colias croceus
Plantago lanceolata,Dasysyrphus venustus
Plantago lanceolata,Delia platura
Plantago lanceolata,Dysstroma truncata
Plantago lanceolata,Epirrhoe alternata
Plantago lanceolata,Epistrophe grossulariae
Plantago lanceolata,Episyrphus balteatus
Plantago lanceolata,Eristalinus aeneus
Plantago lanceolata,Eristalis arbustorum
Plantago lanceolata,Eristalis nemorum
Plantago lanceolata,Eristalis tenax
Plantago lanceolata,Euchloe ausonides
Plantago lanceolata,Eupeodes latifasciatus
Plantago lanceolata,Halictus rubicundus
Plantago lanceolata,Helophilus hybridus
Plantago lanceolata,Heriades truncorum
Plantago lanceolata,Hippodamia convergens
Plantago lanceolata,Hydraecia micacea
Plantago lanceolata,Hydriomena furcata
Plantago lanceolata,Icaricia icarioides
Plantago lanceolata,Idaea dimidiata
Plantago lanceolata,Lasioglossum leucozonium
Plantago lanceolata,Lasioglossum zonulum
Plantago lanceolata,Leucoma salicis
Plantago lanceolata,Meliscaeva cinctella
Plantago lanceolata,Mesapamea secalis
Plantago lanceolata,Myathropa florea
Plantago lanceolata,Noctua comes
Plantago lanceolata,Noctua pronuba
Plantago lanceolata,Oligia strigilis
Plantago lanceolata,Papilio machaon
Plantago lanceolata,Papilio zelicaon
Plantago lanceolata,Phragmatobia fuliginosa
Plantago lanceolata,Pieris napi
Plantago lanceolata,Pieris rapae
Plantago lanceolata,Pyrophaena granditarsa
Plantago lanceolata,Sarcophaga subvicina
Plantago lanceolata,Syritta pipiens
Plantago lanceolata,Syrphus ribesii
Plantago lanceolata,Syrphus torvus
Plantago lanceolata,Syrphus vitripennis
Plantago lanceolata,Tyria jacobaeae
Plantago lanceolata,Vanessa cardui
Plantago lanceolata,Vespula germanica
Plantago lanceolata,Xestia c-nigrum
Plantago lanceolata,Xestia xanthographa
Plantago major,Bombus lapidarius
Plantago major,Bombus pensylvanicus
Plantago major,Episyrphus balteatus
Plantago major,Lasioglossum hitchensi
Plantago major,Lasioglossum imitatum
Plantago major,Lasioglossum paradmirandum
Plantago major,Lasioglossum versatum
Plantago major,Vanessa cardui
Platanthera blephariglottis,Bombus fervidus
Platanthera blephariglottis,Bombus vagans
Platanthera blephariglottis,Colias philodice
Platanthera blephariglottis,Darapsa versicolor
Platanthera blephariglottis,Epargyreus clarus
Platanthera blephariglottis,Papilio glaucus
Platanthera blephariglottis,Pieris rapae
Platanthera blephariglottis,Polites coras
Platanthera blephariglottis,Polites mystic
Platanthera blephariglottis,Strymon melinus
Platanthera ciliaris,Danaus plexippus
Platanthera ciliaris,Hyles lineata
Platanthera ciliaris,Papilio polyxenes
Platanthera ciliaris,Satyrium liparops
Platanthera clavellata,Leptometopa latipes
Platanthera clavellata,Thaumatomyia glabra
Platanthera dilatata,Eucosma ornatula
Platanthera dilatata,Plebejus saepiolus
Platanthera leucophaea,Xylophanes tersa
Platycodon grandiflorus,Chelostoma campanularum
Pluchea odorata,Anthidium maculifrons
Pluchea odorata,Halictus ligatus
Pluchea odorata,Lasioglossum nymphale
Plumbago auriculata,Anteos clorinde
Plumbago auriculata,Battus polydamas
Plumbago auriculata,Codatractus arizonensis
Plumbago auriculata,Eristalis tenax
Plumbago auriculata,Ganyra josephina
Plumbago auriculata,Hedone vibex
Plumbago auriculata,Macroglossum stellatarum
Plumbago auriculata,Papilio machaon
Plumbago auriculata,Papilio rogeri
Plumbago auriculata,Phoebis philea
Plumbago auriculata,Polistes dominula
Plumbago zeylanica,Urbanus dorantes
Plumbago zeylanica,Wasmannia auropunctata
Poa annua,Pyrophaena granditarsa
Poa pratensis,Lasioglossum imitatum
Poa pratensis,Scathophaga stercoraria
Podophyllum peltatum,Apis mellifera
Podophyllum peltatum,Bombus impatiens
Podophyllum peltatum,Bombus pensylvanicus
Polemonium foliosissimum,Bombus hypnorum
Polemonium foliosissimum,Bombus lapidarius
Polemonium pulcherrimum,Hemaris thysbe
Polemonium reptans,Agapostemon sericeus
Polemonium reptans,Anagrapha falcifera
Polemonium reptans,Andrena carlini
Polemonium reptans,Andrena geranii
Polemonium reptans,Andrena nasonii
Polemonium reptans,Andrena pruni
Polemonium reptans,Anthophora ursina
Polemonium reptans,Augochlora pura
Polemonium reptans,Augochlorella aurata
Polemonium reptans,Bombus auricomus
Polemonium reptans,Bombus huntii
Polemonium reptans,Bombus pensylvanicus
Polemonium reptans,Bombylius major
Polemonium reptans,Ceratina calcarata
Polemonium reptans,Ceratina dupla
Polemonium reptans,Ceratina tejonensis
Polemonium reptans,Erynnis brizo
Polemonium reptans,Eucera dubitata
Polemonium reptans,Hemaris thysbe
Polemonium reptans,Hoplitis pilosifrons
Polemonium reptans,Lasioglossum coriaceum
Polemonium reptans,Lasioglossum fuscipenne
Polemonium reptans,Lasioglossum obscurum
Polemonium reptans,Lasioglossum versatum
Polemonium reptans,Nomada affabilis
Polemonium reptans,Osmia atriventris
Polemonium reptans,Osmia conjuncta
Polemonium reptans,Osmia lignaria
Polemonium reptans,Osmia pumila
Polemonium reptans,Pipiza femoralis
Polemonium reptans,Toxomerus marginatus
Polemonium viscosum,Bombus
Polemonium viscosum,Bombus lapidarius
Polemonium viscosum,Bombus sylvicola
Polygonatum biflorum,Anthophora ursina
Polygonatum biflorum,Archilochus colubris
Polygonatum biflorum,Augochlorella aurata
Polygonatum biflorum,Ceratina dupla
Polygonella gracilis,Augochloropsis metallica
Polygonella gracilis,Augochloropsis sumptuosa
Polygonella gracilis,Colletes mandibularis
Polygonella gracilis,Colletes thysanellae
Polygonella gracilis,Lasioglossum nymphale
Polygonella polygama,Augochlorella aurata
Polygonella polygama,Augochloropsis metallica
Polygonella polygama,Colletes mandibularis
Polygonella polygama,Halictus ligatus
Polygonella polygama,Lasioglossum nymphale
Polygonum aviculare,Haematopis grataria
Polygonum aviculare,Paragus haemorrhous
Polygonum aviculare,Syritta pipiens
Polypremum procumbens,Lasioglossum nymphale
Polytaenia nuttallii,Allognosta obscuriventris
Polytaenia nuttallii,Allograpta obliqua
Polytaenia nuttallii,Ancistrocerus campestris
Polytaenia nuttallii,Andrena cressonii
Polytaenia nuttallii,Andrena forbesii
Polytaenia nuttallii,Andrena nasonii
Polytaenia nuttallii,Apis mellifera
Polytaenia nuttallii,Bombus pensylvanicus
Polytaenia nuttallii,Centrinites strigicollis
Polytaenia nuttallii,Colletes aestivalis
Polytaenia nuttallii,Colletes inaequalis
Polytaenia nuttallii,Eumenes fraternus
Polytaenia nuttallii,Eurytoma diastrophi
Polytaenia nuttallii,Gymnoclytia immaculata
Polytaenia nuttallii,Halictus ligatus
Polytaenia nuttallii,Hylaeus affinis
Polytaenia nuttallii,Hylephila phyleus
Polytaenia nuttallii,Lasioglossum imitatum
Polytaenia nuttallii,Lasioglossum pectorale
Polytaenia nuttallii,Lasioglossum pruinosum
Polytaenia nuttallii,Lasioglossum tegulare
Polytaenia nuttallii,Lasioglossum versatum
Polytaenia nuttallii,Lestica confluenta
Polytaenia nuttallii,Nomada illinoensis
Polytaenia nuttallii,Polistes fuscatus
Polytaenia nuttallii,Sceliphron caementarium
Polytaenia nuttallii,Thecophora occidensis
Polytaenia nuttallii,Toxomerus marginatus
Polytaenia nuttallii,Tropidia mamillata
Polytaenia nuttallii,Zodion fulvifrons
Pontederia cordata,Anthidium florentinum
Pontederia cordata,Ceratina dupla
Pontederia cordata,Dianthidium floridiense
Pontederia cordata,Episyrphus balteatus
Populus deltoides,Apis mellifera
Populus tremuloides,Apis mellifera
Porophyllum gracile,Polistes dorsalis
Portulaca oleracea,Calliopsis andreniformis
Portulaca oleracea,Hypolimnas misippus
Portulaca oleracea,Spoladea recurvalis
Portulaca oleracea,Syritta pipiens
Potentilla argentea,Agriades glandon
Potentilla argentea,Andrena wilkella
Potentilla argentea,Aricia agestis
Potentilla argentea,Bombus lapidarius
Potentilla argentea,Brassicogethes aeneus
Potentilla argentea,Celastrina argiolus
Potentilla argentea,Episyrphus balteatus
Potentilla argentea,Eristalinus aeneus
Potentilla argentea,Eristalis tenax
Potentilla argentea,Halictus rubicundus
Potentilla argentea,Harmonia axyridis
Potentilla argentea,Hylaeus annulatus
Potentilla argentea,Hylaeus hyalinatus
Potentilla argentea,Hylaeus leptocephalus
Potentilla argentea,Hylaeus pictipes
Potentilla argentea,Hylaeus punctatus
Potentilla argentea,Lycaena phlaeas
Potentilla argentea,Parasyrphus tarsatus
Potentilla argentea,Parnassius phoebus
Potentilla argentea,Polyommatus icarus
Potentilla argentea,Thymelicus lineola
Potentilla canadensis,Andrena personata
Potentilla canadensis,Augochlorella aurata
Potentilla canadensis,Bombus pensylvanicus
Potentilla canadensis,Ceratina calcarata
Potentilla canadensis,Ceratina dupla
Potentilla canadensis,Halictus ligatus
Potentilla canadensis,Hoplitis pilosifrons
Potentilla canadensis,Hylaeus affinis
Potentilla canadensis,Lasioglossum pectorale
Potentilla canadensis,Lasioglossum versatum
Potentilla canadensis,Nomada articulata
Potentilla canadensis,Osmia pumila
Potentilla canadensis,Sphecodes ranunculi
Potentilla canadensis,Stelis lateralis
Potentilla canadensis,Syritta pipiens
Potentilla concinna,Halictus confusus
Potentilla concinna,Mitoura spinetorum
Potentilla concinna,Oarisma garita
Potentilla gracilis,Bombus nevadensis
Potentilla gracilis,Coenonympha tullia
Potentilla gracilis,Epidemia dorcas
Potentilla gracilis,Erynnis pacuvius
Potentilla gracilis,Glaucopsyche lygdamus
Potentilla gracilis,Heliopetes ericetorum
Potentilla gracilis,Lycaena rubidus
Potentilla gracilis,Megachile relativa
Potentilla gracilis,Ochlodes sylvanoides
Potentilla gracilis,Osmia coloradensis
Potentilla gracilis,Osmia subaustralis
Potentilla gracilis,Parnassius phoebus
Potentilla gracilis,Pieris rapae
Potentilla gracilis,Plebejus saepiolus
Potentilla gracilis,Speyeria atlantis
Potentilla gracilis,Villa agrippina
Potentilla hippiana,Bombus bifarius
Potentilla hippiana,Bombus californicus
Potentilla hippiana,Bombus flavifrons
Potentilla hippiana,Colletes kincaidii
Potentilla hippiana,Eupeodes volucris
Potentilla hippiana,Glaucopsyche lygdamus
Potentilla hippiana,Halictus confusus
Potentilla hippiana,Halictus rubicundus
Potentilla hippiana,Halictus virgatellus
Potentilla hippiana,Megachile relativa
Potentilla hippiana,Oarisma garita
Potentilla hippiana,Ochlodes sylvanoides
Potentilla hippiana,Osmia bucephala
Potentilla hippiana,Osmia coloradensis
Potentilla hippiana,Osmia montana
Potentilla hippiana,Parnassius phoebus
Potentilla hippiana,Phyciodes pallida
Potentilla hippiana,Poladryas minuta
Potentilla hippiana,Sericomyia flagrans
Potentilla indica,Hylaeus annulatus
Potentilla indica,Hylaeus hyalinatus
Potentilla indica,Hylaeus leptocephalus
Potentilla indica,Hylaeus pictipes
Potentilla indica,Hylaeus punctatus
Potentilla norvegica,Ancyloxypha numitor
Potentilla norvegica,Tropidia quadrata
Potentilla pensylvanica,Andrena frigida
Potentilla pulcherrima,Allograpta obliqua
Potentilla pulcherrima,Epidemia dorcas
Potentilla pulcherrima,Euchloe ausonides
Potentilla pulcherrima,Hesperia comma
Potentilla pulcherrima,Lycaena rubidus
Potentilla pulcherrima,Oarisma garita
Potentilla pulcherrima,Oeneis macounii
Potentilla pulcherrima,Plebejus saepiolus
Potentilla pulcherrima,Pontia occidentalis
Potentilla pulcherrima,Pontia protodice
Potentilla pulcherrima,Speyeria mormonia
Potentilla recta,Chelostoma rapunculi
Potentilla recta,Hylaeus annulatus
Potentilla recta,Trichodes apiarius
Potentilla reptans,Aglais urticae
Potentilla reptans,Agriades glandon
Potentilla reptans,Andrena wilkella
Potentilla reptans,Anthonomus rubi
Potentilla reptans,Apis mellifera
Potentilla reptans,Boloria selene
Potentilla reptans,Bombus hypnorum
Potentilla reptans,Bombus lapidarius
Potentilla reptans,Celastrina argiolus
Potentilla reptans,Colias croceus
Potentilla reptans,Episyrphus balteatus
Potentilla reptans,Eristalinus aeneus
Potentilla reptans,Eristalis arbustorum
Potentilla reptans,Eristalis tenax
Potentilla reptans,Halictus rubicundus
Potentilla reptans,Harmonia axyridis
Potentilla reptans,Hylaeus annulatus
Potentilla reptans,Hylaeus hyalinatus
Potentilla reptans,Hylaeus leptocephalus
Potentilla reptans,Hylaeus pictipes
Potentilla reptans,Hylaeus punctatus
Potentilla reptans,Lycaena phlaeas
Potentilla reptans,Merodon equestris
Potentilla reptans,Parasyrphus tarsatus
Potentilla reptans,Parnassius phoebus
Potentilla reptans,Pieris napi
Potentilla reptans,Polygonia c-album
Potentilla reptans,Polyommatus icarus
Potentilla reptans,Syritta pipiens
Potentilla reptans,Syrphus ribesii
Potentilla reptans,Thymelicus lineola
Potentilla reptans,Vanessa atalanta
Potentilla simplex,Andrena personata
Potentilla simplex,Nomada denticulata
Proboscidea louisianica,Bombus sonorus
Prunella vulgaris,Archytas aterrima
Prunella vulgaris,Aricia agestis
Prunella vulgaris,Augochlorella aurata
Prunella vulgaris,Basilinna leucotis
Prunella vulgaris,Boloria selene
Prunella vulgaris,Bombus bohemicus
Prunella vulgaris,Bombus hypnorum
Prunella vulgaris,Bombus lapidarius
Prunella vulgaris,Ceratina dupla
Prunella vulgaris,Colias croceus
Prunella vulgaris,Episyrphus balteatus
Prunella vulgaris,Eugenes fulgens
Prunella vulgaris,Exoprosopa fasciata
Prunella vulgaris,Halictus confusus
Prunella vulgaris,Lapposyrphus lapponicus
Prunella vulgaris,Lasioglossum zonulum
Prunella vulgaris,Lycaena phlaeas
Prunella vulgaris,Mastor vialis
Prunella vulgaris,Megachile mendica
Prunella vulgaris,Melissodes comptoides
Prunella vulgaris,Osmia caerulescens
Prunella vulgaris,Paragus haemorrhous
Prunella vulgaris,Pieris napi
Prunella vulgaris,Polites coras
Prunella vulgaris,Pontia protodice
Prunella vulgaris,Scolia bicincta
Prunella vulgaris,Selasphorus platycercus
Prunella vulgaris,Selasphorus rufus
Prunella vulgaris,Selasphorus sasin
Prunella vulgaris,Syritta pipiens
Prunella vulgaris,Syrphus torvus
Prunus americana,Anagrapha falcifera
Prunus americana,Andrena andrenoides
Prunus americana,Andrena erythrogaster
Prunus americana,Andrena erythronii
Prunus americana,Andrena forbesii
Prunus americana,Andrena imitatrix
Prunus americana,Andrena mandibularis
Prunus americana,Andrena pruni
Prunus americana,Bombus
Prunus americana,Bombus pensylvanicus
Prunus americana,Bombylius major
Prunus americana,Brachypalpus oarus
Prunus americana,Callophrys dumetorum
Prunus americana,Ceratina calcarata
Prunus americana,Ceratina dupla
Prunus americana,Cynomya cadaverina
Prunus americana,Diplotoxa versicolor
Prunus americana,Eristalis dimidiata
Prunus americana,Euchloe ausonides
Prunus americana,Eupeodes americanus
Prunus americana,Halictus rubicundus
Prunus americana,Harkenclenus titus
Prunus americana,Lasioglossum cinctipes
Prunus americana,Lasioglossum imitatum
Prunus americana,Lasioglossum pruinosum
Prunus americana,Lasioglossum tegulare
Prunus americana,Lasioglossum versatum
Prunus americana,Mitoura spinetorum
Prunus americana,Molorchus bimaculatus
Prunus americana,Myopa vesiculosa
Prunus americana,Nomada denticulata
Prunus americana,Nomada illinoensis
Prunus americana,Nomada luteoloides
Prunus americana,Nomada obliterata
Prunus americana,Nomada superba
Prunus americana,Nymphalis californica
Prunus americana,Orthonevra nitida
Prunus americana,Phormia regina
Prunus americana,Platycheirus hyperboreus
Prunus americana,Polygonia gracilis
Prunus americana,Pontia protodice
Prunus americana,Sphecodes dichrous
Prunus americana,Strymon melinus
Prunus americana,Syrphus torvus
Prunus americana,Thecla schryveri
Prunus americana,Toxomerus marginatus
Prunus americana,Valgus canaliculatus
Prunus americana,Vanessa virginiensis
Prunus angustifolia,Epeolus zonatus
Prunus angustifolia,Hylaeus confluens
Prunus angustifolia,Lasioglossum pectorale
Prunus avium,Aglais io
Prunus avium,Aglais urticae
Prunus avium,Bombus
Prunus avium,Bombus bohemicus
Prunus avium,Bombus hypnorum
Prunus avium,Bombus lapidarius
Prunus avium,Bombylius major
Prunus avium,Celastrina argiolus
Prunus avium,Chalcosyrphus nemorum
Prunus avium,Episyrphus balteatus
Prunus avium,Eristalinus aeneus
Prunus avium,Eristalis arbustorum
Prunus avium,Eristalis tenax
Prunus avium,Hylaeus annulatus
Prunus avium,Hylaeus hyalinatus
Prunus avium,Hylaeus leptocephalus
Prunus avium,Hylaeus pictipes
Prunus avium,Hylaeus punctatus
Prunus avium,Lasioglossum leucozonium
Prunus avium,Macroglossum stellatarum
Prunus avium,Myathropa florea
Prunus avium,Osmia lignaria
Prunus avium,Pieris rapae
Prunus avium,Vanessa atalanta
Prunus avium,Vespa crabro
Prunus avium,Vespula germanica
Prunus cerasifera,Aglais io
Prunus cerasifera,Apis mellifera
Prunus cerasifera,Bombus hypnorum
Prunus cerasifera,Bombus lapidarius
Prunus cerasifera,Bombylius major
Prunus cerasifera,Celastrina argiolus
Prunus cerasifera,Episyrphus balteatus
Prunus cerasifera,Eristalis arbustorum
Prunus cerasifera,Eristalis tenax
Prunus cerasifera,Lasioglossum leucozonium
Prunus cerasifera,Pieris rapae
Prunus cerasifera,Vanessa atalanta
Prunus laurocerasus,Aglais io
Prunus laurocerasus,Bombus hypnorum
Prunus laurocerasus,Bombus lapidarius
Prunus laurocerasus,Celastrina argiolus
Prunus laurocerasus,Episyrphus balteatus
Prunus laurocerasus,Eristalis arbustorum
Prunus laurocerasus,Fagisyrphus cincta
Prunus laurocerasus,Halictus rubicundus
Prunus laurocerasus,Lasioglossum leucozonium
Prunus laurocerasus,Lasius emarginatus
Prunus laurocerasus,Lucilia sericata
Prunus laurocerasus,Meligramma triangulifera
Prunus laurocerasus,Pararge aegeria
Prunus laurocerasus,Phaonia subventa
Prunus laurocerasus,Polygonia c-album
Prunus laurocerasus,Sarcophaga subvicina
Prunus laurocerasus,Scathophaga stercoraria
Prunus laurocerasus,Syritta pipiens
Prunus laurocerasus,Syrphus torvus
Prunus laurocerasus,Valgus hemipterus
Prunus laurocerasus,Vanessa cardui
Prunus pensylvanica,Bombus rufocinctus
Prunus pensylvanica,Erebia discoidalis
Prunus pensylvanica,Megachile melanophaea
Prunus pensylvanica,Orsodacne atra
Prunus pensylvanica,Papilio canadensis
Prunus persica,Episyrphus balteatus
Prunus persica,Eristalis tenax
Prunus persica,Vanessa atalanta
Prunus serotina,Agapostemon sericeus
Prunus serotina,Andrena cressonii
Prunus serotina,Andrena erythrogaster
Prunus serotina,Andrena forbesii
Prunus serotina,Andrena hippotes
Prunus serotina,Andrena imitatrix
Prunus serotina,Andrena nuda
Prunus serotina,Andrena pruni
Prunus serotina,Apis mellifera
Prunus serotina,Blera umbratilis
Prunus serotina,Bombus impatiens
Prunus serotina,Bombus pensylvanicus
Prunus serotina,Brachyopa vacua
Prunus serotina,Calliphora vicina
Prunus serotina,Ceratina calcarata
Prunus serotina,Eristalinus aeneus
Prunus serotina,Eristalis dimidiata
Prunus serotina,Halictus rubicundus
Prunus serotina,Lasioglossum cressonii
Prunus serotina,Lasioglossum illinoense
Prunus serotina,Lasioglossum imitatum
Prunus serotina,Lasioglossum versatum
Prunus serotina,Lucilia sericata
Prunus serotina,Molorchus bimaculatus
Prunus serotina,Myolepta strigilata
Prunus serotina,Myopa vesiculosa
Prunus serotina,Nomada illinoensis
Prunus serotina,Orthonevra nitida
Prunus serotina,Orthonevra pictipennis
Prunus serotina,Papilio multicaudata
Prunus serotina,Phormia regina
Prunus serotina,Polistes fuscatus
Prunus serotina,Scathophaga furcata
Prunus serotina,Scatopse notata
Prunus serotina,Sphegina rufiventris
Prunus serotina,Syritta pipiens
Prunus serotina,Syrphus ribesii
Prunus serotina,Vanessa virginiensis
Prunus virginiana,Bombus
Prunus virginiana,Celastrina humulus
Prunus virginiana,Chlosyne acastus
Prunus virginiana,Chlosyne gorgone
Prunus virginiana,Chlosyne nycteis
Prunus virginiana,Clossiana toddi
Prunus virginiana,Coenonympha tullia
Prunus virginiana,Dolichovespula arenaria
Prunus virginiana,Erynnis icelus
Prunus virginiana,Glaucopsyche lygdamus
Prunus virginiana,Icaricia icarioides
Prunus virginiana,Incisalia eryphon
Prunus virginiana,Lon hobomok
Prunus virginiana,Malachius aeneus
Prunus virginiana,Occidryas anicia
Prunus virginiana,Oeneis uhleri
Prunus virginiana,Papilio eurymedon
Prunus virginiana,Papilio polyxenes
Prunus virginiana,Phyciodes tharos
Prunus virginiana,Polygonia satyrus
Prunus virginiana,Speyeria atlantis
Prunus virginiana,Speyeria edwardsii
Prunus virginiana,Speyeria egleis
Pseudofumaria lutea,Lucilia sericata
Ptelea trifoliata,Agapostemon sericeus
Ptelea trifoliata,Alypia octomaculata
Ptelea trifoliata,Ancistrocerus unifasciatus
Ptelea trifoliata,Andrena cressonii
Ptelea trifoliata,Andrena forbesii
Ptelea trifoliata,Andrena heraclei
Ptelea trifoliata,Andrena hippotes
Ptelea trifoliata,Andrena imitatrix
Ptelea trifoliata,Andrena nuda
Ptelea trifoliata,Andrena platyparia
Ptelea trifoliata,Andrena robertsonii
Ptelea trifoliata,Apis mellifera
Ptelea trifoliata,Archytas aterrima
Ptelea trifoliata,Augochlorella aurata
Ptelea trifoliata,Bombus auricomus
Ptelea trifoliata,Ceratina dupla
Ptelea trifoliata,Colletes eulophi
Ptelea trifoliata,Colletes inaequalis
Ptelea trifoliata,Dalmannia nigriceps
Ptelea trifoliata,Eumenes fraternus
Ptelea trifoliata,Halictus ligatus
Ptelea trifoliata,Halictus rubicundus
Ptelea trifoliata,Hylaeus affinis
Ptelea trifoliata,Hylaeus modestus
Ptelea trifoliata,Lasioglossum cressonii
Ptelea trifoliata,Lasioglossum imitatum
Ptelea trifoliata,Lasioglossum tegulare
Ptelea trifoliata,Lasioglossum versatum
Ptelea trifoliata,Lestica confluenta
Ptelea trifoliata,Leucospis affinis
Ptelea trifoliata,Myolepta nigra
Ptelea trifoliata,Myopa vesiculosa
Ptelea trifoliata,Oxybelus emarginatus
Ptelea trifoliata,Sphecodes confertus
Ptelea trifoliata,Stratiomys meigenii
Ptelea trifoliata,Syritta pipiens
Ptelea trifoliata,Trichopoda pennipes
Pulicaria paludosa,Abaeis nicippe
Pulicaria paludosa,Apis mellifera
Pulicaria paludosa,Bombus lapidarius
Pulicaria paludosa,Lycaena phlaeas
Pulicaria paludosa,Polyommatus icarus
Punica granatum,Apis mellifera
Punica granatum,Biblis aganisa
Punica granatum,Hesperocharis costaricensis
Punica granatum,Phoebis argante
Punica granatum,Phoebis philea
Pycnanthemum tenuifolium,Augochlora pura
Pycnanthemum tenuifolium,Ceratina dupla
Pycnanthemum tenuifolium,Megachile mendica
Pycnanthemum tenuifolium,Odontocorynus salebrosus
Pycnanthemum tenuifolium,Rhynchalastor histrionalis
Pycnanthemum virginianum,Agapostemon sericeus
Pycnanthemum virginianum,Ammophila pictipennis
Pycnanthemum virginianum,Ammophila procera
Pycnanthemum virginianum,Bombus bifarius
Pycnanthemum virginianum,Calliopsis andreniformis
Pycnanthemum virginianum,Cochliomyia macellaria
Pycnanthemum virginianum,Eristalis tenax
Pycnanthemum virginianum,Eucerceris zonata
Pycnanthemum virginianum,Exoprosopa fasciata
Pycnanthemum virginianum,Exoprosopa fascipennis
Pycnanthemum virginianum,Florilegus condignus
Pycnanthemum virginianum,Glenostictia pictifrons
Pycnanthemum virginianum,Heriades leavitti
Pycnanthemum virginianum,Lasioglossum imitatum
Pycnanthemum virginianum,Lasioglossum pectorale
Pycnanthemum virginianum,Lasioglossum versatum
Pycnanthemum virginianum,Melissodes comptoides
Pycnanthemum virginianum,Oxybelus emarginatus
Pycnanthemum virginianum,Pontia protodice
Pycnanthemum virginianum,Sphecodes confertus
Pycnanthemum virginianum,Sphecodes dichrous
Pycnanthemum virginianum,Stizus brevipennis
Pycnanthemum virginianum,Svastra atripes
Pycnanthemum virginianum,Systropus macer
Pycnanthemum virginianum,Tachytes distinctus
Pycnanthemum virginianum,Thecophora occidensis
Pycnanthemum virginianum,Triepeolus lunatus
Pycnanthemum virginianum,Zodion fulvifrons
Pyrus calleryana,Eupeodes americanus
Pyrus communis,Apis mellifera
Pyrus communis,Bombus
Pyrus communis,Bombus hypnorum
Pyrus communis,Bombus lapidarius
Pyrus communis,Bombylius major
Pyrus communis,Episyrphus balteatus
Pyrus communis,Eristalis arbustorum
Pyrus communis,Eristalis tenax
Pyrus communis,Hylaeus annulatus
Pyrus communis,Hylaeus hyalinatus
Pyrus communis,Hylaeus leptocephalus
Pyrus communis,Hylaeus pictipes
Pyrus communis,Hylaeus punctatus
Pyrus communis,Myathropa florea
Pyrus communis,Osmia lignaria
Pyrus communis,Pararge aegeria
Pyrus communis,Syrphus vitripennis
Pyrus communis,Vanessa atalanta
Pyrus communis,Vanessa cardui
Pyrus communis,Vespa crabro
Pyxidanthera barbulata,Apis mellifera
Pyxidanthera barbulata,Aristotelia roseosuffusella
Pyxidanthera barbulata,Augochlorella aurata
Pyxidanthera barbulata,Calliphora vomitoria
Pyxidanthera barbulata,Delia platura
Pyxidanthera barbulata,Habropoda laboriosa
Pyxidanthera barbulata,Leptometopa latipes
Pyxidanthera barbulata,Linepithema humile
Pyxidanthera barbulata,Prenolepis imparis
Pyxidanthera barbulata,Toxomerus geminatus
Pyxidanthera barbulata,Toxomerus marginatus
Quercus dumosa,Lasioglossum titusi
Quercus ilex,Apis mellifera
Quercus nigra,Apis mellifera
Ranunculus acris,Aglais io
Ranunculus acris,Anthocharis cardamines
Ranunculus acris,Bombus
Ranunculus acris,Bombus hypnorum
Ranunculus acris,Bombus lapidarius
Ranunculus acris,Bombylius major
Ranunculus acris,Botanophila fugax
Ranunculus acris,Brassicogethes aeneus
Ranunculus acris,Carterocephalus palaemon
Ranunculus acris,Celastrina argiolus
Ranunculus acris,Chalcosyrphus nemorum
Ranunculus acris,Chloromyia formosa
Ranunculus acris,Chrysotoxum arcuatum
Ranunculus acris,Coenosia tigrina
Ranunculus acris,Copromyza equina
Ranunculus acris,Dasysyrphus venustus
Ranunculus acris,Delia platura
Ranunculus acris,Epistrophe grossulariae
Ranunculus acris,Episyrphus balteatus
Ranunculus acris,Eristalis arbustorum
Ranunculus acris,Eristalis tenax
Ranunculus acris,Eudasyphora cyanicolor
Ranunculus acris,Eumerus funeralis
Ranunculus acris,Halictus confusus
Ranunculus acris,Halictus rubicundus
Ranunculus acris,Helina evecta
Ranunculus acris,Helophilus hybridus
Ranunculus acris,Lotophila atra
Ranunculus acris,Melangyna lasiophthalma
Ranunculus acris,Meliscaeva cinctella
Ranunculus acris,Merodon equestris
Ranunculus acris,Myathropa florea
Ranunculus acris,Neomyia cornicina
Ranunculus acris,Opomyza germinationis
Ranunculus acris,Pipiza quadrimaculata
Ranunculus acris,Pollenia pediculata
Ranunculus acris,Pollenia rudis
Ranunculus acris,Pyrophaena granditarsa
Ranunculus acris,Rhagonycha fulva
Ranunculus acris,Saltella sphondylii
Ranunculus acris,Scathophaga furcata
Ranunculus acris,Scathophaga stercoraria
Ranunculus acris,Syritta pipiens
Ranunculus acris,Syrphus ribesii
Ranunculus acris,Syrphus torvus
Ranunculus acris,Syrphus vitripennis
Ranunculus acris,Xylota segnis
Ranunculus aquatilis,Bombus
Ranunculus aquatilis,Bombus hypnorum
Ranunculus aquatilis,Bombus lapidarius
Ranunculus aquatilis,Parydra aquila
Ranunculus fascicularis,Agapostemon sericeus
Ranunculus fascicularis,Andrena cressonii
Ranunculus fascicularis,Apis mellifera
Ranunculus fascicularis,Augochlorella aurata
Ranunculus fascicularis,Bithoracochaeta leucoprocta
Ranunculus fascicularis,Bombylius major
Ranunculus fascicularis,Ceratina calcarata
Ranunculus fascicularis,Ceratina dupla
Ranunculus fascicularis,Chalcosyrphus nemorum
Ranunculus fascicularis,Eristalis transversa
Ranunculus fascicularis,Eupeodes americanus
Ranunculus fascicularis,Halictus ligatus
Ranunculus fascicularis,Halictus rubicundus
Ranunculus fascicularis,Lapposyrphus lapponicus
Ranunculus fascicularis,Lasioglossum imitatum
Ranunculus fascicularis,Lasioglossum pectorale
Ranunculus fascicularis,Lasioglossum pruinosum
Ranunculus fascicularis,Lasioglossum versatum
Ranunculus fascicularis,Nomada superba
Ranunculus fascicularis,Orthonevra pictipennis
Ranunculus fascicularis,Osmia pumila
Ranunculus fascicularis,Pipiza femoralis
Ranunculus fascicularis,Toxomerus marginatus
Ranunculus flammula,Colias croceus
Ranunculus flammula,Pyrophaena granditarsa
Ranunculus flammula,Tetanocera ferriginea
Ranunculus glaberrimus,Erynnis persius
Ranunculus hispidus,Andrena cressonii
Ranunculus hispidus,Andrena erigeniae
Ranunculus hispidus,Andrena geranii
Ranunculus hispidus,Andrena nasonii
Ranunculus hispidus,Andrena perplexa
Ranunculus hispidus,Andrena personata
Ranunculus hispidus,Apis mellifera
Ranunculus hispidus,Augochlorella aurata
Ranunculus hispidus,Halictus ligatus
Ranunculus hispidus,Lasioglossum coriaceum
Ranunculus hispidus,Lasioglossum obscurum
Ranunculus hispidus,Lasioglossum subviridatum
Ranunculus hispidus,Nomada denticulata
Ranunculus muricatus,Aglais urticae
Ranunculus muricatus,Apis mellifera
Ranunculus muricatus,Boloria selene
Ranunculus muricatus,Bombus lapidarius
Ranunculus muricatus,Bombylius major
Ranunculus muricatus,Brassicogethes aeneus
Ranunculus muricatus,Celastrina argiolus
Ranunculus muricatus,Chalcosyrphus nemorum
Ranunculus muricatus,Chrysotoxum arcuatum
Ranunculus muricatus,Dasysyrphus venustus
Ranunculus muricatus,Epistrophe grossulariae
Ranunculus muricatus,Episyrphus balteatus
Ranunculus muricatus,Eristalis arbustorum
Ranunculus muricatus,Eumerus funeralis
Ranunculus muricatus,Eupeodes latifasciatus
Ranunculus muricatus,Euphydryas aurinia
Ranunculus muricatus,Halictus confusus
Ranunculus muricatus,Helophilus hybridus
Ranunculus muricatus,Lycaena phlaeas
Ranunculus muricatus,Melangyna lasiophthalma
Ranunculus muricatus,Merodon equestris
Ranunculus muricatus,Myathropa florea
Ranunculus muricatus,Pieris napi
Ranunculus muricatus,Pieris rapae
Ranunculus muricatus,Polyommatus icarus
Ranunculus muricatus,Syritta pipiens
Ranunculus muricatus,Syrphus ribesii
Ranunculus muricatus,Syrphus torvus
Ranunculus muricatus,Syrphus vitripennis
Ranunculus muricatus,Xylota segnis
Ranunculus parviflorus,Aglais urticae
Ranunculus parviflorus,Boloria selene
Ranunculus parviflorus,Bombus lapidarius
Ranunculus parviflorus,Bombylius major
Ranunculus parviflorus,Brassicogethes aeneus
Ranunculus parviflorus,Celastrina argiolus
Ranunculus parviflorus,Chalcosyrphus nemorum
Ranunculus parviflorus,Chrysotoxum arcuatum
Ranunculus parviflorus,Dasysyrphus venustus
Ranunculus parviflorus,Epistrophe grossulariae
Ranunculus parviflorus,Episyrphus balteatus
Ranunculus parviflorus,Eristalis arbustorum
Ranunculus parviflorus,Eumerus funeralis
Ranunculus parviflorus,Eupeodes latifasciatus
Ranunculus parviflorus,Euphydryas aurinia
Ranunculus parviflorus,Halictus confusus
Ranunculus parviflorus,Helophilus hybridus
Ranunculus parviflorus,Lycaena phlaeas
Ranunculus parviflorus,Melangyna lasiophthalma
Ranunculus parviflorus,Merodon equestris
Ranunculus parviflorus,Myathropa florea
Ranunculus parviflorus,Pieris napi
Ranunculus parviflorus,Pieris rapae
Ranunculus parviflorus,Polyommatus icarus
Ranunculus parviflorus,Syritta pipiens
Ranunculus parviflorus,Syrphus ribesii
Ranunculus parviflorus,Syrphus torvus
Ranunculus parviflorus,Syrphus vitripennis
Ranunculus parviflorus,Xylota segnis
Ranunculus recurvatus,Andrena cressonii
Ranunculus recurvatus,Andrena personata
Ranunculus recurvatus,Augochlorella aurata
Ranunculus recurvatus,Lasioglossum obscurum
Ranunculus repens,Aglais urticae
Ranunculus repens,Agrotis ipsilon
Ranunculus repens,Amphipyra tragopoginis
Ranunculus repens,Andrena wilkella
Ranunculus repens,Anthocharis cardamines
Ranunculus repens,Apamea sordens
Ranunculus repens,Apis mellifera
Ranunculus repens,Araschnia levana
Ranunculus repens,Aricia agestis
Ranunculus repens,Autographa gamma
Ranunculus repens,Boloria selene
Ranunculus repens,Bombus
Ranunculus repens,Bombus hypnorum
Ranunculus repens,Bombus lapidarius
Ranunculus repens,Botanophila fugax
Ranunculus repens,Brassicogethes aeneus
Ranunculus repens,Caradrina morpheus
Ranunculus repens,Carterocephalus palaemon
Ranunculus repens,Celastrina argiolus
Ranunculus repens,Chalcosyrphus nemorum
Ranunculus repens,Cheilosia albitarsis
Ranunculus repens,Chloromyia formosa
Ranunculus repens,Chrysotoxum arcuatum
Ranunculus repens,Coboldia fuscipes
Ranunculus repens,Coenosia tigrina
Ranunculus repens,Colias hyale
Ranunculus repens,Dasysyrphus venustus
Ranunculus repens,Delia platura
Ranunculus repens,Dysstroma truncata
Ranunculus repens,Epirrhoe alternata
Ranunculus repens,Epistrophe grossulariae
Ranunculus repens,Episyrphus balteatus
Ranunculus repens,Eristalis arbustorum
Ranunculus repens,Eumerus funeralis
Ranunculus repens,Eupeodes latifasciatus
Ranunculus repens,Euphydryas aurinia
Ranunculus repens,Geomyza tripunctata
Ranunculus repens,Halictus rubicundus
Ranunculus repens,Helophilus hybridus
Ranunculus repens,Hydraecia micacea
Ranunculus repens,Hydriomena furcata
Ranunculus repens,Hylaeus hyalinatus
Ranunculus repens,Idaea dimidiata
Ranunculus repens,Lasioglossum zonulum
Ranunculus repens,Leucoma salicis
Ranunculus repens,Lotophila atra
Ranunculus repens,Lucilia silvarum
Ranunculus repens,Lycaena phlaeas
Ranunculus repens,Megachile centuncularis
Ranunculus repens,Melangyna lasiophthalma
Ranunculus repens,Mesapamea secalis
Ranunculus repens,Myrmica rubra
Ranunculus repens,Noctua comes
Ranunculus repens,Noctua pronuba
Ranunculus repens,Oligia strigilis
Ranunculus repens,Opomyza germinationis
Ranunculus repens,Opomyza petrei
Ranunculus repens,Oscinella frit
Ranunculus repens,Osmia caerulescens
Ranunculus repens,Phragmatobia fuliginosa
Ranunculus repens,Pieris napi
Ranunculus repens,Pieris rapae
Ranunculus repens,Pipiza quadrimaculata
Ranunculus repens,Pollenia pediculata
Ranunculus repens,Polyommatus icarus
Ranunculus repens,Pyrophaena granditarsa
Ranunculus repens,Rhagonycha fulva
Ranunculus repens,Saltella sphondylii
Ranunculus repens,Scathophaga stercoraria
Ranunculus repens,Syritta pipiens
Ranunculus repens,Syrphus ribesii
Ranunculus repens,Syrphus torvus
Ranunculus repens,Syrphus vitripennis
Ranunculus repens,Tyria jacobaeae
Ranunculus repens,Urophora cardui
Ranunculus repens,Vanessa cardui
Ranunculus repens,Xestia c-nigrum
Ranunculus repens,Xestia xanthographa
Ranunculus repens,Xylota segnis
Ranunculus sardous,Aglais urticae
Ranunculus sardous,Boloria selene
Ranunculus sardous,Bombus lapidarius
Ranunculus sardous,Bombylius major
Ranunculus sardous,Brassicogethes aeneus
Ranunculus sardous,Celastrina argiolus
Ranunculus sardous,Chalcosyrphus nemorum
Ranunculus sardous,Chrysotoxum arcuatum
Ranunculus sardous,Dasysyrphus venustus
Ranunculus sardous,Epistrophe grossulariae
Ranunculus sardous,Episyrphus balteatus
Ranunculus sardous,Eristalis arbustorum
Ranunculus sardous,Eumerus funeralis
Ranunculus sardous,Eupeodes latifasciatus
Ranunculus sardous,Euphydryas aurinia
Ranunculus sardous,Halictus confusus
Ranunculus sardous,Helophilus hybridus
Ranunculus sardous,Lycaena phlaeas
Ranunculus sardous,Melangyna lasiophthalma
Ranunculus sardous,Merodon equestris
Ranunculus sardous,Myathropa florea
Ranunculus sardous,Pieris napi
Ranunculus sardous,Pieris rapae
Ranunculus sardous,Polyommatus icarus
Ranunculus sardous,Syritta pipiens
Ranunculus sardous,Syrphus ribesii
Ranunculus sardous,Syrphus torvus
Ranunculus sardous,Syrphus vitripennis
Ranunculus sardous,Xylota segnis
Raphanus raphanistrum,Agapostemon virescens
Raphanus raphanistrum,Anthocharis cardamines
Raphanus raphanistrum,Battus polydamas
Raphanus raphanistrum,Bombus lapidarius
Raphanus raphanistrum,Brassicogethes aeneus
Raphanus raphanistrum,Colias croceus
Raphanus raphanistrum,Episyrphus balteatus
Raphanus raphanistrum,Pieris napi
Raphanus raphanistrum,Pollenia rudis
Rapistrum rugosum,Eristalis tenax
Rapistrum rugosum,Eupeodes volucris
Ratibida columnifera,Atrytone arogos
Ratibida columnifera,Bombus ternarius
Ratibida columnifera,Colias eurytheme
Ratibida columnifera,Danaus gilippus
Ratibida columnifera,Danaus plexippus
Ratibida columnifera,Lycaena dione
Ratibida columnifera,Polites origenes
Ratibida columnifera,Syrphus torvus
Ratibida columnifera,Toxomerus marginatus
Ratibida columnifera,Vanessa atalanta
Ratibida pinnata,Acmaeodera pulchella
Ratibida pinnata,Agapostemon sericeus
Ratibida pinnata,Agapostemon texanus
Ratibida pinnata,Ammophila nigricans
Ratibida pinnata,Augochlorella aurata
Ratibida pinnata,Bicyrtes quadrifasciatus
Ratibida pinnata,Bombus affinis
Ratibida pinnata,Colias philodice
Ratibida pinnata,Elkalyce comyntas
Ratibida pinnata,Epeolus bifasciatus
Ratibida pinnata,Euptoieta claudia
Ratibida pinnata,Eusiphona mira
Ratibida pinnata,Exoprosopa decora
Ratibida pinnata,Glenostictia pictifrons
Ratibida pinnata,Halictus rubicundus
Ratibida pinnata,Hoplitis pilosifrons
Ratibida pinnata,Lasioglossum albipenne
Ratibida pinnata,Lasioglossum pruinosum
Ratibida pinnata,Lasioglossum versatum
Ratibida pinnata,Megachile brevis
Ratibida pinnata,Megachile inimica
Ratibida pinnata,Megachile mendica
Ratibida pinnata,Megachile pugnata
Ratibida pinnata,Melissodes boltoniae
Ratibida pinnata,Melissodes comptoides
Ratibida pinnata,Melissodes druriellus
Ratibida pinnata,Melissodes niveus
Ratibida pinnata,Melissodes vernoniae
Ratibida pinnata,Phyciodes tharos
Ratibida pinnata,Polistes fuscatus
Ratibida pinnata,Prionyx atratus
Ratibida pinnata,Prionyx thomae
Ratibida pinnata,Pseudopanurgus albitarsis
Ratibida pinnata,Systoechus vulgaris
Ratibida pinnata,Triepeolus concavus
Ratibida pinnata,Triepeolus remigatus
Ratibida pinnata,Zodion obliquefasciatum
Reynoutria japonica,Bombus
Reynoutria japonica,Bombus lapidarius
Reynoutria japonica,Vespa velutina
Rhamnus cathartica,Harmonia axyridis
Rhexia cubensis,Odontocorynus salebrosus
Rhinanthus minor,Apis mellifera
Rhinanthus minor,Bombus
Rhinanthus minor,Bombus hypnorum
Rhinanthus minor,Bombus lapidarius
Rhinanthus minor,Colias interior
Rhodiola integrifolia,Boloria eunomia
Rhodiola integrifolia,Erebia epipsodea
Rhodiola rhodantha,Boloria eunomia
Rhodiola rhodantha,Boloria frigga
Rhodiola rhodantha,Boloria titania
Rhodiola rhodantha,Plebejus saepiolus
Rhodiola rhodantha,Pyrgus centaureae
Rhododendron lapponicum,Bombus
Rhododendron lapponicum,Parasyrphus tarsatus
Rhododendron lapponicum,Polia richardsoni
Rhus aromatica,Icaricia icarioides
Rhus glabra,Agapostemon sericeus
Rhus glabra,Ammophila procera
Rhus glabra,Ancistrocerus campestris
Rhus glabra,Andrena cressonii
Rhus glabra,Andrena platyparia
Rhus glabra,Andrena robertsonii
Rhus glabra,Archytas aterrima
Rhus glabra,Belvosia bifasciata
Rhus glabra,Bicyrtes ventralis
Rhus glabra,Bombylius atriceps
Rhus glabra,Ceratina dupla
Rhus glabra,Cerceris insolita
Rhus glabra,Cercyonis pegala
Rhus glabra,Coelioxys sayi
Rhus glabra,Colletes aestivalis
Rhus glabra,Colletes eulophi
Rhus glabra,Colletes willistoni
Rhus glabra,Eristalis dimidiata
Rhus glabra,Eristalis flavipes
Rhus glabra,Eupeodes americanus
Rhus glabra,Harkenclenus titus
Rhus glabra,Hemipenthes sinuosus
Rhus glabra,Heriades leavitti
Rhus glabra,Hylaeus affinis
Rhus glabra,Hylaeus illinoisensis
Rhus glabra,Larra analis
Rhus glabra,Lasioglossum cinctipes
Rhus glabra,Lasioglossum pruinosum
Rhus glabra,Lasioglossum tegulare
Rhus glabra,Lasioglossum versatum
Rhus glabra,Lestica confluenta
Rhus glabra,Limenitis weidemeyerii
Rhus glabra,Limnophora narona
Rhus glabra,Mordella melaena
Rhus glabra,Morellia micans
Rhus glabra,Ocyptamus fuscipennis
Rhus glabra,Oxybelus emarginatus
Rhus glabra,Prionyx thomae
Rhus glabra,Speyeria atlantis
Rhus glabra,Sphecodes dichrous
Rhus glabra,Sphegina rufiventris
Rhus glabra,Stelis lateralis
Rhus glabra,Stomoxys calcitrans
Rhus glabra,Stratiomys meigenii
Rhus glabra,Strymon saepium
Rhus glabra,Syrphus ribesii
Rhus glabra,Toxomerus marginatus
Rhus glabra,Vanessa atalanta
Rhus glabra,Villa alternata
Rhus glabra,Zethus spinipes
Rhus glabra,Zodion fulvifrons
Rhus typhina,Polistes dominula
Ribes sanguineum,Bombus
Ribes sanguineum,Bombus bohemicus
Ribes sanguineum,Bombus hypnorum
Ribes sanguineum,Bombus lapidarius
Richardia grandiflora,Ceratina dupla
Richardia scabra,Agapostemon splendens
Richardia scabra,Augochloropsis sumptuosa
Richardia scabra,Bombus pensylvanicus
Richardia scabra,Megachile texana
Ricinus communis,Apis mellifera
Ricinus communis,Cynanthus latirostris
Robinia neomexicana,Bombus
Robinia neomexicana,Selasphorus platycercus
Robinia pseudoacacia,Archilochus colubris
Robinia pseudoacacia,Bombus
Robinia pseudoacacia,Hyles lineata
Robinia pseudoacacia,Valgus hemipterus
Robinia pseudoacacia,Vanessa cardui
Rorippa sylvestris,Apis mellifera
Rorippa sylvestris,Coccinella septempunctata
Rorippa sylvestris,Episyrphus balteatus
Rorippa sylvestris,Eristalinus aeneus
Rorippa sylvestris,Eristalis arbustorum
Rorippa sylvestris,Eristalis tenax
Rorippa sylvestris,Eupeodes latifasciatus
Rorippa sylvestris,Hylaeus hyalinatus
Rorippa sylvestris,Hylaeus leptocephalus
Rorippa sylvestris,Hylaeus punctatus
Rorippa sylvestris,Lasioglossum leucozonium
Rorippa sylvestris,Lasioglossum zonulum
Rorippa sylvestris,Myathropa florea
Rorippa sylvestris,Pieris napi
Rorippa sylvestris,Pieris rapae
Rorippa sylvestris,Syritta pipiens
Rosa arkansana,Bombus occidentalis
Rosa arkansana,Bombus perplexus
Rosa arkansana,Grammoptera subargentata
Rosa blanda,Apis mellifera
Rosa blanda,Bombus hypnorum
Rosa blanda,Bombus impatiens
Rosa californica,Acmaeodera dolorosa
Rosa californica,Acmaeodera prorsa
Rosa canina,Aglais urticae
Rosa canina,Agrotis ipsilon
Rosa canina,Amphipyra tragopoginis
Rosa canina,Andrena wilkella
Rosa canina,Apamea sordens
Rosa canina,Autographa gamma
Rosa canina,Bombus
Rosa canina,Bombus hypnorum
Rosa canina,Bombus lapidarius
Rosa canina,Caradrina morpheus
Rosa canina,Celastrina argiolus
Rosa canina,Dysstroma truncata
Rosa canina,Epirrhoe alternata
Rosa canina,Episyrphus balteatus
Rosa canina,Eristalis tenax
Rosa canina,Hydraecia micacea
Rosa canina,Hydriomena furcata
Rosa canina,Idaea dimidiata
Rosa canina,Leucoma salicis
Rosa canina,Lycaena phlaeas
Rosa canina,Mesapamea secalis
Rosa canina,Musca autumnalis
Rosa canina,Noctua comes
Rosa canina,Noctua pronuba
Rosa canina,Oligia strigilis
Rosa canina,Phragmatobia fuliginosa
Rosa canina,Pieris rapae
Rosa canina,Polyommatus icarus
Rosa canina,Syritta pipiens
Rosa canina,Syrphus ribesii
Rosa canina,Tyria jacobaeae
Rosa canina,Vanessa cardui
Rosa canina,Xestia c-nigrum
Rosa canina,Xestia xanthographa
Rosa canina,Xylota segnis
Rosa carolina,Augochlorella aurata
Rosa carolina,Battus philenor
Rosa carolina,Bombus
Rosa carolina,Bombus hypnorum
Rosa carolina,Bombus lapidarius
Rosa carolina,Heriades carinata
Rosa carolina,Osmia atriventris
Rosa carolina,Osmia conjuncta
Rosa laevigata,Apis mellifera
Rosa multiflora,Andrena heraclei
Rosa multiflora,Augochlorella aurata
Rosa multiflora,Battus philenor
Rosa multiflora,Bombus hypnorum
Rosa multiflora,Bombus ternarius
Rosa multiflora,Chlosyne nycteis
Rosa multiflora,Episyrphus balteatus
Rosa multiflora,Lasioglossum fuscipenne
Rosa multiflora,Lasioglossum obscurum
Rosa multiflora,Parancistrocerus pensylvanicus
Rosa rubiginosa,Anthrenus verbasci
Rosa rubiginosa,Apis mellifera
Rosa rubiginosa,Bombus hypnorum
Rosa rubiginosa,Bombus lapidarius
Rosa rubiginosa,Chalcosyrphus nemorum
Rosa rubiginosa,Eristalis tenax
Rosa rubiginosa,Halictus confusus
Rosa rubiginosa,Halictus rubicundus
Rosa rubiginosa,Helophilus hybridus
Rosa rubiginosa,Hylaeus annulatus
Rosa rubiginosa,Hylaeus hyalinatus
Rosa rubiginosa,Hylaeus leptocephalus
Rosa rubiginosa,Hylaeus pictipes
Rosa rubiginosa,Hylaeus punctatus
Rosa rubiginosa,Pieris rapae
Rosa rubiginosa,Thymelicus lineola
Rosa rubiginosa,Vespula germanica
Rosa rugosa,Aglais urticae
Rosa rugosa,Bombus hypnorum
Rosa rugosa,Bombus lapidarius
Rosa rugosa,Bombus vagans
Rosa rugosa,Celastrina argiolus
Rosa rugosa,Episyrphus balteatus
Rosa rugosa,Lycaena phlaeas
Rosa rugosa,Pieris rapae
Rosa rugosa,Polydontomyia curvipes
Rosa rugosa,Polyommatus icarus
Rosa rugosa,Syritta pipiens
Rosa setigera,Agapostemon sericeus
Rosa setigera,Allograpta obliqua
Rosa setigera,Bombus auricomus
Rosa setigera,Bombus pensylvanicus
Rosa setigera,Chalcosyrphus chalybeus
Rosa setigera,Eristalis transversa
Rosa setigera,Eucera rosae
Rosa setigera,Eupeodes americanus
Rosa setigera,Hemipenthes sinuosus
Rosa setigera,Heringia salax
Rosa setigera,Lasioglossum cinctipes
Rosa setigera,Lasioglossum versatum
Rosa setigera,Megachile addenda
Rosa setigera,Megachile latimanus
Rosa setigera,Megachile mendica
Rosa setigera,Myolepta nigra
Rosa setigera,Osmia pumila
Rosa setigera,Syritta pipiens
Rosa setigera,Temnostoma trifasciatum
Rosa setigera,Trichiotinus affinis
Rosa setigera,Trichopsomyia apisaon
Rosa setigera,Xylota angustiventris
Rosa sherardii,Anthrenus verbasci
Rosa sherardii,Bombus hypnorum
Rosa sherardii,Bombus lapidarius
Rosa sherardii,Chalcosyrphus nemorum
Rosa sherardii,Eristalis tenax
Rosa sherardii,Halictus confusus
Rosa sherardii,Halictus rubicundus
Rosa sherardii,Helophilus hybridus
Rosa sherardii,Hylaeus annulatus
Rosa sherardii,Hylaeus hyalinatus
Rosa sherardii,Hylaeus leptocephalus
Rosa sherardii,Hylaeus pictipes
Rosa sherardii,Hylaeus punctatus
Rosa sherardii,Pieris rapae
Rosa sherardii,Thymelicus lineola
Rosa sherardii,Vespula germanica
Rosa virginiana,Anthrenus verbasci
Rosa virginiana,Bombus hypnorum
Rosa virginiana,Bombus lapidarius
Rosa virginiana,Chalcosyrphus nemorum
Rosa virginiana,Eristalis tenax
Rosa virginiana,Halictus confusus
Rosa virginiana,Halictus rubicundus
Rosa virginiana,Helophilus hybridus
Rosa virginiana,Hylaeus annulatus
Rosa virginiana,Hylaeus hyalinatus
Rosa virginiana,Hylaeus leptocephalus
Rosa virginiana,Hylaeus pictipes
Rosa virginiana,Hylaeus punctatus
Rosa virginiana,Pieris rapae
Rosa virginiana,Thymelicus lineola
Rosa virginiana,Vespula germanica
Rosa woodsii,Bombus californicus
Rosa woodsii,Bombus ternarius
Rosa woodsii,Colletes kincaidii
Rosa woodsii,Grammoptera subargentata
Rosa woodsii,Orsodacne atra
Rosa woodsii,Osmia bucephala
Rubus allegheniensis,Hylaeus mesillae
Rubus armeniacus,Papilio zelicaon
Rubus armeniacus,Tharsalea xanthoides
Rubus armeniacus,Valgus hemipterus
Rubus caesius,Anthidium florentinum
Rubus caesius,Apis mellifera
Rubus caesius,Araschnia levana
Rubus caesius,Bombus
Rubus caesius,Bombus hypnorum
Rubus caesius,Bombus lapidarius
Rubus caesius,Carterocephalus palaemon
Rubus caesius,Celastrina argiolus
Rubus caesius,Episyrphus balteatus
Rubus caesius,Halictus rubicundus
Rubus caesius,Hylaeus pictipes
Rubus caesius,Lasioglossum leucozonium
Rubus caesius,Lasioglossum zonulum
Rubus caesius,Lycaena phlaeas
Rubus caesius,Megachile centuncularis
Rubus caesius,Pieris napi
Rubus caesius,Pieris rapae
Rubus caesius,Thymelicus lineola
Rubus caesius,Vanessa cardui
Rubus chamaemorus,Bombus ternarius
Rubus chamaemorus,Bombus terricola
Rubus chamaemorus,Brassicogethes aeneus
Rubus chamaemorus,Eristalis tenax
Rubus chamaemorus,Syrphus vitripennis
Rubus flagellaris,Colias philodice
Rubus flagellaris,Tipula longiventris
Rubus idaeus,Aglais urticae
Rubus idaeus,Andrena barbilabris
Rubus idaeus,Andrena miranda
Rubus idaeus,Apamea remissa
Rubus idaeus,Boloria selene
Rubus idaeus,Bombus bohemicus
Rubus idaeus,Bombus hypnorum
Rubus idaeus,Bombus lapidarius
Rubus idaeus,Delia platura
Rubus idaeus,Episyrphus balteatus
Rubus idaeus,Eristalis obscura
Rubus idaeus,Halictus rubicundus
Rubus idaeus,Hylaeus pictipes
Rubus idaeus,Lasioglossum zonulum
Rubus idaeus,Megachile centuncularis
Rubus idaeus,Meliscaeva cinctella
Rubus idaeus,Musca domestica
Rubus idaeus,Nymphalis antiopa
Rubus idaeus,Pararge aegeria
Rubus idaeus,Polygonia c-album
Rubus idaeus,Syritta pipiens
Rubus idaeus,Syrphus ribesii
Rubus idaeus,Syrphus vitripennis
Rubus idaeus,Xylota segnis
Rubus laciniatus,Aglais io
Rubus laciniatus,Anania funebris
Rubus laciniatus,Boloria selene
Rubus laciniatus,Bombus
Rubus laciniatus,Episyrphus balteatus
Rubus laciniatus,Eristalis tenax
Rubus laciniatus,Hoplitis anthocopoides
Rubus laciniatus,Hylaeus annulatus
Rubus laciniatus,Hylaeus hyalinatus
Rubus laciniatus,Hylaeus leptocephalus
Rubus laciniatus,Hylaeus pictipes
Rubus laciniatus,Hylaeus punctatus
Rubus laciniatus,Limenitis reducta
Rubus laciniatus,Lycaena phlaeas
Rubus laciniatus,Meliscaeva cinctella
Rubus laciniatus,Pararge aegeria
Rubus laciniatus,Pieris napi
Rubus laciniatus,Polygonia c-album
Rubus laciniatus,Vespula germanica
Rubus occidentalis,Andrena cressonii
Rubus occidentalis,Archytas aterrima
Rubus occidentalis,Augochlorella aurata
Rubus occidentalis,Bombus pensylvanicus
Rubus occidentalis,Chlosyne nycteis
Rubus occidentalis,Halictus ligatus
Rubus occidentalis,Hoplitis pilosifrons
Rubus occidentalis,Lestica confluenta
Rubus occidentalis,Megachile brevis
Rubus occidentalis,Nomada superba
Rubus occidentalis,Osmia pumila
Rubus occidentalis,Pholisora catullus
Rubus occidentalis,Polites coras
Rubus parviflorus,Bombus perplexus
Rubus parvifolius,Anthophora terminalis
Rubus parvifolius,Apis mellifera
Rubus parvifolius,Bombus
Rubus parvifolius,Bombus bifarius
Rubus parvifolius,Hoplitis fulgida
Rubus parvifolius,Hylaeus basalis
Rubus parvifolius,Osmia tristella
Rubus phoenicolasius,Bombus hypnorum
Rubus spectabilis,Bombus hypnorum
Rubus spectabilis,Bombus lapidarius
Rubus spectabilis,Halictus rubicundus
Rubus spectabilis,Hylaeus pictipes
Rubus spectabilis,Megachile centuncularis
Rubus trivialis,Lasioglossum tegulare
Rubus vestitus,Aglais io
Rubus vestitus,Anania funebris
Rubus vestitus,Apis mellifera
Rubus vestitus,Boloria selene
Rubus vestitus,Episyrphus balteatus
Rubus vestitus,Eristalis tenax
Rubus vestitus,Halictus rubicundus
Rubus vestitus,Hoplitis anthocopoides
Rubus vestitus,Hylaeus annulatus
Rubus vestitus,Hylaeus hyalinatus
Rubus vestitus,Hylaeus leptocephalus
Rubus vestitus,Hylaeus pictipes
Rubus vestitus,Hylaeus punctatus
Rubus vestitus,Limenitis reducta
Rubus vestitus,Lycaena phlaeas
Rubus vestitus,Meliscaeva cinctella
Rubus vestitus,Pararge aegeria
Rubus vestitus,Pieris napi
Rubus vestitus,Polygonia c-album
Rubus vestitus,Vespula germanica
Rudbeckia fulgida,Bombus
Rudbeckia fulgida,Bombus hypnorum
Rudbeckia fulgida,Bombus lapidarius
Rudbeckia hirta,Aglais io
Rudbeckia hirta,Ammophila nigricans
Rudbeckia hirta,Anagrapha falcifera
Rudbeckia hirta,Asemosyrphus polygrammus
Rudbeckia hirta,Atlides halesus
Rudbeckia hirta,Atteva punctella
Rudbeckia hirta,Autographa californica
Rudbeckia hirta,Bithoracochaeta leucoprocta
Rudbeckia hirta,Bombus centralis
Rudbeckia hirta,Bombus vancouverensis
Rudbeckia hirta,Callophrys dumetorum
Rudbeckia hirta,Ceratina dupla
Rudbeckia hirta,Cercyonis oetus
Rudbeckia hirta,Chlosyne gorgone
Rudbeckia hirta,Chlosyne palla
Rudbeckia hirta,Colias alexandra
Rudbeckia hirta,Colletes eulophi
Rudbeckia hirta,Copestylum vittatum
Rudbeckia hirta,Cylindromyia signatipennis
Rudbeckia hirta,Danaus gilippus
Rudbeckia hirta,Epeolus interruptus
Rudbeckia hirta,Epidemia dorcas
Rudbeckia hirta,Eristalinus aeneus
Rudbeckia hirta,Exoprosopa fascipennis
Rudbeckia hirta,Exoprosopa meigenii
Rudbeckia hirta,Gillmeria pallidactyla
Rudbeckia hirta,Glenostictia pictifrons
Rudbeckia hirta,Gnophaela vermiculata
Rudbeckia hirta,Harkenclenus titus
Rudbeckia hirta,Helophilus latifrons
Rudbeckia hirta,Heriades leavitti
Rudbeckia hirta,Heriades truncorum
Rudbeckia hirta,Hylaeus annulatus
Rudbeckia hirta,Hylaeus hyalinatus
Rudbeckia hirta,Hylaeus leptocephalus
Rudbeckia hirta,Hylaeus pictipes
Rudbeckia hirta,Hylaeus punctatus
Rudbeckia hirta,Lasioglossum hitchensi
Rudbeckia hirta,Lasioglossum pruinosum
Rudbeckia hirta,Lasius emarginatus
Rudbeckia hirta,Limenitis weidemeyerii
Rudbeckia hirta,Lycaena nivalis
Rudbeckia hirta,Lycaena rubidus
Rudbeckia hirta,Lycaena xanthoides
Rudbeckia hirta,Megachile brevis
Rudbeckia hirta,Megachile montivaga
Rudbeckia hirta,Melissodes boltoniae
Rudbeckia hirta,Neophasia menapia
Rudbeckia hirta,Nephelodes minians
Rudbeckia hirta,Nomada articulata
Rudbeckia hirta,Oarisma garita
Rudbeckia hirta,Occidryas anicia
Rudbeckia hirta,Ochlodes sylvanoides
Rudbeckia hirta,Odontocorynus salebrosus
Rudbeckia hirta,Papilio zelicaon
Rudbeckia hirta,Phyciodes pallida
Rudbeckia hirta,Plutella xylostella
Rudbeckia hirta,Polites coras
Rudbeckia hirta,Polites mystic
Rudbeckia hirta,Polygonia faunus
Rudbeckia hirta,Prionyx thomae
Rudbeckia hirta,Pseudopanurgus rudbeckiae
Rudbeckia hirta,Pterocheilus quinquefasciatus
Rudbeckia hirta,Pyrgus communis
Rudbeckia hirta,Rhynchanthrax parvicornis
Rudbeckia hirta,Speyeria aphrodite
Rudbeckia hirta,Speyeria atlantis
Rudbeckia hirta,Speyeria callippe
Rudbeckia hirta,Speyeria cybele
Rudbeckia hirta,Speyeria mormonia
Rudbeckia hirta,Speyeria nokomis
Rudbeckia hirta,Strymon sylvinus
Rudbeckia hirta,Syrphus ribesii
Rudbeckia hirta,Tropidia mamillata
Rudbeckia hirta,Typocerus sinuatus
Rudbeckia hirta,Vespula atropilosa
Rudbeckia hirta,Zodion fulvifrons
Rudbeckia laciniata,Andrena aliciae
Rudbeckia laciniata,Archytas aterrima
Rudbeckia laciniata,Ceratina dupla
Rudbeckia laciniata,Cercyonis oetus
Rudbeckia laciniata,Cercyonis pegala
Rudbeckia laciniata,Colias alexandra
Rudbeckia laciniata,Colletes compactus
Rudbeckia laciniata,Epeolus autumnalis
Rudbeckia laciniata,Euphyes vestris
Rudbeckia laciniata,Exoprosopa decora
Rudbeckia laciniata,Exoprosopa fasciata
Rudbeckia laciniata,Heriades leavitti
Rudbeckia laciniata,Hesperia comma
Rudbeckia laciniata,Lycaena heteronea
Rudbeckia laciniata,Megachile petulans
Rudbeckia laciniata,Melissodes dentiventris
Rudbeckia laciniata,Melissodes druriellus
Rudbeckia laciniata,Neophasia menapia
Rudbeckia laciniata,Ochlodes sylvanoides
Rudbeckia laciniata,Parnassius smintheus
Rudbeckia laciniata,Phyciodes batesii
Rudbeckia laciniata,Phyciodes pallida
Rudbeckia laciniata,Piruna pirus
Rudbeckia laciniata,Poecilanthrax alcyon
Rudbeckia laciniata,Polygonia faunus
Rudbeckia laciniata,Pseudopanurgus albitarsis
Rudbeckia laciniata,Pseudopanurgus rudbeckiae
Rudbeckia laciniata,Pyrgus communis
Rudbeckia laciniata,Satyrium behrii
Rudbeckia laciniata,Speyeria aphrodite
Rudbeckia laciniata,Speyeria atlantis
Rudbeckia laciniata,Speyeria callippe
Rudbeckia laciniata,Speyeria edwardsii
Rudbeckia laciniata,Speyeria nokomis
Rudbeckia laciniata,Speyeria zerene
Rudbeckia laciniata,Strymon saepium
Rudbeckia laciniata,Strymon sylvinus
Rudbeckia laciniata,Svastra obliqua
Rudbeckia laciniata,Syrphus ribesii
Rudbeckia laciniata,Systoechus vulgaris
Rudbeckia laciniata,Tharsalea arota
Rudbeckia laciniata,Triepeolus donatus
Rudbeckia laciniata,Triepeolus pectoralis
Rudbeckia laciniata,Villa alternata
Rudbeckia laciniata,Zodion fulvifrons
Rudbeckia missouriensis,Augochlorella aurata
Rudbeckia missouriensis,Bombus griseocollis
Rudbeckia subtomentosa,Ammophila nigricans
Rudbeckia subtomentosa,Ammophila pictipennis
Rudbeckia subtomentosa,Batyle suturalis
Rudbeckia subtomentosa,Bembix nubilipennis
Rudbeckia subtomentosa,Bicyrtes ventralis
Rudbeckia subtomentosa,Ceratina dupla
Rudbeckia subtomentosa,Chlosyne nycteis
Rudbeckia subtomentosa,Elkalyce comyntas
Rudbeckia subtomentosa,Epeolus bifasciatus
Rudbeckia subtomentosa,Eusiphona mira
Rudbeckia subtomentosa,Exoprosopa decora
Rudbeckia subtomentosa,Exoprosopa fascipennis
Rudbeckia subtomentosa,Glenostictia pictifrons
Rudbeckia subtomentosa,Halictus parallelus
Rudbeckia subtomentosa,Lasioglossum albipenne
Rudbeckia subtomentosa,Lasioglossum imitatum
Rudbeckia subtomentosa,Lasioglossum pectorale
Rudbeckia subtomentosa,Lasioglossum versatum
Rudbeckia subtomentosa,Lepidophora lepidocera
Rudbeckia subtomentosa,Megachile brevis
Rudbeckia subtomentosa,Megachile inimica
Rudbeckia subtomentosa,Megachile petulans
Rudbeckia subtomentosa,Melissodes druriellus
Rudbeckia subtomentosa,Melissodes trinodis
Rudbeckia subtomentosa,Orthonevra nitida
Rudbeckia subtomentosa,Pontia protodice
Rudbeckia subtomentosa,Prionyx atratus
Rudbeckia subtomentosa,Prionyx thomae
Rudbeckia subtomentosa,Pseudopanurgus albitarsis
Rudbeckia subtomentosa,Pseudopanurgus rudbeckiae
Rudbeckia subtomentosa,Scolia bicincta
Rudbeckia subtomentosa,Svastra obliqua
Rudbeckia subtomentosa,Syritta pipiens
Rudbeckia subtomentosa,Systoechus vulgaris
Rudbeckia subtomentosa,Thecophora occidensis
Rudbeckia subtomentosa,Toxomerus marginatus
Rudbeckia subtomentosa,Toxomerus politus
Rudbeckia subtomentosa,Toxophora amphitea
Rudbeckia subtomentosa,Triepeolus lunatus
Rudbeckia subtomentosa,Zodion obliquefasciatum
Ruellia blechum,Phoebis sennae
Rumex crispus,Episyrphus balteatus
Rumex crispus,Lycaena phlaeas
Rumex crispus,Syrphus ribesii
Rumex obtusifolius,Chloromyia formosa
Rumex obtusifolius,Coccinella septempunctata
Rumex obtusifolius,Episyrphus balteatus
Rumex obtusifolius,Eristalis arbustorum
Rumex obtusifolius,Eristalis tenax
Rumex obtusifolius,Gastrophysa viridula
Rumex obtusifolius,Geomyza tripunctata
Rumex obtusifolius,Lycaena phlaeas
Rumex obtusifolius,Myathropa florea
Rumex obtusifolius,Pieris rapae
Rumex obtusifolius,Pollenia rudis
Rumex obtusifolius,Rhagonycha fulva
Rumex obtusifolius,Scathophaga stercoraria
Rumex obtusifolius,Syritta pipiens
Rumex obtusifolius,Syrphus ribesii
Rumex obtusifolius,Xylota segnis
Rumex spinosus,Novius cardinalis
Sabal minor,Odontocorynus salebrosus
Sabatia angularis,Ceratina dupla
Sabatia angularis,Lapposyrphus lapponicus
Sabatia angularis,Megachile brevis
Sabatia brevifolia,Lasioglossum nymphale
Sabatia grandiflora,Augochlorella aurata
Sabatia grandiflora,Halictus ligatus
Sabatia grandiflora,Lasioglossum nymphale
Sabatia grandiflora,Lasioglossum tegulare
Sagittaria latifolia,Augochlorella aurata
Sagittaria latifolia,Bombus pensylvanicus
Sagittaria latifolia,Ceratina dupla
Sagittaria latifolia,Cerceris compacta
Sagittaria latifolia,Chlosyne nycteis
Sagittaria latifolia,Halictus ligatus
Sagittaria latifolia,Lasioglossum imitatum
Sagittaria latifolia,Lasioglossum nelumbonis
Sagittaria latifolia,Lasioglossum pectorale
Sagittaria latifolia,Lasioglossum versatum
Sagittaria latifolia,Limnophora narona
Sagittaria latifolia,Lucilia sericata
Sagittaria latifolia,Megachile brevis
Sagittaria latifolia,Orthonevra nitida
Sagittaria latifolia,Phyciodes tharos
Sagittaria latifolia,Prionyx atratus
Sagittaria latifolia,Rhingia nasica
Sagittaria latifolia,Saygorytes phaleratus
Sagittaria latifolia,Syritta pipiens
Salix bebbiana,Andrena milwaukeensis
Salix bebbiana,Bombus huntii
Salix bebbiana,Bombus mixtus
Salix bebbiana,Bombus ternarius
Salix bebbiana,Coccinella septempunctata
Salix discolor,Bombus lapidarius
Salix exigua,Icaricia icarioides
Salix humilis,Agapostemon sericeus
Salix humilis,Andrena carlini
Salix humilis,Andrena cressonii
Salix humilis,Andrena erythrogaster
Salix humilis,Andrena erythronii
Salix humilis,Andrena forbesii
Salix humilis,Andrena hippotes
Salix humilis,Andrena imitatrix
Salix humilis,Andrena mandibularis
Salix humilis,Andrena mariae
Salix humilis,Augochlorella aurata
Salix humilis,Brachypalpus oarus
Salix humilis,Ceratina dupla
Salix humilis,Colpognathus helvus
Salix humilis,Cynomya cadaverina
Salix humilis,Eristalinus aeneus
Salix humilis,Eristalis stipator
Salix humilis,Eristalis transversa
Salix humilis,Eupeodes americanus
Salix humilis,Halictus rubicundus
Salix humilis,Hippodamia parenthesis
Salix humilis,Ichneumon ambulatorius
Salix humilis,Lasioglossum cinctipes
Salix humilis,Lasioglossum foxii
Salix humilis,Lasioglossum imitatum
Salix humilis,Lasioglossum pruinosum
Salix humilis,Lasioglossum versatum
Salix humilis,Myopa vesiculosa
Salix humilis,Nymphalis antiopa
Salix humilis,Orthonevra nitida
Salix humilis,Phormia regina
Salix humilis,Scathophaga furcata
Salix humilis,Sphecodes dichrous
Salix petiolaris,Vespula consobrina
Salix scouleriana,Incisalia eryphon
Salpichroa origanifolia,Celastrina argiolus
Salpichroa origanifolia,Colias croceus
Salpichroa origanifolia,Eristalis tenax
Salpichroa origanifolia,Erynnis funeralis
Salpichroa origanifolia,Lerodea eufala
Salpichroa origanifolia,Pararge aegeria
Salpichroa origanifolia,Pieris rapae
Salpichroa origanifolia,Vanessa virginiensis
Salvia apiana,Androlyperus maculatus
Salvia apiana,Pyrausta volupialis
Salvia coccinea,Bombus flavifrons
Salvia farinacea,Euptoieta claudia
Salvia farinacea,Polites coras
Salvia greggii,Macroglossum stellatarum
Salvia hispanica,Pieris rapae
Salvia munzii,Bombus crotchii
Sambucus canadensis,Andrena imitatrix
Sambucus canadensis,Ceratina dupla
Sambucus canadensis,Chalcosyrphus nemorum
Sambucus canadensis,Eristalis dimidiata
Sambucus canadensis,Eristalis tenax
Sambucus canadensis,Euderces picipes
Sambucus canadensis,Eupeodes americanus
Sambucus canadensis,Euphoria fulgida
Sambucus canadensis,Halictus rubicundus
Sambucus canadensis,Hemipenthes sinuosus
Sambucus canadensis,Lasioglossum cinctipes
Sambucus canadensis,Lasioglossum imitatum
Sambucus canadensis,Lasioglossum versatum
Sambucus canadensis,Marpesia petreus
Sambucus canadensis,Musca domestica
Sambucus canadensis,Ocyptamus fuscipennis
Sambucus canadensis,Orthonevra nitida
Sambucus canadensis,Pentaria trifasciata
Sambucus canadensis,Syrphus ribesii
Sambucus racemosa,Aglais io
Sambucus racemosa,Celastrina argiolus
Sambucus racemosa,Ceratina dupla
Sambucus racemosa,Eristalis tenax
Sambucus racemosa,Halictus rubicundus
Sambucus racemosa,Lasioglossum versatum
Sambucus racemosa,Polygonia c-album
Sambucus racemosa,Syrphus ribesii
Sanguinaria canadensis,Lasioglossum foxii
Sanguinaria canadensis,Lasioglossum imitatum
Sanicula canadensis,Hylaeus modestus
Sanicula canadensis,Lasioglossum versatum
Sanicula marilandica,Andrena cressonii
Sanicula marilandica,Andrena personata
Sanicula marilandica,Andrena rugosa
Sanicula marilandica,Andrena ziziae
Sanicula marilandica,Augochlorella aurata
Sanicula marilandica,Brachystoma robertsonii
Sanicula marilandica,Clusia lateralis
Sanicula marilandica,Hylaeus affinis
Sanicula marilandica,Hylaeus modestus
Sanicula marilandica,Hylaeus saniculae
Sanicula marilandica,Lasioglossum foxii
Sanicula marilandica,Lasioglossum imitatum
Sanicula marilandica,Lasioglossum tegulare
Sanicula marilandica,Myospila meditabunda
Sanicula marilandica,Toxomerus marginatus
Saponaria officinalis,Aglais urticae
Saponaria officinalis,Autographa gamma
Saponaria officinalis,Bombus hypnorum
Saponaria officinalis,Bombus perplexus
Saponaria officinalis,Celastrina argiolus
Saponaria officinalis,Cydalima perspectalis
Saponaria officinalis,Episyrphus balteatus
Saponaria officinalis,Eristalis arbustorum
Saponaria officinalis,Eristalis tenax
Saponaria officinalis,Hyles euphorbiae
Saponaria officinalis,Lycaena phlaeas
Saponaria officinalis,Macroglossum stellatarum
Saponaria officinalis,Papilio multicaudata
Saponaria officinalis,Paragus haemorrhous
Saponaria officinalis,Pontia protodice
Sassafras albidum,Andrena andrenoides
Sassafras albidum,Andrena carlini
Sassafras albidum,Andrena forbesii
Sassafras albidum,Andrena hippotes
Sassafras albidum,Andrena imitatrix
Sassafras albidum,Bibio femoratus
Sassafras albidum,Bithoracochaeta leucoprocta
Sassafras albidum,Blera umbratilis
Sassafras albidum,Brachypalpus oarus
Sassafras albidum,Cynomya cadaverina
Sassafras albidum,Eristalis dimidiata
Sassafras albidum,Eristalis transversa
Sassafras albidum,Eupeodes americanus
Sassafras albidum,Halictus rubicundus
Sassafras albidum,Lasioglossum cinctipes
Sassafras albidum,Lasioglossum cressonii
Sassafras albidum,Lasioglossum illinoense
Sassafras albidum,Lasioglossum imitatum
Sassafras albidum,Lasioglossum versatum
Sassafras albidum,Leptometopa latipes
Sassafras albidum,Morellia micans
Sassafras albidum,Myolepta strigilata
Sassafras albidum,Orthonevra nitida
Sassafras albidum,Osmia pumila
Sassafras albidum,Phormia regina
Sassafras albidum,Pimpla annulipes
Sassafras albidum,Platycheirus hyperboreus
Sassafras albidum,Platycheirus quadratus
Sassafras albidum,Polistes fuscatus
Sassafras albidum,Sargus viridis
Sassafras albidum,Scathophaga furcata
Sassafras albidum,Sphecodes dichrous
Sassafras albidum,Syrphus ribesii
Sassafras albidum,Syrphus torvus
Sassafras albidum,Thaumatomyia glabra
Sassafras albidum,Toxomerus marginatus
Sassafras albidum,Vanessa virginiensis
Saxifraga cernua,Boloria titania
Saxifraga cernua,Clossiana chariclea
Saxifraga oppositifolia,Agriades glandon
Saxifraga oppositifolia,Apis mellifera
Saxifraga oppositifolia,Clossiana chariclea
Saxifraga oppositifolia,Eupeodes latifasciatus
Saxifraga oppositifolia,Parasyrphus tarsatus
Saxifraga oppositifolia,Pollenia rudis
Saxifraga oppositifolia,Protophormia terraenovae
Saxifraga oppositifolia,Scathophaga furcata
Scandix pecten-veneris,Hylaeus annulatus
Scandix pecten-veneris,Hylaeus hyalinatus
Scandix pecten-veneris,Hylaeus leptocephalus
Scandix pecten-veneris,Hylaeus pictipes
Scandix pecten-veneris,Hylaeus punctatus
Scilla forbesii,Bombylius major
Scilla forbesii,Delia platura
Scilla forbesii,Episyrphus balteatus
Scilla forbesii,Syritta pipiens
Scilla siberica,Bombylius major
Scilla siberica,Delia platura
Scilla siberica,Episyrphus balteatus
Scilla siberica,Pieris rapae
Scilla siberica,Syritta pipiens
Scoparia dulcis,Megachile albitarsis
Scorzoneroides autumnalis,Anthophila fabriciana
Scorzoneroides autumnalis,Araschnia levana
Scorzoneroides autumnalis,Bellardia vulgaris
Scorzoneroides autumnalis,Bombus lapidarius
Scorzoneroides autumnalis,Botanophila fugax
Scorzoneroides autumnalis,Brassicogethes aeneus
Scorzoneroides autumnalis,Chelostoma campanularum
Scorzoneroides autumnalis,Colias croceus
Scorzoneroides autumnalis,Colias hyale
Scorzoneroides autumnalis,Delia platura
Scorzoneroides autumnalis,Episyrphus balteatus
Scorzoneroides autumnalis,Eristalinus aeneus
Scorzoneroides autumnalis,Eristalis nemorum
Scorzoneroides autumnalis,Halictus rubicundus
Scorzoneroides autumnalis,Heriades truncorum
Scorzoneroides autumnalis,Hylaeus annulatus
Scorzoneroides autumnalis,Hylaeus hyalinatus
Scorzoneroides autumnalis,Hylaeus leptocephalus
Scorzoneroides autumnalis,Hylaeus pictipes
Scorzoneroides autumnalis,Hylaeus punctatus
Scorzoneroides autumnalis,Lapposyrphus lapponicus
Scorzoneroides autumnalis,Lithurgus chrysurus
Scorzoneroides autumnalis,Lycaena phlaeas
Scorzoneroides autumnalis,Meliscaeva cinctella
Scorzoneroides autumnalis,Myathropa florea
Scorzoneroides autumnalis,Myrmica rubra
Scorzoneroides autumnalis,Neomyia cornicina
Scorzoneroides autumnalis,Oscinella frit
Scorzoneroides autumnalis,Paragus haemorrhous
Scorzoneroides autumnalis,Pieris napi
Scorzoneroides autumnalis,Pollenia rudis
Scorzoneroides autumnalis,Scathophaga stercoraria
Scorzoneroides autumnalis,Syrphus ribesii
Scorzoneroides autumnalis,Syrphus torvus
Scorzoneroides autumnalis,Syrphus vitripennis
Scorzoneroides autumnalis,Xylota segnis
Scrophularia lanceolata,Icaricia icarioides
Scrophularia marilandica,Ancistrocerus campestris
Scrophularia marilandica,Apis mellifera
Scrophularia marilandica,Bombus vagans
Scrophularia marilandica,Ceratina dupla
Scrophularia marilandica,Elkalyce comyntas
Scrophularia marilandica,Halictus rubicundus
Scrophularia marilandica,Lasioglossum versatum
Scrophularia marilandica,Megachile centuncularis
Scrophularia marilandica,Megachile montivaga
Scrophularia marilandica,Melissodes bimaculatus
Scrophularia marilandica,Philanthus gibbosus
Scrophularia marilandica,Polistes annularis
Scrophularia marilandica,Polistes carolina
Scrophularia marilandica,Toxomerus marginatus
Scrophularia marilandica,Toxomerus politus
Scrophularia marilandica,Vespula germanica
Scrophularia marilandica,Vespula squamosa
Scrophularia marilandica,Zethus spinipes
Scutellaria galericulata,Chalcosyrphus nemorum
Scutellaria lateriflora,Melissodes bimaculatus
Scutellaria parvula,Ancyloxypha numitor
Scutellaria parvula,Bombus pensylvanicus
Scutellaria parvula,Ceratina dupla
Scutellaria parvula,Halictus ligatus
Scutellaria parvula,Hoplitis pilosifrons
Scutellaria parvula,Lasioglossum pectorale
Scutellaria parvula,Lasioglossum pruinosum
Scutellaria parvula,Lasioglossum tegulare
Scutellaria parvula,Megachile brevis
Scutellaria parvula,Osmia conjuncta
Scutellaria parvula,Osmia pumila
Scutellaria parvula,Pholisora catullus
Scutellaria parvula,Polistes fuscatus
Scutellaria parvula,Syritta pipiens
Securigera varia,Bombus lapidarius
Securigera varia,Pyrgus communis
Securigera varia,Vanessa atalanta
Sedum acre,Agrotis ipsilon
Sedum acre,Anthidium manicatum
Sedum acre,Apis mellifera
Sedum acre,Bombus
Sedum acre,Bombus hypnorum
Sedum acre,Bombus lapidarius
Sedum acre,Brassicogethes aeneus
Sedum acre,Episyrphus balteatus
Sedum acre,Eristalinus aeneus
Sedum acre,Eristalis tenax
Sedum acre,Halictus confusus
Sedum acre,Halictus rubicundus
Sedum acre,Harmonia axyridis
Sedum acre,Hylaeus annulatus
Sedum acre,Hylaeus hyalinatus
Sedum acre,Hylaeus leptocephalus
Sedum acre,Hylaeus pictipes
Sedum acre,Hylaeus punctatus
Sedum acre,Megachile rotundata
Sedum acre,Paragus haemorrhous
Sedum acre,Polistes dominula
Sedum acre,Pyrophaena granditarsa
Sedum acre,Syritta pipiens
Sedum acre,Vanessa cardui
Sedum lanceolatum,Abaeis nicippe
Sedum lanceolatum,Boloria titania
Sedum lanceolatum,Bombus appositus
Sedum lanceolatum,Ceratina nanula
Sedum lanceolatum,Chlosyne gorgone
Sedum lanceolatum,Chlosyne palla
Sedum lanceolatum,Coenonympha tullia
Sedum lanceolatum,Colias alexandra
Sedum lanceolatum,Colias eurytheme
Sedum lanceolatum,Colias meadii
Sedum lanceolatum,Colias philodice
Sedum lanceolatum,Colletes kincaidii
Sedum lanceolatum,Echinargus isola
Sedum lanceolatum,Epidemia dorcas
Sedum lanceolatum,Erebia epipsodea
Sedum lanceolatum,Erebia tyndarus
Sedum lanceolatum,Erynnis martialis
Sedum lanceolatum,Erynnis pacuvius
Sedum lanceolatum,Euchloe olympia
Sedum lanceolatum,Eupeodes volucris
Sedum lanceolatum,Euptoieta claudia
Sedum lanceolatum,Glaucopsyche piasus
Sedum lanceolatum,Halictus rubicundus
Sedum lanceolatum,Hesperia comma
Sedum lanceolatum,Hesperia nevada
Sedum lanceolatum,Hesperia pahaska
Sedum lanceolatum,Icaricia icarioides
Sedum lanceolatum,Incisalia eryphon
Sedum lanceolatum,Lycaena nivalis
Sedum lanceolatum,Lycaena rubidus
Sedum lanceolatum,Megachile frigida
Sedum lanceolatum,Megachile relativa
Sedum lanceolatum,Mitoura spinetorum
Sedum lanceolatum,Nathalis iole
Sedum lanceolatum,Neominois ridingsii
Sedum lanceolatum,Oarisma garita
Sedum lanceolatum,Occidryas anicia
Sedum lanceolatum,Oeneis chryxus
Sedum lanceolatum,Osmia inermis
Sedum lanceolatum,Osmia juxta
Sedum lanceolatum,Papilio polyxenes
Sedum lanceolatum,Parnassius phoebus
Sedum lanceolatum,Phyciodes pallida
Sedum lanceolatum,Phyciodes tharos
Sedum lanceolatum,Pieris rapae
Sedum lanceolatum,Plebejus shasta
Sedum lanceolatum,Poladryas minuta
Sedum lanceolatum,Polites sabuleti
Sedum lanceolatum,Polites themistocles
Sedum lanceolatum,Polygonia gracilis
Sedum lanceolatum,Pontia protodice
Sedum lanceolatum,Pyrgus communis
Sedum lanceolatum,Speyeria aphrodite
Sedum lanceolatum,Speyeria atlantis
Sedum lanceolatum,Speyeria callippe
Sedum lanceolatum,Speyeria coronis
Sedum lanceolatum,Speyeria edwardsii
Sedum lanceolatum,Thorybes mexicana
Sedum sarmentosum,Aglais urticae
Sedum sarmentosum,Agrotis ipsilon
Sedum sarmentosum,Anthidium manicatum
Sedum sarmentosum,Bombus hypnorum
Sedum sarmentosum,Bombus lapidarius
Sedum sarmentosum,Episyrphus balteatus
Sedum sarmentosum,Eristalinus aeneus
Sedum sarmentosum,Harmonia axyridis
Sedum sarmentosum,Hylaeus annulatus
Sedum sarmentosum,Hylaeus hyalinatus
Sedum sarmentosum,Hylaeus leptocephalus
Sedum sarmentosum,Hylaeus pictipes
Sedum sarmentosum,Hylaeus punctatus
Sedum sarmentosum,Megachile rotundata
Sedum sarmentosum,Paragus haemorrhous
Sedum sarmentosum,Polistes dominula
Sedum sarmentosum,Syritta pipiens
Sedum sarmentosum,Vanessa cardui
Sedum sexangulare,Aglais urticae
Sedum sexangulare,Agrotis ipsilon
Sedum sexangulare,Anthidium manicatum
Sedum sexangulare,Anthidium oblongatum
Sedum sexangulare,Apis mellifera
Sedum sexangulare,Bombus hypnorum
Sedum sexangulare,Bombus lapidarius
Sedum sexangulare,Episyrphus balteatus
Sedum sexangulare,Eristalinus aeneus
Sedum sexangulare,Halictus rubicundus
Sedum sexangulare,Harmonia axyridis
Sedum sexangulare,Hylaeus annulatus
Sedum sexangulare,Hylaeus hyalinatus
Sedum sexangulare,Hylaeus leptocephalus
Sedum sexangulare,Hylaeus pictipes
Sedum sexangulare,Hylaeus punctatus
Sedum sexangulare,Megachile rotundata
Sedum sexangulare,Paragus haemorrhous
Sedum sexangulare,Polistes dominula
Sedum sexangulare,Syritta pipiens
Sedum sexangulare,Vanessa cardui
Sedum stenopetalum,Cercyonis oetus
Senecio elegans,Lasioglossum pavonotum
Senecio eremophilus,Speyeria zerene
Senecio fremontii,Boloria eunomia
Senecio fremontii,Boloria titania
Senecio fremontii,Chlosyne palla
Senecio fremontii,Erebia epipsodea
Senecio fremontii,Lycaena cupreus
Senecio fremontii,Parnassius smintheus
Senecio fremontii,Pyrgus centaureae
Senecio fremontii,Speyeria mormonia
Senecio hydrophilus,Icaricia icarioides
Senecio integerrimus,Andrena transnigra
Senecio integerrimus,Anthophora terminalis
Senecio integerrimus,Bombus californicus
Senecio integerrimus,Bombus flavifrons
Senecio integerrimus,Colletes kincaidii
Senecio integerrimus,Eupeodes volucris
Senecio integerrimus,Glaucopsyche lygdamus
Senecio integerrimus,Halictus virgatellus
Senecio integerrimus,Lycaena cupreus
Senecio integerrimus,Megachile pugnata
Senecio integerrimus,Megachile relativa
Senecio integerrimus,Ochlodes sylvanoides
Senecio integerrimus,Osmia bucephala
Senecio integerrimus,Osmia coloradensis
Senecio integerrimus,Osmia montana
Senecio integerrimus,Osmia subaustralis
Senecio integerrimus,Selasphorus platycercus
Senecio integerrimus,Sericomyia flagrans
Senecio spartioides,Chlosyne gorgone
Senecio spartioides,Colias eurytheme
Senecio spartioides,Colias philodice
Senecio spartioides,Danaus plexippus
Senecio spartioides,Euptoieta claudia
Senecio spartioides,Harkenclenus titus
Senecio spartioides,Hesperia comma
Senecio spartioides,Hesperia leonardus
Senecio spartioides,Limenitis weidemeyerii
Senecio spartioides,Phyciodes tharos
Senecio spartioides,Pieris rapae
Senecio spartioides,Poladryas minuta
Senecio spartioides,Pontia protodice
Senecio spartioides,Pyrgus communis
Senecio spartioides,Vanessa atalanta
Senecio sylvaticus,Boloria titania
Senecio sylvaticus,Episyrphus balteatus
Senecio sylvaticus,Eristalis arbustorum
Senecio sylvaticus,Eristalis tenax
Senecio sylvaticus,Helophilus hybridus
Senecio sylvaticus,Heriades truncorum
Senecio sylvaticus,Hylaeus annulatus
Senecio sylvaticus,Hylaeus hyalinatus
Senecio sylvaticus,Hylaeus leptocephalus
Senecio sylvaticus,Hylaeus pictipes
Senecio sylvaticus,Hylaeus punctatus
Senecio sylvaticus,Lithurgus chrysurus
Senecio sylvaticus,Oulema melanopus
Senecio sylvaticus,Thymelicus lineola
Senecio vulgaris,Aglais io
Senecio vulgaris,Aglais urticae
Senecio vulgaris,Apis mellifera
Senecio vulgaris,Boloria titania
Senecio vulgaris,Bombus bohemicus
Senecio vulgaris,Bombus hypnorum
Senecio vulgaris,Bombus lapidarius
Senecio vulgaris,Brassicogethes aeneus
Senecio vulgaris,Episyrphus balteatus
Senecio vulgaris,Eristalinus aeneus
Senecio vulgaris,Eristalis arbustorum
Senecio vulgaris,Eristalis nemorum
Senecio vulgaris,Gnophaela vermiculata
Senecio vulgaris,Halictus rubicundus
Senecio vulgaris,Helophilus hybridus
Senecio vulgaris,Heriades truncorum
Senecio vulgaris,Hylaeus annulatus
Senecio vulgaris,Hylaeus hyalinatus
Senecio vulgaris,Hylaeus leptocephalus
Senecio vulgaris,Hylaeus pictipes
Senecio vulgaris,Hylaeus punctatus
Senecio vulgaris,Lasioglossum leucozonium
Senecio vulgaris,Lasioglossum zonulum
Senecio vulgaris,Lithurgus chrysurus
Senecio vulgaris,Lycaena phlaeas
Senecio vulgaris,Meliscaeva cinctella
Senecio vulgaris,Myathropa florea
Senecio vulgaris,Neomyia cornicina
Senecio vulgaris,Oulema melanopus
Senecio vulgaris,Pieris rapae
Senecio vulgaris,Syritta pipiens
Senecio vulgaris,Syrphus ribesii
Senecio vulgaris,Syrphus vitripennis
Senecio vulgaris,Thymelicus lineola
Senna marilandica,Augochlorella aurata
Senna marilandica,Camponotus herculeanus
Senna marilandica,Lasioglossum imitatum
Serenoa repens,Augochlora pura
Serenoa repens,Augochlorella aurata
Serenoa repens,Augochloropsis metallica
Serenoa repens,Augochloropsis sumptuosa
Serenoa repens,Bombus pensylvanicus
Serenoa repens,Coelioxys sayi
Serenoa repens,Colletes banksi
Serenoa repens,Colletes brimleyi
Serenoa repens,Colletes mandibularis
Serenoa repens,Colletes nudus
Serenoa repens,Dianthidium floridiense
Serenoa repens,Epeolus glabratus
Serenoa repens,Epeolus zonatus
Serenoa repens,Halictus ligatus
Serenoa repens,Lasioglossum pectorale
Serenoa repens,Lasioglossum tegulare
Serenoa repens,Megachile xylocopoides
Serenoa repens,Sphecodes heraclei
Sesuvium verrucosum,Apis mellifera
Sesuvium verrucosum,Bombus vosnesenskii
Sesuvium verrucosum,Brephidium exilis
Sesuvium verrucosum,Eupeodes volucris
Sesuvium verrucosum,Hylephila phyleus
Seymeria pectinata,Anthidiellum notatum
Seymeria pectinata,Anthidiellum perplexum
Seymeria pectinata,Augochlorella aurata
Seymeria pectinata,Augochloropsis sumptuosa
Seymeria pectinata,Bombus impatiens
Seymeria pectinata,Coelioxys sayi
Seymeria pectinata,Megachile mendica
Seymeria pectinata,Megachile petulans
Seymeria pectinata,Megachile pseudobrevis
Shepherdia argentea,Andrena milwaukeensis
Shepherdia argentea,Apis mellifera
Shepherdia canadensis,Adalia bipunctata
Shepherdia canadensis,Aglais milberti
Shepherdia canadensis,Apis mellifera
Shepherdia canadensis,Coccinella septempunctata
Shepherdia canadensis,Halictus rubicundus
Shepherdia canadensis,Vespula pensylvanica
Shortia galacifolia,Apis mellifera
Sibbaldia procumbens,Hylaeus annulatus
Sibbaldia procumbens,Hylaeus hyalinatus
Sibbaldia procumbens,Hylaeus leptocephalus
Sibbaldia procumbens,Hylaeus pictipes
Sibbaldia procumbens,Hylaeus punctatus
Sicyos angulatus,Chalybion californicum
Sicyos angulatus,Melissodes bimaculatus
Sicyos angulatus,Melissodes druriellus
Sicyos angulatus,Musca domestica
Sicyos angulatus,Polistes annularis
Sicyos angulatus,Polistes carolina
Sicyos angulatus,Polistes fuscatus
Sicyos angulatus,Sphecius speciosus
Sicyos angulatus,Sphex ichneumoneus
Sicyos angulatus,Toxomerus marginatus
Sicyos angulatus,Vespula germanica
Sida rhombifolia,Nathalis iole
Sida rhombifolia,Phoebis sennae
Sida rhombifolia,Pyrisitia nise
Sida spinosa,Augochlorella aurata
Sida spinosa,Bombus pensylvanicus
Sida spinosa,Ceratina dupla
Sida spinosa,Eurema lisa
Sida spinosa,Eurema mexicana
Sida spinosa,Pieris rapae
Sida spinosa,Pontia protodice
Silene acaulis,Aedes impiger
Silene acaulis,Aglais io
Silene acaulis,Aglais urticae
Silene acaulis,Agriades glandon
Silene acaulis,Bombus
Silene acaulis,Bombus kirbiellus
Silene acaulis,Bombus lapidarius
Silene acaulis,Chlosyne palla
Silene acaulis,Clossiana chariclea
Silene acaulis,Clossiana improba
Silene acaulis,Erebia magdalena
Silene acaulis,Harmonia axyridis
Silene acaulis,Occidryas anicia
Silene acaulis,Parasyrphus tarsatus
Silene acaulis,Pieris napi
Silene acaulis,Pieris rapae
Silene acaulis,Platycheirus hyperboreus
Silene acaulis,Polia richardsoni
Silene acaulis,Pyrgus centaureae
Silene acaulis,Vanessa cardui
Silene coronaria,Harmonia axyridis
Silene coronaria,Lucilia sericata
Silene coronaria,Pieris napi
Silene coronaria,Pieris rapae
Silene dioica,Andrena barbilabris
Silene dioica,Anthocharis cardamines
Silene dioica,Apamea sordens
Silene dioica,Apis mellifera
Silene dioica,Autographa gamma
Silene dioica,Bombus
Silene dioica,Bombus hypnorum
Silene dioica,Bombus lapidarius
Silene dioica,Bombylius major
Silene dioica,Epistrophe grossulariae
Silene dioica,Episyrphus balteatus
Silene dioica,Eristalis tenax
Silene dioica,Lasioglossum zonulum
Silene dioica,Pararge aegeria
Silene dioica,Syrphus ribesii
Silene gallica,Autographa gamma
Silene gallica,Colias croceus
Silene laciniata,Eugenes fulgens
Silene laciniata,Selasphorus platycercus
Silene laciniata,Selasphorus sasin
Silene latifolia,Bombus auricomus
Silene latifolia,Bombus hypnorum
Silene latifolia,Bombus lapidarius
Silene latifolia,Episyrphus balteatus
Silene latifolia,Harmonia axyridis
Silene latifolia,Macroglossum stellatarum
Silene latifolia,Pieris napi
Silene stellata,Bombus pensylvanicus
Silene verecunda,Bombus vosnesenskii
Silene verecunda,Platycheirus obscurus
Silene vulgaris,Bombus lapidarius
Silene vulgaris,Episyrphus balteatus
Silene vulgaris,Eristalis tenax
Silene vulgaris,Harmonia axyridis
Silene vulgaris,Lasioglossum zonulum
Silene vulgaris,Pieris napi
Silene vulgaris,Pieris rapae
Silene vulgaris,Polyommatus icarus
Silene vulgaris,Syritta pipiens
Silene vulgaris,Vanessa cardui
Silphium integrifolium,Agapostemon sericeus
Silphium integrifolium,Andrena accepta
Silphium integrifolium,Ceratina dupla
Silphium integrifolium,Halictus ligatus
Silphium integrifolium,Megachile brevis
Silphium integrifolium,Megachile inimica
Silphium integrifolium,Megachile montivaga
Silphium integrifolium,Megachile petulans
Silphium integrifolium,Megachile policaris
Silphium integrifolium,Megachile pugnata
Silphium integrifolium,Melissodes agilis
Silphium integrifolium,Melissodes trinodis
Silphium integrifolium,Physocephala tibialis
Silphium integrifolium,Svastra obliqua
Silphium integrifolium,Systoechus vulgaris
Silphium laciniatum,Agapostemon texanus
Silphium laciniatum,Allograpta obliqua
Silphium laciniatum,Apis mellifera
Silphium laciniatum,Ceratina dupla
Silphium laciniatum,Eristalis stipator
Silphium laciniatum,Eristalis transversa
Silphium laciniatum,Halictus ligatus
Silphium laciniatum,Lasioglossum imitatum
Silphium laciniatum,Megachile brevis
Silphium laciniatum,Megachile pugnata
Silphium laciniatum,Melissodes agilis
Silphium laciniatum,Melissodes bimaculatus
Silphium laciniatum,Melissodes druriellus
Silphium laciniatum,Svastra obliqua
Silphium laciniatum,Systoechus vulgaris
Silphium laciniatum,Triepeolus concavus
Silphium laciniatum,Triepeolus lunatus
Silphium laciniatum,Tropidia mamillata
Silphium laciniatum,Villa alternata
Silphium laciniatum,Zodion fulvifrons
Silphium laciniatum,Zodion obliquefasciatum
Silphium perfoliatum,Agapostemon sericeus
Silphium perfoliatum,Agapostemon splendens
Silphium perfoliatum,Ammophila procera
Silphium perfoliatum,Andrena accepta
Silphium perfoliatum,Andrena aliciae
Silphium perfoliatum,Archytas aterrima
Silphium perfoliatum,Atrytone delaware
Silphium perfoliatum,Augochlorella aurata
Silphium perfoliatum,Autographa californica
Silphium perfoliatum,Bombus centralis
Silphium perfoliatum,Bombus hypnorum
Silphium perfoliatum,Bombus insularis
Silphium perfoliatum,Bombus lapidarius
Silphium perfoliatum,Bombus occidentalis
Silphium perfoliatum,Ceratina dupla
Silphium perfoliatum,Chlosyne nycteis
Silphium perfoliatum,Dolichovespula arenaria
Silphium perfoliatum,Exoprosopa fasciata
Silphium perfoliatum,Halictus rubicundus
Silphium perfoliatum,Lasioglossum imitatum
Silphium perfoliatum,Lasioglossum pectorale
Silphium perfoliatum,Lasioglossum versatum
Silphium perfoliatum,Megachile brevis
Silphium perfoliatum,Megachile inimica
Silphium perfoliatum,Megachile mendica
Silphium perfoliatum,Megachile petulans
Silphium perfoliatum,Megachile pugnata
Silphium perfoliatum,Melissodes agilis
Silphium perfoliatum,Melissodes druriellus
Silphium perfoliatum,Melissodes vernoniae
Silphium perfoliatum,Milesia virginiensis
Silphium perfoliatum,Myathropa florea
Silphium perfoliatum,Pholisora catullus
Silphium perfoliatum,Poecilanthrax alcyon
Silphium perfoliatum,Polygonia interrogationis
Silphium perfoliatum,Scolia bicincta
Silphium perfoliatum,Svastra obliqua
Silphium perfoliatum,Syritta pipiens
Silphium perfoliatum,Syrphus opinator
Silphium perfoliatum,Systoechus vulgaris
Silphium perfoliatum,Triepeolus concavus
Silphium perfoliatum,Triepeolus lunatus
Silphium perfoliatum,Triepeolus remigatus
Silphium perfoliatum,Triepeolus simplex
Silphium perfoliatum,Vanessa atalanta
Silphium perfoliatum,Vanessa cardui
Silphium perfoliatum,Vespula germanica
Silphium perfoliatum,Villa alternata
Silphium perfoliatum,Zodion obliquefasciatum
Silphium radula,Bombus pensylvanicus
Silphium terebinthinaceum,Agapostemon sericeus
Silphium terebinthinaceum,Ammophila procera
Silphium terebinthinaceum,Ceratina dupla
Silphium terebinthinaceum,Halictus ligatus
Silphium terebinthinaceum,Megachile brevis
Silphium terebinthinaceum,Melissodes druriellus
Silphium terebinthinaceum,Svastra obliqua
Silphium terebinthinaceum,Systoechus vulgaris
Silybum marianum,Coccinella septempunctata
Silybum marianum,Habropoda depressa
Silybum marianum,Hesperia comma
Silybum marianum,Papilio machaon
Silybum marianum,Pieris napi
Silybum marianum,Vanessa atalanta
Sisymbrium altissimum,Hylaeus annulatus
Sisymbrium altissimum,Hylaeus hyalinatus
Sisymbrium altissimum,Hylaeus leptocephalus
Sisymbrium altissimum,Hylaeus pictipes
Sisymbrium altissimum,Hylaeus punctatus
Sisymbrium irio,Brassicogethes aeneus
Sisymbrium irio,Scathophaga stercoraria
Sisymbrium loeselii,Bombus insularis
Sisymbrium loeselii,Bombus lapidarius
Sisymbrium loeselii,Bombus occidentalis
Sisymbrium loeselii,Cercyonis pegala
Sisymbrium loeselii,Coenonympha california
Sisymbrium loeselii,Episyrphus balteatus
Sisymbrium loeselii,Erebia epipsodea
Sisymbrium loeselii,Eristalis stipator
Sisymbrium loeselii,Eristalis tenax
Sisymbrium loeselii,Glaucopsyche lygdamus
Sisymbrium loeselii,Gnophaela vermiculata
Sisymbrium loeselii,Halictus rubicundus
Sisymbrium loeselii,Helophilus hybridus
Sisymbrium loeselii,Helophilus latifrons
Sisymbrium loeselii,Hylaeus annulatus
Sisymbrium loeselii,Hylaeus hyalinatus
Sisymbrium loeselii,Hylaeus leptocephalus
Sisymbrium loeselii,Hylaeus pictipes
Sisymbrium loeselii,Hylaeus punctatus
Sisymbrium loeselii,Limenitis arthemis
Sisymbrium loeselii,Merodon equestris
Sisymbrium loeselii,Pontia occidentalis
Sisymbrium loeselii,Thymelicus lineola
Sisymbrium officinale,Apis mellifera
Sisymbrium officinale,Bombus lapidarius
Sisymbrium officinale,Eristalis nemorum
Sisymbrium officinale,Oligia strigilis
Sisymbrium officinale,Pieris napi
Sisymbrium orientale,Apis mellifera
Sisymbrium orientale,Calliphora vomitoria
Sisymbrium orientale,Episyrphus balteatus
Sisymbrium orientale,Eristalis tenax
Sisymbrium orientale,Hylaeus hyalinatus
Sisymbrium orientale,Hylaeus leptocephalus
Sisymbrium orientale,Hylaeus pictipes
Sisymbrium orientale,Hylaeus punctatus
Sisymbrium orientale,Megachile rotundata
Sisymbrium orientale,Pieris rapae
Sisymbrium orientale,Syritta pipiens
Sisyrinchium angustifolium,Andrena cressonii
Sisyrinchium angustifolium,Augochlorella aurata
Sisyrinchium angustifolium,Bombus auricomus
Sisyrinchium angustifolium,Bombylius atriceps
Sisyrinchium angustifolium,Helophilus latifrons
Sisyrinchium angustifolium,Lasioglossum pruinosum
Sisyrinchium angustifolium,Lasioglossum versatum
Sisyrinchium angustifolium,Melissodes druriellus
Sisyrinchium angustifolium,Nomada superba
Sisyrinchium angustifolium,Osmia pumila
Sisyrinchium micranthum,Allograpta exotica
Sisyrinchium montanum,Colias philodice
Sium suave,Acanthoscelides obtectus
Sium suave,Ageniella accepta
Sium suave,Allograpta obliqua
Sium suave,Althaeus hibisci
Sium suave,Ancistrocerus campestris
Sium suave,Anoplius atrox
Sium suave,Apis mellifera
Sium suave,Belvosia unifasciata
Sium suave,Bombus impatiens
Sium suave,Bombus pensylvanicus
Sium suave,Cerceris bicornuta
Sium suave,Cerceris clypeata
Sium suave,Cerceris finitima
Sium suave,Cerceris kennicottii
Sium suave,Ceropales maculata
Sium suave,Chaetogaedia analis
Sium suave,Chalybion californicum
Sium suave,Chrysops striatus
Sium suave,Cochliomyia macellaria
Sium suave,Colletes americanus
Sium suave,Colletes eulophi
Sium suave,Diabrotica longicornis
Sium suave,Ditemnus bidentatus
Sium suave,Ectemnius lapidarius
Sium suave,Ectemnius trifasciatus
Sium suave,Epicauta pensylvanica
Sium suave,Episyron biguttatus
Sium suave,Eristalinus aeneus
Sium suave,Eristalis tenax
Sium suave,Eurytoma diastrophi
Sium suave,Euxesta notata
Sium suave,Exoprosopa fasciata
Sium suave,Exoprosopa fascipennis
Sium suave,Graphomya americana
Sium suave,Halictus ligatus
Sium suave,Halictus rubicundus
Sium suave,Hammerschmidtia rufa
Sium suave,Holopyga ventralis
Sium suave,Hoplisoides nebulosus
Sium suave,Hydrotaea ignava
Sium suave,Hylaeus affinis
Sium suave,Hylaeus modestus
Sium suave,Isodontia apicalis
Sium suave,Larropsis distincta
Sium suave,Lasioglossum illinoense
Sium suave,Lasioglossum imitatum
Sium suave,Lasioglossum truncatum
Sium suave,Lasioglossum versatum
Sium suave,Leptometopa latipes
Sium suave,Lestica confluenta
Sium suave,Limnophora narona
Sium suave,Liris argentatus
Sium suave,Lucilia sericata
Sium suave,Lyroda subita
Sium suave,Melissodes agilis
Sium suave,Melissodes druriellus
Sium suave,Meromyza americana
Sium suave,Mordella marginata
Sium suave,Mordella melaena
Sium suave,Morellia micans
Sium suave,Musca domestica
Sium suave,Nysson plagiatus
Sium suave,Orthonevra nitida
Sium suave,Oxybelus emarginatus
Sium suave,Oxybelus niger
Sium suave,Philanthus gibbosus
Sium suave,Phormia regina
Sium suave,Photinus pyralis
Sium suave,Pieris rapae
Sium suave,Platycheirus quadratus
Sium suave,Prionyx thomae
Sium suave,Saygorytes phaleratus
Sium suave,Sceliphron caementarium
Sium suave,Scolia bicincta
Sium suave,Sphecodes dichrous
Sium suave,Stizus brevipennis
Sium suave,Stomoxys calcitrans
Sium suave,Stratiomys meigenii
Sium suave,Syritta pipiens
Sium suave,Syrphus ribesii
Sium suave,Tachytes distinctus
Sium suave,Tharsalea dorcas
Sium suave,Tharsalea mariposa
Sium suave,Toxomerus marginatus
Sium suave,Toxomerus politus
Sium suave,Toxophora amphitea
Sium suave,Trichopoda pennipes
Sium suave,Trichopsomyia apisaon
Sium suave,Tropidia albistylum
Sium suave,Tropidia quadrata
Sium suave,Trypoxylon clavatum
Sium suave,Vespula germanica
Sium suave,Villa alternata
Sixalix atropurpurea,Anthidium florentinum
Sixalix atropurpurea,Bombus pensylvanicus
Sixalix atropurpurea,Colias croceus
Sixalix atropurpurea,Episyrphus balteatus
Sixalix atropurpurea,Megachile centuncularis
Sixalix atropurpurea,Papilio machaon
Sixalix atropurpurea,Polistes dominula
Sixalix atropurpurea,Polyommatus icarus
Smilax auriculata,Apis mellifera
Smilax auriculata,Augochlora pura
Smilax auriculata,Coelioxys dolichos
Smilax auriculata,Megachile mendica
Smilax auriculata,Megachile xylocopoides
Smilax auriculata,Xylocopa micans
Smilax auriculata,Xylocopa virginica
Smilax herbacea,Apis mellifera
Smilax herbacea,Augochlorella aurata
Smilax herbacea,Euderces picipes
Smilax herbacea,Euphoria fulgida
Smilax herbacea,Lasioglossum versatum
Solanum carolinense,Harmonia axyridis
Solanum carolinense,Polistes dominula
Solanum lanceolatum,Danaus plexippus
Solanum lanceolatum,Eulaema polychroma
Solanum lycopersicum,Anthidium manicatum
Solanum lycopersicum,Anthophora urbana
Solanum lycopersicum,Bombus lapidarius
Solanum lycopersicum,Bombus perplexus
Solanum lycopersicum,Centris nitida
Solanum lycopersicum,Dione juno
Solanum lycopersicum,Eupeodes latifasciatus
Solanum nigrum,Bombus
Solanum nigrum,Harmonia axyridis
Solanum nigrum,Pieris rapae
Solanum nigrum,Polistes dominula
Solanum parishii,Anthophora californica
Solanum parishii,Bombus californicus
Solanum parishii,Bombus melanopygus
Solanum parishii,Bombus sonorus
Solanum parishii,Bombus vosnesenskii
Solanum parishii,Habropoda depressa
Solanum sisymbriifolium,Ascia monuste
Solanum sisymbriifolium,Bombus
Solanum tuberosum,Apis mellifera
Solanum tuberosum,Bombus fervidus
Solanum tuberosum,Bombus terricola
Solanum tuberosum,Episyrphus balteatus
Solanum xanti,Bombus vosnesenskii
Solanum xanti,Ferdinandea croesus
Solidago altissima,Bombus rufocinctus
Solidago canadensis,Acanthoscelides obtectus
Solidago canadensis,Aglais io
Solidago canadensis,Aglais urticae
Solidago canadensis,Anacrabro ocellatus
Solidago canadensis,Andrena simplex
Solidago canadensis,Anthidium oblongatum
Solidago canadensis,Anthocharis cardamines
Solidago canadensis,Anthophila fabriciana
Solidago canadensis,Araschnia levana
Solidago canadensis,Aricia agestis
Solidago canadensis,Ashmeadiella bucconis
Solidago canadensis,Belvosia unifasciata
Solidago canadensis,Boloria selene
Solidago canadensis,Bombus
Solidago canadensis,Bombus lapidarius
Solidago canadensis,Bombus pensylvanicus
Solidago canadensis,Calleida punctata
Solidago canadensis,Calliopsis coloradensis
Solidago canadensis,Celastrina argiolus
Solidago canadensis,Ceratina dupla
Solidago canadensis,Cerceris compacta
Solidago canadensis,Cerceris deserta
Solidago canadensis,Cerceris finitima
Solidago canadensis,Cerceris kennicottii
Solidago canadensis,Ceropales bipunctata
Solidago canadensis,Ceropales elegans
Solidago canadensis,Cochliomyia macellaria
Solidago canadensis,Coelioxys sayi
Solidago canadensis,Colletes americanus
Solidago canadensis,Colletes compactus
Solidago canadensis,Colletes eulophi
Solidago canadensis,Cycloneda munda
Solidago canadensis,Diabrotica longicornis
Solidago canadensis,Ectemnius lapidarius
Solidago canadensis,Entypus fulvicornis
Solidago canadensis,Epeolus autumnalis
Solidago canadensis,Epeolus pusillus
Solidago canadensis,Epistrophe grossulariae
Solidago canadensis,Episyron biguttatus
Solidago canadensis,Episyrphus balteatus
Solidago canadensis,Eristalis arbustorum
Solidago canadensis,Eristalis nemorum
Solidago canadensis,Eucerceris zonata
Solidago canadensis,Eupeodes latifasciatus
Solidago canadensis,Exoprosopa decora
Solidago canadensis,Exoprosopa fascipennis
Solidago canadensis,Feltia subgothica
Solidago canadensis,Graphomya americana
Solidago canadensis,Hedychrum violaceum
Solidago canadensis,Heriades leavitti
Solidago canadensis,Heriades truncorum
Solidago canadensis,Heriades variolosa
Solidago canadensis,Hesperia comma
Solidago canadensis,Hylaeus affinis
Solidago canadensis,Hylaeus annulatus
Solidago canadensis,Hylaeus hyalinatus
Solidago canadensis,Hylaeus illinoisensis
Solidago canadensis,Hylaeus modestus
Solidago canadensis,Hylaeus pictipes
Solidago canadensis,Hyphantria cunea
Solidago canadensis,Isodontia apicalis
Solidago canadensis,Larropsis distincta
Solidago canadensis,Lasioglossum albipenne
Solidago canadensis,Lasioglossum versatum
Solidago canadensis,Lestica confluenta
Solidago canadensis,Lithurgus chrysurus
Solidago canadensis,Lycaena phlaeas
Solidago canadensis,Megachile sculpturalis
Solidago canadensis,Megacyllene decora
Solidago canadensis,Melissodes boltoniae
Solidago canadensis,Melissodes dentiventris
Solidago canadensis,Melissodes druriellus
Solidago canadensis,Melissodes niveus
Solidago canadensis,Milesia virginiensis
Solidago canadensis,Myathropa florea
Solidago canadensis,Nomada placida
Solidago canadensis,Orthonevra nitida
Solidago canadensis,Osmia montana
Solidago canadensis,Oxybelus emarginatus
Solidago canadensis,Oxybelus niger
Solidago canadensis,Pararge aegeria
Solidago canadensis,Perilampus fulvicornis
Solidago canadensis,Physocephala texana
Solidago canadensis,Physocephala tibialis
Solidago canadensis,Physoconops brachyrhynchus
Solidago canadensis,Pieris napi
Solidago canadensis,Pieris rapae
Solidago canadensis,Platycheirus hyperboreus
Solidago canadensis,Platycheirus quadratus
Solidago canadensis,Poecilopompilus interruptus
Solidago canadensis,Polistes annularis
Solidago canadensis,Polistes carolina
Solidago canadensis,Polygonia c-album
Solidago canadensis,Prionyx atratus
Solidago canadensis,Prionyx thomae
Solidago canadensis,Propylaea quatuordecimpunctata
Solidago canadensis,Pseudopanurgus andrenoides
Solidago canadensis,Sceliphron caementarium
Solidago canadensis,Scolia nobilitata
Solidago canadensis,Sitochroa palealis
Solidago canadensis,Sphecodes heraclei
Solidago canadensis,Sphecodes smilacinae
Solidago canadensis,Stizoides renicinctus
Solidago canadensis,Stomoxys calcitrans
Solidago canadensis,Thecophora occidensis
Solidago canadensis,Thymelicus lineola
Solidago canadensis,Toxomerus politus
Solidago canadensis,Toxophora amphitea
Solidago canadensis,Trichodes apiarius
Solidago canadensis,Trichopoda plumipes
Solidago canadensis,Triepeolus pectoralis
Solidago canadensis,Tropidia mamillata
Solidago canadensis,Vespa velutina
Solidago canadensis,Vespula squamosa
Solidago fistulosa,Ceratina dupla
Solidago fistulosa,Colletes mandibularis
Solidago fistulosa,Colletes thysanellae
Solidago fistulosa,Halictus ligatus
Solidago fistulosa,Sphecodes heraclei
Solidago gigantea,Acalymma vittatum
Solidago gigantea,Aglais io
Solidago gigantea,Anthidium oblongatum
Solidago gigantea,Augochloropsis metallica
Solidago gigantea,Celastrina argiolus
Solidago gigantea,Dolichovespula maculata
Solidago gigantea,Epistrophe grossulariae
Solidago gigantea,Gnophaela vermiculata
Solidago gigantea,Halictus confusus
Solidago gigantea,Halictus rubicundus
Solidago gigantea,Heriades truncorum
Solidago gigantea,Hylaeus annulatus
Solidago gigantea,Hylaeus hyalinatus
Solidago gigantea,Hylaeus leptocephalus
Solidago gigantea,Hylaeus pictipes
Solidago gigantea,Hylaeus punctatus
Solidago gigantea,Hyphantria cunea
Solidago gigantea,Lithurgus chrysurus
Solidago gigantea,Lucilia sericata
Solidago gigantea,Lycaena phlaeas
Solidago gigantea,Megachile sculpturalis
Solidago gigantea,Nymphalis antiopa
Solidago gigantea,Polyommatus icarus
Solidago gigantea,Propylaea quatuordecimpunctata
Solidago gigantea,Sitochroa palealis
Solidago gigantea,Thymelicus lineola
Solidago gigantea,Vanessa cardui
Solidago gigantea,Vespa crabro
Solidago gigantea,Vespa velutina
Solidago gigantea,Vespula germanica
Solidago lepida,Apis mellifera
Solidago lepida,Bombus melanopygus
Solidago lepida,Ochlodes sylvanoides
Solidago lepida,Syrphus vitripennis
Solidago nemoralis,Ammophila pictipennis
Solidago nemoralis,Aporus niger
Solidago nemoralis,Archytas aterrima
Solidago nemoralis,Bombus pensylvanicus
Solidago nemoralis,Ceratina dupla
Solidago nemoralis,Cerceris clypeata
Solidago nemoralis,Cerceris finitima
Solidago nemoralis,Cerceris kennicottii
Solidago nemoralis,Cochliomyia macellaria
Solidago nemoralis,Colletes americanus
Solidago nemoralis,Colletes compactus
Solidago nemoralis,Colletes eulophi
Solidago nemoralis,Diabrotica longicornis
Solidago nemoralis,Epicauta pensylvanica
Solidago nemoralis,Eupeodes americanus
Solidago nemoralis,Heriades leavitti
Solidago nemoralis,Lapposyrphus lapponicus
Solidago nemoralis,Larropsis distincta
Solidago nemoralis,Lasioglossum illinoense
Solidago nemoralis,Lasioglossum pectorale
Solidago nemoralis,Lasioglossum versatum
Solidago nemoralis,Lestica confluenta
Solidago nemoralis,Lucilia sericata
Solidago nemoralis,Megachile brevis
Solidago nemoralis,Musca domestica
Solidago nemoralis,Polistes annularis
Solidago nemoralis,Polistes carolina
Solidago nemoralis,Pseudopanurgus andrenoides
Solidago nemoralis,Pseudopanurgus compositarum
Solidago nemoralis,Stomoxys calcitrans
Solidago nemoralis,Syritta pipiens
Solidago nemoralis,Systropus macer
Solidago nemoralis,Thecophora occidensis
Solidago nemoralis,Triepeolus cressonii
Solidago rigida,Ageniella accepta
Solidago rigida,Ammophila procera
Solidago rigida,Bombus pensylvanicus
Solidago rigida,Cerceris compacta
Solidago rigida,Cochliomyia macellaria
Solidago rigida,Colias philodice
Solidago rigida,Colletes americanus
Solidago rigida,Colletes compactus
Solidago rigida,Diabrotica longicornis
Solidago rigida,Elkalyce comyntas
Solidago rigida,Harkenclenus titus
Solidago rigida,Lasioglossum versatum
Solidago rigida,Lestica confluenta
Solidago rigida,Lycaena hyllus
Solidago rigida,Megachile brevis
Solidago rigida,Melissodes niveus
Solidago rigida,Polistes annularis
Solidago rigida,Polites coras
Solidago rigida,Prionyx thomae
Solidago rigida,Stylogaster biannulata
Solidago rigida,Svastra obliqua
Solidago rigida,Syritta pipiens
Solidago sempervirens,Agrotis ipsilon
Solidago ulmifolia,Allograpta obliqua
Solidago ulmifolia,Ancistrocerus campestris
Solidago ulmifolia,Andrena simplex
Solidago ulmifolia,Archytas aterrima
Solidago ulmifolia,Colletes americanus
Solidago ulmifolia,Colletes simulans
Solidago ulmifolia,Eumenes fraternus
Solidago ulmifolia,Eupeodes americanus
Solidago ulmifolia,Exoprosopa decora
Solidago ulmifolia,Hedychrum violaceum
Solidago ulmifolia,Heriades leavitti
Solidago ulmifolia,Hylaeus affinis
Solidago ulmifolia,Hylaeus illinoisensis
Solidago ulmifolia,Larropsis distincta
Solidago ulmifolia,Lasioglossum imitatum
Solidago ulmifolia,Lasioglossum pectorale
Solidago ulmifolia,Megachile brevis
Solidago ulmifolia,Melissodes boltoniae
Solidago ulmifolia,Melissodes dentiventris
Solidago ulmifolia,Melissodes druriellus
Solidago ulmifolia,Melissodes trinodis
Solidago ulmifolia,Morellia micans
Solidago ulmifolia,Polistes annularis
Solidago ulmifolia,Pseudopanurgus compositarum
Solidago ulmifolia,Villa alternata
Solidago velutina,Bombus vandykei
Solidago velutina,Callophrys muiri
Solidago velutina,Eristalis stipator
Solidago velutina,Hylephila phyleus
Solidago velutina,Tharsalea helloides
Sonchus arvensis,Aglais urticae
Sonchus arvensis,Bombus
Sonchus arvensis,Bombus ashtoni
Sonchus arvensis,Bombus bohemicus
Sonchus arvensis,Bombus huntii
Sonchus arvensis,Bombus hypnorum
Sonchus arvensis,Bombus lapidarius
Sonchus arvensis,Bombus perplexus
Sonchus arvensis,Bombus vancouverensis
Sonchus arvensis,Brassicogethes aeneus
Sonchus arvensis,Carterocephalus palaemon
Sonchus arvensis,Epistrophe grossulariae
Sonchus arvensis,Episyrphus balteatus
Sonchus arvensis,Eupeodes volucris
Sonchus arvensis,Euphyes dion
Sonchus arvensis,Megachile centuncularis
Sonchus arvensis,Musca autumnalis
Sonchus arvensis,Myathropa florea
Sonchus arvensis,Ochlodes sylvanoides
Sonchus arvensis,Syrphus opinator
Sonchus arvensis,Syrphus ribesii
Sonchus arvensis,Syrphus torvus
Sonchus arvensis,Syrphus vitripennis
Sonchus asper,Bombus lapidarius
Sonchus asper,Bombus rufocinctus
Sonchus asper,Colias philodice
Sonchus asper,Episyrphus balteatus
Sonchus asper,Lasioglossum leucozonium
Sonchus asper,Pieris napi
Sonchus asper,Pollenia rudis
Sonchus asper,Polygonia c-album
Sonchus asper,Syrphus ribesii
Sonchus asper,Syrphus vitripennis
Sonchus oleraceus,Agapostemon texanus
Sonchus oleraceus,Aglais urticae
Sonchus oleraceus,Allograpta exotica
Sonchus oleraceus,Anthocharis sara
Sonchus oleraceus,Augochlora pura
Sonchus oleraceus,Augochlorella pomoniella
Sonchus oleraceus,Bombus
Sonchus oleraceus,Bombus bohemicus
Sonchus oleraceus,Bombus centralis
Sonchus oleraceus,Bombus hypnorum
Sonchus oleraceus,Bombus lapidarius
Sonchus oleraceus,Brassicogethes aeneus
Sonchus oleraceus,Colias eurytheme
Sonchus oleraceus,Danaus plexippus
Sonchus oleraceus,Diabrotica undecimpunctata
Sonchus oleraceus,Dufourea australis
Sonchus oleraceus,Epistrophe grossulariae
Sonchus oleraceus,Episyrphus balteatus
Sonchus oleraceus,Eresia aveyrona
Sonchus oleraceus,Eristalis arbustorum
Sonchus oleraceus,Eristalis tenax
Sonchus oleraceus,Erynnis funeralis
Sonchus oleraceus,Eupeodes fumipennis
Sonchus oleraceus,Eupeodes volucris
Sonchus oleraceus,Euptoieta claudia
Sonchus oleraceus,Fazia micrura
Sonchus oleraceus,Feltia jaculifera
Sonchus oleraceus,Halictus ligatus
Sonchus oleraceus,Helophilus latifrons
Sonchus oleraceus,Lasioglossum leucozonium
Sonchus oleraceus,Lasioglossum sisymbrii
Sonchus oleraceus,Ochlodes sylvanoides
Sonchus oleraceus,Papilio zelicaon
Sonchus oleraceus,Paragus haemorrhous
Sonchus oleraceus,Pieris rapae
Sonchus oleraceus,Sphaerophoria contigua
Sonchus oleraceus,Syritta pipiens
Sonchus oleraceus,Syrphus opinator
Sonchus oleraceus,Syrphus ribesii
Sonchus oleraceus,Syrphus vitripennis
Sonchus oleraceus,Toxomerus marginatus
Sonchus oleraceus,Toxomerus occidentalis
Sonchus oleraceus,Vanessa annabella
Sonchus oleraceus,Vanessa cardui
Sorbaria sorbifolia,Hylaeus annulatus
Sorbaria sorbifolia,Hylaeus hyalinatus
Sorbaria sorbifolia,Hylaeus leptocephalus
Sorbaria sorbifolia,Hylaeus pictipes
Sorbaria sorbifolia,Hylaeus punctatus
Sorbus americana,Andrena crataegi
Sorbus aucuparia,Adalia bipunctata
Sorbus aucuparia,Andrena milwaukeensis
Sorbus aucuparia,Anthrenus verbasci
Sorbus aucuparia,Apis mellifera
Sorbus aucuparia,Bombus
Sorbus aucuparia,Bombus bifarius
Sorbus aucuparia,Bombus hypnorum
Sorbus aucuparia,Brassicogethes aeneus
Sorbus aucuparia,Calliphora vicina
Sorbus aucuparia,Calliphora vomitoria
Sorbus aucuparia,Celastrina argiolus
Sorbus aucuparia,Dasysyrphus venustus
Sorbus aucuparia,Delia radicum
Sorbus aucuparia,Episyrphus balteatus
Sorbus aucuparia,Epuraea aestiva
Sorbus aucuparia,Eristalis arbustorum
Sorbus aucuparia,Eristalis tenax
Sorbus aucuparia,Hylaeus annulatus
Sorbus aucuparia,Hylaeus hyalinatus
Sorbus aucuparia,Hylaeus leptocephalus
Sorbus aucuparia,Hylaeus pictipes
Sorbus aucuparia,Hylaeus punctatus
Sorbus aucuparia,Lycaena phlaeas
Sorbus aucuparia,Meliscaeva cinctella
Sorbus aucuparia,Myathropa florea
Sorbus aucuparia,Rhagium inquisitor
Sorbus aucuparia,Syrphus ribesii
Sorbus aucuparia,Syrphus vitripennis
Spartium junceum,Andrena wilkella
Spartium junceum,Apis mellifera
Spartium junceum,Megachile ericetorum
Spartium junceum,Osmia inermis
Spergula arvensis,Scathophaga stercoraria
Spergula arvensis,Syritta pipiens
Spergularia rubra,Aglais milberti
Spergularia rubra,Apis mellifera
Spergularia rubra,Eristalinus aeneus
Spergularia rubra,Scathophaga stercoraria
Sphaeralcea angustifolia,Agrilus aureus
Sphaeralcea angustifolia,Bombus sonorus
Sphaeralcea coccinea,Echinargus isola
Sphaeralcea coccinea,Pholisora catullus
Sphaeralcea coccinea,Pontia protodice
Sphaeralcea coccinea,Pyrgus communis
Sphaeralcea coccinea,Strymon melinus
Spigelia alabamensis,Battus philenor
Spigelia alabamensis,Bombus
Spigelia marilandica,Archilochus colubris
Spigelia marilandica,Danaus plexippus
Spiraea alba,Hylaeus annulatus
Spiraea alba,Hylaeus hyalinatus
Spiraea alba,Hylaeus leptocephalus
Spiraea alba,Hylaeus pictipes
Spiraea alba,Hylaeus punctatus
Spiraea alba,Lasioglossum admirandum
Spiraea alba,Lasioglossum tegulare
Spiraea japonica,Bombus lapidarius
Spiraea japonica,Episyrphus balteatus
Spiraea japonica,Pontia protodice
Spiraea japonica,Syrphus vitripennis
Spiraea prunifolia,Episyrphus balteatus
Spiranthes lacera,Bombus pensylvanicus
Spiranthes lacera,Calliopsis andreniformis
Spiranthes romanzoffiana,Bombus perplexus
Stachys albens,Apis mellifera
Stachys bullata,Habropoda depressa
Stachys byzantina,Bombus hypnorum
Stachys byzantina,Bombus lapidarius
Stachys byzantina,Megachile ericetorum
Stachys byzantina,Vanessa cardui
Stachys chamissonis,Bombus appositus
Stachys coccinea,Archilochus alexandri
Stachys coccinea,Basilinna leucotis
Stachys coccinea,Calypte costae
Stachys coccinea,Cynanthus latirostris
Stachys coccinea,Eugenes fulgens
Stachys coccinea,Lampornis clemenciae
Stachys coccinea,Leucolia violiceps
Stachys coccinea,Saucerottia beryllina
Stachys coccinea,Selasphorus platycercus
Stachys coccinea,Selasphorus rufus
Stachys coccinea,Selasphorus sasin
Stachys palustris,Agrotis ipsilon
Stachys palustris,Amphipyra tragopoginis
Stachys palustris,Anagrapha falcifera
Stachys palustris,Ancyloxypha numitor
Stachys palustris,Anthidium florentinum
Stachys palustris,Anthidium manicatum
Stachys palustris,Apamea sordens
Stachys palustris,Apis mellifera
Stachys palustris,Autographa gamma
Stachys palustris,Bombus auricomus
Stachys palustris,Bombus borealis
Stachys palustris,Bombus lapidarius
Stachys palustris,Bombus vagans
Stachys palustris,Caradrina morpheus
Stachys palustris,Ceratina dupla
Stachys palustris,Dysstroma truncata
Stachys palustris,Epirrhoe alternata
Stachys palustris,Episyrphus balteatus
Stachys palustris,Hoplitis pilosifrons
Stachys palustris,Hydraecia micacea
Stachys palustris,Hydriomena furcata
Stachys palustris,Idaea dimidiata
Stachys palustris,Lasioglossum versatum
Stachys palustris,Leucoma salicis
Stachys palustris,Megachile brevis
Stachys palustris,Melissodes bimaculatus
Stachys palustris,Mesapamea secalis
Stachys palustris,Noctua comes
Stachys palustris,Noctua pronuba
Stachys palustris,Nomada superba
Stachys palustris,Oligia strigilis
Stachys palustris,Papilio polyxenes
Stachys palustris,Phragmatobia fuliginosa
Stachys palustris,Syrphus ribesii
Stachys palustris,Systoechus vulgaris
Stachys palustris,Toxomerus marginatus
Stachys palustris,Tyria jacobaeae
Stachys palustris,Vanessa cardui
Stachys palustris,Xestia c-nigrum
Stachys palustris,Xestia xanthographa
Stanleya pinnata,Copestylum satur
Staphylea trifolia,Andrena mandibularis
Staphylea trifolia,Andrena miserabilis
Staphylea trifolia,Andrena nuda
Staphylea trifolia,Apis mellifera
Staphylea trifolia,Bombus pensylvanicus
Staphylea trifolia,Bombylius atriceps
Staphylea trifolia,Eristalis flavipes
Staphylea trifolia,Molorchus bimaculatus
Stellaria media,Aglais io
Stellaria media,Andrena andrenoides
Stellaria media,Andrena cressonii
Stellaria media,Andrena forbesii
Stellaria media,Andrena miserabilis
Stellaria media,Andrena personata
Stellaria media,Augochlorella aurata
Stellaria media,Bombus lapidarius
Stellaria media,Brachypalpus oarus
Stellaria media,Calliphora vicina
Stellaria media,Ceratina dupla
Stellaria media,Colletes inaequalis
Stellaria media,Copromyza equina
Stellaria media,Cynomya cadaverina
Stellaria media,Delia platura
Stellaria media,Episyrphus balteatus
Stellaria media,Eristalinus aeneus
Stellaria media,Eristalis arbustorum
Stellaria media,Eristalis dimidiata
Stellaria media,Eristalis tenax
Stellaria media,Eupeodes americanus
Stellaria media,Halictus ligatus
Stellaria media,Halictus rubicundus
Stellaria media,Lasioglossum foxii
Stellaria media,Lasioglossum imitatum
Stellaria media,Lasioglossum obscurum
Stellaria media,Lasioglossum versatum
Stellaria media,Lucilia sericata
Stellaria media,Lycaena phlaeas
Stellaria media,Musca domestica
Stellaria media,Myospila meditabunda
Stellaria media,Nomada luteoloides
Stellaria media,Oscinella frit
Stellaria media,Osmia lignaria
Stellaria media,Pieris napi
Stellaria media,Platycheirus quadratus
Stellaria media,Pollenia rudis
Stellaria media,Polyommatus icarus
Stellaria media,Protophormia terraenovae
Stellaria media,Sapyga centrata
Stellaria media,Scathophaga furcata
Stellaria media,Scathophaga stercoraria
Stellaria media,Syrphus ribesii
Stellaria media,Vanessa virginiensis
Stellaria media,Xylota segnis
Stellaria pubera,Cyaniris neglecta
Stemodia durantifolia,Anthidium manicatum
Stenanthium gramineum,Hylaeus affinis
Stenanthium gramineum,Lasioglossum imitatum
Stenanthium gramineum,Syritta pipiens
Stenaria nigricans,Apis mellifera
Stenaria nigricans,Augochlorella aurata
Stenaria nigricans,Bombus impatiens
Stenaria nigricans,Celastrina ladon
Stenaria nigricans,Elkalyce comyntas
Stenaria nigricans,Hemipenthes sinuosus
Stenaria nigricans,Megachile brevis
Stenaria nigricans,Phyciodes tharos
Stenaria nigricans,Trogus pennator
Stenotaphrum secundatum,Apis mellifera
Stephanomeria diegensis,Eupompha elegans
Stipulicida setacea,Anthidiellum notatum
Stipulicida setacea,Lasioglossum nymphale
Stipulicida setacea,Sphecodes atlantis
Strophostyles leiosperma,Bombus pensylvanicus
Strophostyles leiosperma,Calliopsis andreniformis
Strophostyles leiosperma,Lasioglossum imitatum
Strophostyles leiosperma,Lasioglossum versatum
Strophostyles leiosperma,Megachile brevis
Stylisma villosa,Dianthidium floridiense
Stylosanthes biflora,Bombus pensylvanicus
Stylosanthes biflora,Calliopsis andreniformis
Styphnolobium japonicum,Bombus
Styphnolobium japonicum,Syritta pipiens
Suaeda nigra,Hemiargus ceraunus
Suriana maritima,Apis mellifera
Swertia perennis,Bombus
Symphoricarpos orbiculatus,Aedes vexans
Symphoricarpos orbiculatus,Agapostemon sericeus
Symphoricarpos orbiculatus,Ammophila nigricans
Symphoricarpos orbiculatus,Apis mellifera
Symphoricarpos orbiculatus,Archytas aterrima
Symphoricarpos orbiculatus,Augochlora pura
Symphoricarpos orbiculatus,Augochlorella aurata
Symphoricarpos orbiculatus,Belvosia bifasciata
Symphoricarpos orbiculatus,Belvosia unifasciata
Symphoricarpos orbiculatus,Bombus vagans
Symphoricarpos orbiculatus,Celastrina argiolus
Symphoricarpos orbiculatus,Cerceris clypeata
Symphoricarpos orbiculatus,Cerceris compacta
Symphoricarpos orbiculatus,Cerceris fumipennis
Symphoricarpos orbiculatus,Cochliomyia macellaria
Symphoricarpos orbiculatus,Coelioxys sayi
Symphoricarpos orbiculatus,Colletes nudus
Symphoricarpos orbiculatus,Cylindromyia interrupta
Symphoricarpos orbiculatus,Entypus unifasciatus
Symphoricarpos orbiculatus,Episyron biguttatus
Symphoricarpos orbiculatus,Eristalis tenax
Symphoricarpos orbiculatus,Eristalis transversa
Symphoricarpos orbiculatus,Exoprosopa fascipennis
Symphoricarpos orbiculatus,Falsomordellistena pubescens
Symphoricarpos orbiculatus,Halictus ligatus
Symphoricarpos orbiculatus,Halictus parallelus
Symphoricarpos orbiculatus,Halictus rubicundus
Symphoricarpos orbiculatus,Hylaeus affinis
Symphoricarpos orbiculatus,Hylaeus modestus
Symphoricarpos orbiculatus,Isodontia apicalis
Symphoricarpos orbiculatus,Lasioglossum cressonii
Symphoricarpos orbiculatus,Lasioglossum foxii
Symphoricarpos orbiculatus,Lasioglossum imitatum
Symphoricarpos orbiculatus,Lasioglossum obscurum
Symphoricarpos orbiculatus,Lasioglossum pectorale
Symphoricarpos orbiculatus,Lasioglossum tegulare
Symphoricarpos orbiculatus,Lasioglossum versatum
Symphoricarpos orbiculatus,Liris argentatus
Symphoricarpos orbiculatus,Megachile campanulae
Symphoricarpos orbiculatus,Megachile mendica
Symphoricarpos orbiculatus,Melissodes bimaculatus
Symphoricarpos orbiculatus,Milesia virginiensis
Symphoricarpos orbiculatus,Mordella marginata
Symphoricarpos orbiculatus,Orthonevra nitida
Symphoricarpos orbiculatus,Parhelophilus laetus
Symphoricarpos orbiculatus,Philanthus gibbosus
Symphoricarpos orbiculatus,Physoconops brachyrhynchus
Symphoricarpos orbiculatus,Polistes annularis
Symphoricarpos orbiculatus,Polistes fuscatus
Symphoricarpos orbiculatus,Scolia bicincta
Symphoricarpos orbiculatus,Sphecodes dichrous
Symphoricarpos orbiculatus,Sphecodes heraclei
Symphoricarpos orbiculatus,Spilomyia longicornis
Symphoricarpos orbiculatus,Stizus brevipennis
Symphoricarpos orbiculatus,Stratiomys meigenii
Symphoricarpos orbiculatus,Syritta pipiens
Symphoricarpos orbiculatus,Thecophora occidensis
Symphoricarpos orbiculatus,Toxomerus marginatus
Symphoricarpos orbiculatus,Trichopoda pennipes
Symphoricarpos orbiculatus,Trichopsomyia apisaon
Symphoricarpos orbiculatus,Tropidia albistylum
Symphoricarpos orbiculatus,Tropidia quadrata
Symphoricarpos orbiculatus,Vespa velutina
Symphoricarpos orbiculatus,Zethus spinipes
Symphoricarpos rotundifolius,Epargyreus clarus
Symphoricarpos rotundifolius,Erebia epipsodea
Symphoricarpos rotundifolius,Speyeria edwardsii
Symphoricarpos rotundifolius,Vanessa atalanta
Symphyotrichum anomalum,Andrena simplex
Symphyotrichum anomalum,Apis mellifera
Symphyotrichum anomalum,Augochlora pura
Symphyotrichum anomalum,Bombus impatiens
Symphyotrichum anomalum,Bombus pensylvanicus
Symphyotrichum anomalum,Cochliomyia macellaria
Symphyotrichum anomalum,Colletes americanus
Symphyotrichum anomalum,Colletes compactus
Symphyotrichum anomalum,Epicauta pensylvanica
Symphyotrichum anomalum,Eristalis transversa
Symphyotrichum anomalum,Halictus ligatus
Symphyotrichum anomalum,Lapposyrphus lapponicus
Symphyotrichum anomalum,Lasioglossum pectorale
Symphyotrichum anomalum,Megachile brevis
Symphyotrichum anomalum,Megachile latimanus
Symphyotrichum anomalum,Melissodes dentiventris
Symphyotrichum anomalum,Melissodes druriellus
Symphyotrichum anomalum,Melissodes trinodis
Symphyotrichum anomalum,Phyciodes tharos
Symphyotrichum anomalum,Pieris rapae
Symphyotrichum anomalum,Poecilanthrax alcyon
Symphyotrichum anomalum,Pontia protodice
Symphyotrichum anomalum,Zerene cesonia
Symphyotrichum cordifolium,Bombus pensylvanicus
Symphyotrichum cordifolium,Colletes americanus
Symphyotrichum cordifolium,Cynomya cadaverina
Symphyotrichum cordifolium,Diabrotica longicornis
Symphyotrichum cordifolium,Epeolus pusillus
Symphyotrichum cordifolium,Epicauta pensylvanica
Symphyotrichum cordifolium,Exoprosopa fascipennis
Symphyotrichum cordifolium,Lasioglossum pectorale
Symphyotrichum cordifolium,Megachile brevis
Symphyotrichum cordifolium,Melissodes dentiventris
Symphyotrichum cordifolium,Melissodes druriellus
Symphyotrichum cordifolium,Melissodes niveus
Symphyotrichum cordifolium,Vespula germanica
Symphyotrichum foliaceum,Eristalis tenax
Symphyotrichum laeve,Cercyonis oetus
Symphyotrichum laeve,Danaus gilippus
Symphyotrichum laeve,Echinargus isola
Symphyotrichum laeve,Epidemia dorcas
Symphyotrichum laeve,Harkenclenus titus
Symphyotrichum laeve,Hesperia comma
Symphyotrichum laeve,Limenitis weidemeyerii
Symphyotrichum laeve,Neophasia menapia
Symphyotrichum laeve,Oarisma edwardsii
Symphyotrichum laeve,Piruna pirus
Symphyotrichum laeve,Polites themistocles
Symphyotrichum laeve,Polygonia faunus
Symphyotrichum laeve,Polygonia gracilis
Symphyotrichum laeve,Speyeria aphrodite
Symphyotrichum laeve,Speyeria atlantis
Symphyotrichum laeve,Speyeria coronis
Symphyotrichum laeve,Speyeria mormonia
Symphyotrichum laeve,Strymon saepium
Symphyotrichum laeve,Tharsalea arota
Symphyotrichum laeve,Zerene cesonia
Symphyotrichum lanceolatum,Aglais urticae
Symphyotrichum lanceolatum,Lycaena phlaeas
Symphyotrichum lanceolatum,Neomyia cornicina
Symphyotrichum lanceolatum,Syritta pipiens
Symphyotrichum lanceolatum,Tipula paludosa
Symphyotrichum lateriflorum,Ammophila procera
Symphyotrichum lateriflorum,Ancistrocerus campestris
Symphyotrichum lateriflorum,Andrena simplex
Symphyotrichum lateriflorum,Archytas aterrima
Symphyotrichum lateriflorum,Augochlorella aurata
Symphyotrichum lateriflorum,Bithoracochaeta leucoprocta
Symphyotrichum lateriflorum,Bombus pensylvanicus
Symphyotrichum lateriflorum,Ceratina calcarata
Symphyotrichum lateriflorum,Ceratina dupla
Symphyotrichum lateriflorum,Colletes americanus
Symphyotrichum lateriflorum,Colletes compactus
Symphyotrichum lateriflorum,Eupeodes americanus
Symphyotrichum lateriflorum,Lasioglossum illinoense
Symphyotrichum lateriflorum,Lasioglossum obscurum
Symphyotrichum lateriflorum,Lasioglossum versatum
Symphyotrichum lateriflorum,Lestica confluenta
Symphyotrichum lateriflorum,Limnophora narona
Symphyotrichum lateriflorum,Megachile latimanus
Symphyotrichum lateriflorum,Megachile mendica
Symphyotrichum lateriflorum,Melissodes druriellus
Symphyotrichum lateriflorum,Nathalis iole
Symphyotrichum lateriflorum,Ocyptamus fuscipennis
Symphyotrichum lateriflorum,Polistes annularis
Symphyotrichum lateriflorum,Pseudopanurgus andrenoides
Symphyotrichum lateriflorum,Pseudopanurgus compositarum
Symphyotrichum lateriflorum,Vespula germanica
Symphyotrichum lentum,Agapostemon sericeus
Symphyotrichum lentum,Agapostemon splendens
Symphyotrichum lentum,Agapostemon texanus
Symphyotrichum lentum,Allograpta obliqua
Symphyotrichum lentum,Ammophila nigricans
Symphyotrichum lentum,Ammophila pictipennis
Symphyotrichum lentum,Ammophila procera
Symphyotrichum lentum,Ancistrocerus campestris
Symphyotrichum lentum,Andrena asteris
Symphyotrichum lentum,Andrena helianthi
Symphyotrichum lentum,Andrena nubecula
Symphyotrichum lentum,Anthidium psoraleae
Symphyotrichum lentum,Anthophora ursina
Symphyotrichum lentum,Apis mellifera
Symphyotrichum lentum,Archytas aterrima
Symphyotrichum lentum,Atalopedes campestris
Symphyotrichum lentum,Augochloropsis metallica
Symphyotrichum lentum,Belvosia bifasciata
Symphyotrichum lentum,Belvosia unifasciata
Symphyotrichum lentum,Bicyrtes ventralis
Symphyotrichum lentum,Bithoracochaeta leucoprocta
Symphyotrichum lentum,Bombus auricomus
Symphyotrichum lentum,Bombus fraternus
Symphyotrichum lentum,Bombus griseocollis
Symphyotrichum lentum,Bombus impatiens
Symphyotrichum lentum,Bombus pensylvanicus
Symphyotrichum lentum,Bombus vagans
Symphyotrichum lentum,Bombylius major
Symphyotrichum lentum,Caenurgina erechtea
Symphyotrichum lentum,Calliopsis andreniformis
Symphyotrichum lentum,Celastrina argiolus
Symphyotrichum lentum,Ceratina dupla
Symphyotrichum lentum,Cerceris bicornuta
Symphyotrichum lentum,Cerceris clypeata
Symphyotrichum lentum,Cerceris deserta
Symphyotrichum lentum,Ceropales maculata
Symphyotrichum lentum,Chaetopsis aenea
Symphyotrichum lentum,Chlosyne nycteis
Symphyotrichum lentum,Cochliomyia macellaria
Symphyotrichum lentum,Coelioxys rufitarsis
Symphyotrichum lentum,Coelioxys sayi
Symphyotrichum lentum,Colias philodice
Symphyotrichum lentum,Colletes americanus
Symphyotrichum lentum,Colletes compactus
Symphyotrichum lentum,Colletes eulophi
Symphyotrichum lentum,Colletes simulans
Symphyotrichum lentum,Cynomya cadaverina
Symphyotrichum lentum,Danaus plexippus
Symphyotrichum lentum,Diabrotica longicornis
Symphyotrichum lentum,Dilophus serotinus
Symphyotrichum lentum,Dioprosopa clavatus
Symphyotrichum lentum,Dolichovespula maculata
Symphyotrichum lentum,Ectemnius decemmaculatus
Symphyotrichum lentum,Ectemnius rufifemur
Symphyotrichum lentum,Epeolus autumnalis
Symphyotrichum lentum,Epeolus bifasciatus
Symphyotrichum lentum,Epeolus pusillus
Symphyotrichum lentum,Epicauta pensylvanica
Symphyotrichum lentum,Episyron biguttatus
Symphyotrichum lentum,Eristalinus aeneus
Symphyotrichum lentum,Eristalis anthophorina
Symphyotrichum lentum,Eristalis dimidiata
Symphyotrichum lentum,Eristalis flavipes
Symphyotrichum lentum,Eristalis stipator
Symphyotrichum lentum,Eristalis tenax
Symphyotrichum lentum,Eristalis transversa
Symphyotrichum lentum,Erynnis icelus
Symphyotrichum lentum,Erynnis juvenalis
Symphyotrichum lentum,Erynnis martialis
Symphyotrichum lentum,Eucerceris zonata
Symphyotrichum lentum,Euclytia flava
Symphyotrichum lentum,Eumenes fraternus
Symphyotrichum lentum,Eupeodes americanus
Symphyotrichum lentum,Euptoieta claudia
Symphyotrichum lentum,Euthera tentatrix
Symphyotrichum lentum,Exoprosopa decora
Symphyotrichum lentum,Exoprosopa fasciata
Symphyotrichum lentum,Exoprosopa fascipennis
Symphyotrichum lentum,Feltia subgothica
Symphyotrichum lentum,Graphomya americana
Symphyotrichum lentum,Gymnoclytia occidua
Symphyotrichum lentum,Halictus parallelus
Symphyotrichum lentum,Halictus rubicundus
Symphyotrichum lentum,Helophilus fasciatus
Symphyotrichum lentum,Helophilus latifrons
Symphyotrichum lentum,Hylephila phyleus
Symphyotrichum lentum,Isodontia apicalis
Symphyotrichum lentum,Junonia coenia
Symphyotrichum lentum,Lapposyrphus lapponicus
Symphyotrichum lentum,Larropsis distincta
Symphyotrichum lentum,Lasioglossum anomalum
Symphyotrichum lentum,Lasioglossum cinctipes
Symphyotrichum lentum,Lasioglossum coriaceum
Symphyotrichum lentum,Lasioglossum foxii
Symphyotrichum lentum,Lasioglossum fuscipenne
Symphyotrichum lentum,Lasioglossum illinoense
Symphyotrichum lentum,Lasioglossum imitatum
Symphyotrichum lentum,Lasioglossum macoupinense
Symphyotrichum lentum,Lasioglossum obscurum
Symphyotrichum lentum,Lasioglossum pectorale
Symphyotrichum lentum,Lasioglossum pilosum
Symphyotrichum lentum,Lasioglossum pruinosum
Symphyotrichum lentum,Lasioglossum tegulare
Symphyotrichum lentum,Lasioglossum versatum
Symphyotrichum lentum,Lasioglossum zephyrum
Symphyotrichum lentum,Leucostoma aterrimum
Symphyotrichum lentum,Limenitis astyanax
Symphyotrichum lentum,Limnophora narona
Symphyotrichum lentum,Linnaemya comta
Symphyotrichum lentum,Liris argentatus
Symphyotrichum lentum,Lucilia sericata
Symphyotrichum lentum,Lucilia silvarum
Symphyotrichum lentum,Lycaena hyllus
Symphyotrichum lentum,Megachile brevis
Symphyotrichum lentum,Megachile centuncularis
Symphyotrichum lentum,Megachile latimanus
Symphyotrichum lentum,Megachile mendica
Symphyotrichum lentum,Megachile texana
Symphyotrichum lentum,Megacyllene robiniae
Symphyotrichum lentum,Melissodes agilis
Symphyotrichum lentum,Melissodes bimaculatus
Symphyotrichum lentum,Melissodes boltoniae
Symphyotrichum lentum,Melissodes dentiventris
Symphyotrichum lentum,Melissodes druriellus
Symphyotrichum lentum,Melissodes niveus
Symphyotrichum lentum,Melissodes trinodis
Symphyotrichum lentum,Milesia virginiensis
Symphyotrichum lentum,Musca domestica
Symphyotrichum lentum,Myospila meditabunda
Symphyotrichum lentum,Nathalis iole
Symphyotrichum lentum,Neomyia cornicina
Symphyotrichum lentum,Nomada placida
Symphyotrichum lentum,Nomada vincta
Symphyotrichum lentum,Ocyptamus fuscipennis
Symphyotrichum lentum,Orthonevra nitida
Symphyotrichum lentum,Osmia atriventris
Symphyotrichum lentum,Osmia pumila
Symphyotrichum lentum,Paradidyma singularis
Symphyotrichum lentum,Philanthus gibbosus
Symphyotrichum lentum,Philanthus politus
Symphyotrichum lentum,Philanthus ventilabris
Symphyotrichum lentum,Phoebis sennae
Symphyotrichum lentum,Phormia regina
Symphyotrichum lentum,Phyciodes tharos
Symphyotrichum lentum,Physocephala texana
Symphyotrichum lentum,Physocephala tibialis
Symphyotrichum lentum,Physoconops brachyrhynchus
Symphyotrichum lentum,Pieris rapae
Symphyotrichum lentum,Platycheirus quadratus
Symphyotrichum lentum,Poecilanthrax alcyon
Symphyotrichum lentum,Polistes annularis
Symphyotrichum lentum,Polistes carolina
Symphyotrichum lentum,Polistes fuscatus
Symphyotrichum lentum,Polites coras
Symphyotrichum lentum,Pontia protodice
Symphyotrichum lentum,Prionyx atratus
Symphyotrichum lentum,Pseudopanurgus albitarsis
Symphyotrichum lentum,Pseudopanurgus andrenoides
Symphyotrichum lentum,Pseudopanurgus compositarum
Symphyotrichum lentum,Pterallastes thoracicus
Symphyotrichum lentum,Pyrgus oileus
Symphyotrichum lentum,Pyrisitia lisa
Symphyotrichum lentum,Sericomyia chrysotoxoides
Symphyotrichum lentum,Sphecodes antennariae
Symphyotrichum lentum,Sphex ichneumoneus
Symphyotrichum lentum,Spilomyia longicornis
Symphyotrichum lentum,Stizoides renicinctus
Symphyotrichum lentum,Stomoxys calcitrans
Symphyotrichum lentum,Strymon melinus
Symphyotrichum lentum,Stylogaster biannulata
Symphyotrichum lentum,Svastra obliqua
Symphyotrichum lentum,Syritta pipiens
Symphyotrichum lentum,Syrphus ribesii
Symphyotrichum lentum,Syrphus torvus
Symphyotrichum lentum,Systoechus vulgaris
Symphyotrichum lentum,Systropus macer
Symphyotrichum lentum,Tachytes chrysopyga
Symphyotrichum lentum,Thecophora occidensis
Symphyotrichum lentum,Toxomerus geminatus
Symphyotrichum lentum,Toxomerus marginatus
Symphyotrichum lentum,Toxophora amphitea
Symphyotrichum lentum,Trichopoda pennipes
Symphyotrichum lentum,Trichopsomyia apisaon
Symphyotrichum lentum,Triepeolus cressonii
Symphyotrichum lentum,Triepeolus donatus
Symphyotrichum lentum,Triepeolus lunatus
Symphyotrichum lentum,Triepeolus micropygius
Symphyotrichum lentum,Triepeolus pectoralis
Symphyotrichum lentum,Tropidia albistylum
Symphyotrichum lentum,Tropidia mamillata
Symphyotrichum lentum,Vanessa virginiensis
Symphyotrichum lentum,Vespula germanica
Symphyotrichum lentum,Villa alternata
Symphyotrichum lentum,Villa hypomelas
Symphyotrichum lentum,Zerene cesonia
Symphyotrichum lentum,Zodion fulvifrons
Symphyotrichum novae-angliae,Andrena helianthi
Symphyotrichum novae-angliae,Andrena simplex
Symphyotrichum novae-angliae,Ceratina dupla
Symphyotrichum novae-angliae,Colletes americanus
Symphyotrichum novae-angliae,Exoprosopa fascipennis
Symphyotrichum novae-angliae,Halictus parallelus
Symphyotrichum novae-angliae,Megachile brevis
Symphyotrichum novae-angliae,Melissodes agilis
Symphyotrichum novae-angliae,Melissodes boltoniae
Symphyotrichum novae-angliae,Melissodes dentiventris
Symphyotrichum novae-angliae,Melissodes niveus
Symphyotrichum novae-angliae,Ochlodes sylvanoides
Symphyotrichum novae-angliae,Polites coras
Symphyotrichum novae-angliae,Pseudopanurgus compositarum
Symphyotrichum novae-angliae,Speyeria nokomis
Symphyotrichum novae-angliae,Stylogaster biannulata
Symphyotrichum novae-angliae,Systoechus vulgaris
Symphyotrichum novae-angliae,Tropidia mamillata
Symphyotrichum pilosum,Agapostemon sericeus
Symphyotrichum pilosum,Agapostemon splendens
Symphyotrichum pilosum,Ammophila nigricans
Symphyotrichum pilosum,Andrena accepta
Symphyotrichum pilosum,Andrena simplex
Symphyotrichum pilosum,Archytas aterrima
Symphyotrichum pilosum,Augochlorella aurata
Symphyotrichum pilosum,Belvosia bifasciata
Symphyotrichum pilosum,Belvosia unifasciata
Symphyotrichum pilosum,Bicyrtes ventralis
Symphyotrichum pilosum,Bithoracochaeta leucoprocta
Symphyotrichum pilosum,Bombus auricomus
Symphyotrichum pilosum,Bombus pensylvanicus
Symphyotrichum pilosum,Calliopsis andreniformis
Symphyotrichum pilosum,Ceratina dupla
Symphyotrichum pilosum,Cerceris bicornuta
Symphyotrichum pilosum,Cerceris clypeata
Symphyotrichum pilosum,Cerceris deserta
Symphyotrichum pilosum,Ceropales maculata
Symphyotrichum pilosum,Chaetopsis aenea
Symphyotrichum pilosum,Chlosyne nycteis
Symphyotrichum pilosum,Coelioxys rufitarsis
Symphyotrichum pilosum,Coelioxys sayi
Symphyotrichum pilosum,Colletes americanus
Symphyotrichum pilosum,Colletes eulophi
Symphyotrichum pilosum,Colletes simulans
Symphyotrichum pilosum,Cynomya cadaverina
Symphyotrichum pilosum,Diabrotica longicornis
Symphyotrichum pilosum,Dilophus serotinus
Symphyotrichum pilosum,Dioprosopa clavatus
Symphyotrichum pilosum,Elkalyce comyntas
Symphyotrichum pilosum,Epeolus autumnalis
Symphyotrichum pilosum,Epeolus bifasciatus
Symphyotrichum pilosum,Epeolus pusillus
Symphyotrichum pilosum,Epicauta pensylvanica
Symphyotrichum pilosum,Eristalinus aeneus
Symphyotrichum pilosum,Eristalis flavipes
Symphyotrichum pilosum,Eristalis stipator
Symphyotrichum pilosum,Euthera tentatrix
Symphyotrichum pilosum,Exoprosopa decora
Symphyotrichum pilosum,Exoprosopa fasciata
Symphyotrichum pilosum,Exoprosopa fascipennis
Symphyotrichum pilosum,Feltia subgothica
Symphyotrichum pilosum,Geranomyia canadensis
Symphyotrichum pilosum,Graphomya americana
Symphyotrichum pilosum,Halictus parallelus
Symphyotrichum pilosum,Halictus rubicundus
Symphyotrichum pilosum,Helophilus latifrons
Symphyotrichum pilosum,Heriades leavitti
Symphyotrichum pilosum,Heriades variolosa
Symphyotrichum pilosum,Hylaeus illinoisensis
Symphyotrichum pilosum,Larropsis distincta
Symphyotrichum pilosum,Lasioglossum anomalum
Symphyotrichum pilosum,Lasioglossum cinctipes
Symphyotrichum pilosum,Lasioglossum foxii
Symphyotrichum pilosum,Lasioglossum illinoense
Symphyotrichum pilosum,Lasioglossum imitatum
Symphyotrichum pilosum,Lasioglossum obscurum
Symphyotrichum pilosum,Lasioglossum pectorale
Symphyotrichum pilosum,Lasioglossum pruinosum
Symphyotrichum pilosum,Lasioglossum tegulare
Symphyotrichum pilosum,Lasioglossum versatum
Symphyotrichum pilosum,Lestica confluenta
Symphyotrichum pilosum,Leucostoma aterrimum
Symphyotrichum pilosum,Limnophora narona
Symphyotrichum pilosum,Megachile brevis
Symphyotrichum pilosum,Megachile inimica
Symphyotrichum pilosum,Megachile latimanus
Symphyotrichum pilosum,Megachile texana
Symphyotrichum pilosum,Megacyllene robiniae
Symphyotrichum pilosum,Melissodes boltoniae
Symphyotrichum pilosum,Melissodes niveus
Symphyotrichum pilosum,Milesia virginiensis
Symphyotrichum pilosum,Musca domestica
Symphyotrichum pilosum,Myospila meditabunda
Symphyotrichum pilosum,Nomada vincta
Symphyotrichum pilosum,Paradidyma singularis
Symphyotrichum pilosum,Philanthus ventilabris
Symphyotrichum pilosum,Physocephala texana
Symphyotrichum pilosum,Physoconops brachyrhynchus
Symphyotrichum pilosum,Platycheirus quadratus
Symphyotrichum pilosum,Polistes annularis
Symphyotrichum pilosum,Polites coras
Symphyotrichum pilosum,Prionyx atratus
Symphyotrichum pilosum,Pseudopanurgus albitarsis
Symphyotrichum pilosum,Scolia bicincta
Symphyotrichum pilosum,Sphecodes antennariae
Symphyotrichum pilosum,Sphecodes ranunculi
Symphyotrichum pilosum,Stizoides renicinctus
Symphyotrichum pilosum,Stylogaster biannulata
Symphyotrichum pilosum,Svastra obliqua
Symphyotrichum pilosum,Syrphus ribesii
Symphyotrichum pilosum,Systropus macer
Symphyotrichum pilosum,Tachytes chrysopyga
Symphyotrichum pilosum,Thecophora occidensis
Symphyotrichum pilosum,Toxophora amphitea
Symphyotrichum pilosum,Trichopsomyia apisaon
Symphyotrichum pilosum,Triepeolus cressonii
Symphyotrichum pilosum,Triepeolus donatus
Symphyotrichum pilosum,Triepeolus lunatus
Symphyotrichum pilosum,Triepeolus micropygius
Symphyotrichum pilosum,Tropidia albistylum
Symphyotrichum pilosum,Tropidia mamillata
Symphyotrichum pilosum,Vespula germanica
Symphyotrichum pilosum,Vespula squamosa
Symphyotrichum pilosum,Villa alternata
Symphyotrichum pilosum,Villa hypomelas
Symphyotrichum pilosum,Zodion fulvifrons
Symphytum officinale,Aglais io
Symphytum officinale,Aglais urticae
Symphytum officinale,Anthocharis cardamines
Symphytum officinale,Bombus centralis
Symphytum officinale,Bombus hypnorum
Symphytum officinale,Bombus lapidarius
Symphytum officinale,Bombus nevadensis
Symphytum officinale,Carterocephalus palaemon
Symphytum officinale,Pyrausta orphisalis
Symphytum officinale,Vanessa cardui
Synandra hispidula,Bombus
Syngonanthus flavidulus,Agapostemon splendens
Syngonanthus flavidulus,Anthidiellum perplexum
Syngonanthus flavidulus,Ceratina dupla
Syngonanthus flavidulus,Colletes mandibularis
Syngonanthus flavidulus,Halictus ligatus
Syngonanthus flavidulus,Hoplitis truncata
Syngonanthus flavidulus,Hylaeus confluens
Syngonanthus flavidulus,Lasioglossum nymphale
Syngonanthus flavidulus,Lasioglossum tegulare
Syngonanthus flavidulus,Megachile georgica
Syngonanthus flavidulus,Sphecodes heraclei
Syringa vulgaris,Aglais io
Syringa vulgaris,Aglais urticae
Syringa vulgaris,Anthocharis cardamines
Syringa vulgaris,Bombus hypnorum
Syringa vulgaris,Celastrina argiolus
Syringa vulgaris,Eristalis tenax
Syringa vulgaris,Papilio machaon
Syringa vulgaris,Pieris napi
Syringa vulgaris,Pieris rapae
Syringa vulgaris,Syrphus vitripennis
Syringa vulgaris,Vanessa cardui
Taenidia integerrima,Althaeus hibisci
Taenidia integerrima,Andrena cressonii
Taenidia integerrima,Andrena heraclei
Taenidia integerrima,Andrena imitatrix
Taenidia integerrima,Andrena nasonii
Taenidia integerrima,Andrena nuda
Taenidia integerrima,Andrena personata
Taenidia integerrima,Andrena robertsonii
Taenidia integerrima,Apis mellifera
Taenidia integerrima,Augochlora pura
Taenidia integerrima,Augochlorella aurata
Taenidia integerrima,Bithoracochaeta leucoprocta
Taenidia integerrima,Centrinites strigicollis
Taenidia integerrima,Ceratina calcarata
Taenidia integerrima,Ceratina dupla
Taenidia integerrima,Chalybion californicum
Taenidia integerrima,Chlosyne nycteis
Taenidia integerrima,Colletes aestivalis
Taenidia integerrima,Ectemnius lapidarius
Taenidia integerrima,Ectemnius trifasciatus
Taenidia integerrima,Eumenes fraternus
Taenidia integerrima,Eupeodes americanus
Taenidia integerrima,Gasteruption assectator
Taenidia integerrima,Halictus ligatus
Taenidia integerrima,Hemipenthes sinuosus
Taenidia integerrima,Hoplitis pilosifrons
Taenidia integerrima,Hylaeus affinis
Taenidia integerrima,Hylaeus illinoisensis
Taenidia integerrima,Hylaeus modestus
Taenidia integerrima,Hylaeus saniculae
Taenidia integerrima,Lasioglossum foxii
Taenidia integerrima,Lasioglossum imitatum
Taenidia integerrima,Lasioglossum pectorale
Taenidia integerrima,Lasioglossum tegulare
Taenidia integerrima,Lasioglossum versatum
Taenidia integerrima,Lestica confluenta
Taenidia integerrima,Mordella marginata
Taenidia integerrima,Nomada affabilis
Taenidia integerrima,Nomada articulata
Taenidia integerrima,Nomada cressonii
Taenidia integerrima,Nomada cuneata
Taenidia integerrima,Nomada denticulata
Taenidia integerrima,Ocyptamus fuscipennis
Taenidia integerrima,Orthonevra nitida
Taenidia integerrima,Osmia lignaria
Taenidia integerrima,Phelister subrotundus
Taenidia integerrima,Sceliphron caementarium
Taenidia integerrima,Sphecodes dichrous
Taenidia integerrima,Sphecodes ranunculi
Taenidia integerrima,Syritta pipiens
Taenidia integerrima,Syrphus ribesii
Taenidia integerrima,Thaumatomyia glabra
Taenidia integerrima,Thecophora occidensis
Taenidia integerrima,Toxomerus marginatus
Taenidia integerrima,Toxophora amphitea
Taenidia integerrima,Zodion fulvifrons
Tanacetum parthenium,Aglais urticae
Tanacetum parthenium,Aricia agestis
Tanacetum parthenium,Celastrina argiolus
Tanacetum parthenium,Crambus perlellus
Tanacetum parthenium,Episyrphus balteatus
Tanacetum parthenium,Heriades truncorum
Tanacetum parthenium,Hylaeus annulatus
Tanacetum parthenium,Hylaeus hyalinatus
Tanacetum parthenium,Hylaeus leptocephalus
Tanacetum parthenium,Hylaeus pictipes
Tanacetum parthenium,Hylaeus punctatus
Tanacetum parthenium,Lithurgus chrysurus
Tanacetum parthenium,Lycaena phlaeas
Tanacetum parthenium,Pararge aegeria
Tanacetum parthenium,Pieris napi
Tanacetum parthenium,Pieris rapae
Tanacetum parthenium,Polites coras
Tanacetum parthenium,Polygonia c-album
Tanacetum parthenium,Polyommatus icarus
Tanacetum parthenium,Pygodasis ephippium
Tanacetum parthenium,Syrphus opinator
Tanacetum parthenium,Syrphus vitripennis
Tanacetum parthenium,Thymelicus lineola
Tanacetum parthenium,Vanessa cardui
Tanacetum vulgare,Anarta trifolii
Tanacetum vulgare,Anopheles earlei
Tanacetum vulgare,Anthonomus rubi
Tanacetum vulgare,Anthophila fabriciana
Tanacetum vulgare,Aricia agestis
Tanacetum vulgare,Athalia rosae
Tanacetum vulgare,Autographa gamma
Tanacetum vulgare,Bicyrtes ventralis
Tanacetum vulgare,Bombus
Tanacetum vulgare,Bombus lapidarius
Tanacetum vulgare,Bombus nevadensis
Tanacetum vulgare,Celastrina argiolus
Tanacetum vulgare,Choreutis pariana
Tanacetum vulgare,Coccinella septempunctata
Tanacetum vulgare,Crambus pascuella
Tanacetum vulgare,Crambus perlellus
Tanacetum vulgare,Dichrorampha petiverella
Tanacetum vulgare,Drosophila suzukii
Tanacetum vulgare,Episyrphus balteatus
Tanacetum vulgare,Eristalis nemorum
Tanacetum vulgare,Eumenes crucifera
Tanacetum vulgare,Heriades truncorum
Tanacetum vulgare,Hydraecia micacea
Tanacetum vulgare,Idaea dimidiata
Tanacetum vulgare,Isophrictis striatella
Tanacetum vulgare,Leptinotarsa decemlineata
Tanacetum vulgare,Lycaena phlaeas
Tanacetum vulgare,Noctua pronuba
Tanacetum vulgare,Penthetria heteroptera
Tanacetum vulgare,Philanthus gibbosus
Tanacetum vulgare,Plutella xylostella
Tanacetum vulgare,Poecilanthrax tegminipennis
Tanacetum vulgare,Pontia occidentalis
Tanacetum vulgare,Synchlora aerata
Tanacetum vulgare,Syrphus vitripennis
Tanacetum vulgare,Vespula atropilosa
Tanacetum vulgare,Vespula consobrina
Taraxacum erythrospermum,Copestylum avidum
Taraxacum officinale,Episyrphus balteatus
Taraxacum officinale,Eristalis stipator
Taraxacum officinale,Eristalis tenax
Taraxacum officinale,Eupeodes volucris
Taraxacum officinale,Halictus confusus
Taraxacum officinale,Halictus virgatellus
Taraxacum officinale,Osmia bucephala
Teesdalia nudicaulis,Hylaeus hyalinatus
Tellima grandiflora,Bombus hypnorum
Tephrosia chrysophylla,Megachile georgica
Tetradymia canescens,Icaricia icarioides
Tetraneuris acaulis,Occidryas anicia
Tetraneuris acaulis,Papilio zelicaon
Tetraneuris acaulis,Parnassius phoebus
Tetraneuris acaulis,Speyeria mormonia
Teucrium canadense,Anthophora walshii
Teucrium canadense,Archilochus colubris
Teucrium canadense,Atrytone delaware
Teucrium canadense,Augochlora pura
Teucrium canadense,Augochlorella aurata
Teucrium canadense,Battus philenor
Teucrium canadense,Bembix nubilipennis
Teucrium canadense,Ceratina dupla
Teucrium canadense,Elkalyce comyntas
Teucrium canadense,Euptoieta claudia
Teucrium canadense,Exoprosopa fasciata
Teucrium canadense,Exoprosopa fascipennis
Teucrium canadense,Halictus ligatus
Teucrium canadense,Halictus rubicundus
Teucrium canadense,Hemierana marginata
Teucrium canadense,Hemipenthes sinuosus
Teucrium canadense,Hoplitis pilosifrons
Teucrium canadense,Megachile brevis
Teucrium canadense,Megachile inimica
Teucrium canadense,Megachile latimanus
Teucrium canadense,Megachile mendica
Teucrium canadense,Melissodes agilis
Teucrium canadense,Melissodes comptoides
Teucrium canadense,Melissodes tepaneca
Teucrium canadense,Melissodes trinodis
Teucrium canadense,Melissodes vernoniae
Teucrium canadense,Nastra lherminier
Teucrium canadense,Phyciodes tharos
Teucrium canadense,Physocephala texana
Teucrium canadense,Polistes fuscatus
Teucrium canadense,Stylogaster biannulata
Teucrium canadense,Svastra obliqua
Teucrium canadense,Systoechus vulgaris
Teucrium canadense,Triepeolus concavus
Teucrium canadense,Triepeolus lunatus
Teucrium canadense,Triepeolus simplex
Thalictrum alpinum,Episyrphus balteatus
Thalictrum dasycarpum,Apis mellifera
Thalictrum dasycarpum,Chlosyne gorgone
Thalictrum dasycarpum,Epargyreus clarus
Thelesperma filifolium,Hesperia uncas
Thelesperma filifolium,Plebejus lupini
Thelesperma filifolium,Pontia protodice
Thelesperma filifolium,Pyrgus communis
Thelesperma megapotamicum,Poladryas minuta
Thelesperma megapotamicum,Strymon melinus
Thermopsis montana,Bombus
Thermopsis montana,Hesperia pahaska
Thlaspi arvense,Anthocharis cardamines
Thlaspi arvense,Apis mellifera
Thlaspi arvense,Callophrys dumetorum
Thlaspi arvense,Coccinella septempunctata
Thlaspi arvense,Echinargus isola
Thlaspi arvense,Eristalis dimidiata
Thlaspi arvense,Erynnis afranius
Thlaspi arvense,Erynnis pacuvius
Thlaspi arvense,Erynnis persius
Thlaspi arvense,Euchloe ausonides
Thlaspi arvense,Euchloe olympia
Thlaspi arvense,Glaucopsyche lygdamus
Thlaspi arvense,Phyllotreta striolata
Thlaspi arvense,Pieris napi
Thlaspi arvense,Pontia sisymbrii
Thlaspi arvense,Syrphus opinator
Thlaspi arvense,Syrphus ribesii
Thlaspi arvense,Thecla sheridanii
Thunbergia alata,Apis mellifera
Thymus pulegioides,Aglais io
Thymus pulegioides,Araschnia levana
Thymus pulegioides,Aricia agestis
Thymus pulegioides,Autographa gamma
Thymus pulegioides,Bellardia vulgaris
Thymus pulegioides,Bombus
Thymus pulegioides,Bombus bohemicus
Thymus pulegioides,Bombus hypnorum
Thymus pulegioides,Bombus lapidarius
Thymus pulegioides,Celastrina argiolus
Thymus pulegioides,Chelostoma rapunculi
Thymus pulegioides,Chrysotoxum arcuatum
Thymus pulegioides,Colias hyale
Thymus pulegioides,Episyrphus balteatus
Thymus pulegioides,Eristalis nemorum
Thymus pulegioides,Eristalis tenax
Thymus pulegioides,Euphydryas aurinia
Thymus pulegioides,Halictus rubicundus
Thymus pulegioides,Helophilus hybridus
Thymus pulegioides,Hesperia comma
Thymus pulegioides,Lasioglossum zonulum
Thymus pulegioides,Lucilia sericata
Thymus pulegioides,Lycaena phlaeas
Thymus pulegioides,Merodon equestris
Thymus pulegioides,Neomyia cornicina
Thymus pulegioides,Pieris napi
Thymus pulegioides,Pollenia pediculata
Thymus pulegioides,Sarcophaga subvicina
Thymus pulegioides,Syritta pipiens
Thymus pulegioides,Syrphus ribesii
Thymus pulegioides,Thymelicus lineola
Thymus pulegioides,Vanessa atalanta
Thymus pulegioides,Vanessa cardui
Tilia americana,Allograpta obliqua
Tilia americana,Archytas aterrima
Tilia americana,Asterocampa celtis
Tilia americana,Augochlorella aurata
Tilia americana,Bombus pensylvanicus
Tilia americana,Calliphora vicina
Tilia americana,Eupeodes americanus
Tilia americana,Graphomya americana
Tilia americana,Halictus rubicundus
Tilia americana,Lasioglossum illinoense
Tilia americana,Lasioglossum imitatum
Tilia americana,Lasioglossum pectorale
Tilia americana,Lasioglossum versatum
Tilia americana,Nymphalis antiopa
Tilia americana,Orthonevra nitida
Tilia americana,Papilio multicaudata
Tilia americana,Phormia regina
Tilia americana,Polygonia interrogationis
Tilia americana,Sphex ichneumoneus
Tolpis barbata,Episyrphus balteatus
Torilis arvensis,Aricia agestis
Torilis arvensis,Augochlorella aurata
Torilis arvensis,Bombus
Torilis arvensis,Bombus lapidarius
Torilis arvensis,Brassicogethes aeneus
Torilis arvensis,Celastrina ladon
Torilis arvensis,Cerceris clypeata
Torilis arvensis,Chauliognathus marginatus
Torilis arvensis,Chloromyia formosa
Torilis arvensis,Cylindromyia signatipennis
Torilis arvensis,Elkalyce comyntas
Torilis arvensis,Epargyreus clarus
Torilis arvensis,Episyrphus balteatus
Torilis arvensis,Eristalis arbustorum
Torilis arvensis,Eristalis tenax
Torilis arvensis,Hemipenthes sinuosus
Torilis arvensis,Hylaeus annulatus
Torilis arvensis,Hylaeus hyalinatus
Torilis arvensis,Hylaeus leptocephalus
Torilis arvensis,Hylaeus pictipes
Torilis arvensis,Hylaeus punctatus
Torilis arvensis,Lasioglossum anomalum
Torilis arvensis,Lasioglossum hitchensi
Torilis arvensis,Lasioglossum imitatum
Torilis arvensis,Megachile campanulae
Torilis arvensis,Minettia fasciata
Torilis arvensis,Myathropa florea
Torilis arvensis,Polistes dominula
Torilis arvensis,Rhagonycha fulva
Torilis arvensis,Scathophaga stercoraria
Torilis arvensis,Syrphus ribesii
Torilis arvensis,Syrphus vitripennis
Torilis arvensis,Trichiotinus affinis
Torilis arvensis,Trichodes apiarius
Torilis arvensis,Trigonopeltastes delta
Torilis japonica,Amphipyra tragopoginis
Torilis japonica,Anthophila fabriciana
Torilis japonica,Anthrenus verbasci
Torilis japonica,Apis mellifera
Torilis japonica,Cantharis rufa
Torilis japonica,Chloromyia formosa
Torilis japonica,Coccinella septempunctata
Torilis japonica,Coenosia tigrina
Torilis japonica,Ectemnius cephalotes
Torilis japonica,Ectemnius continuus
Torilis japonica,Epistrophe grossulariae
Torilis japonica,Episyrphus balteatus
Torilis japonica,Eristalis arbustorum
Torilis japonica,Eristalis nemorum
Torilis japonica,Eristalis tenax
Torilis japonica,Musca autumnalis
Torilis japonica,Myathropa florea
Torilis japonica,Neomyia cornicina
Torilis japonica,Paragus haemorrhous
Torilis japonica,Pollenia angustigena
Torilis japonica,Pollenia pediculata
Torilis japonica,Pollenia rudis
Torilis japonica,Rhagonycha fulva
Torilis japonica,Sarcophaga subvicina
Torilis japonica,Syritta pipiens
Torilis japonica,Syrphus ribesii
Torilis japonica,Syrphus vitripennis
Torilis nodosa,Pararge aegeria
Townsendia grandiflora,Erynnis persius
Townsendia grandiflora,Euptoieta claudia
Townsendia grandiflora,Incisalia eryphon
Townsendia grandiflora,Papilio zelicaon
Toxicodendron radicans,Bombus affinis
Toxicodendron rydbergii,Cyaniris neglecta
Toxicoscordion venenosum,Mitoura gryneus
Tradescantia fluminensis,Episyrphus balteatus
Tradescantia occidentalis,Bombus
Tradescantia ohiensis,Anthidium manicatum
Tradescantia ohiensis,Halictus ligatus
Tradescantia ohiensis,Lon zabulon
Tradescantia virginiana,Allograpta obliqua
Tradescantia virginiana,Andrena cressonii
Tradescantia virginiana,Andrena personata
Tradescantia virginiana,Augochlora pura
Tradescantia virginiana,Augochlorella aurata
Tradescantia virginiana,Bombus auricomus
Tradescantia virginiana,Bombus pensylvanicus
Tradescantia virginiana,Bombus vagans
Tradescantia virginiana,Centrinites strigicollis
Tradescantia virginiana,Ceratina dupla
Tradescantia virginiana,Ceratina strenua
Tradescantia virginiana,Eristalis dimidiata
Tradescantia virginiana,Eristalis tenax
Tradescantia virginiana,Eucera dubitata
Tradescantia virginiana,Halictus ligatus
Tradescantia virginiana,Lasioglossum coriaceum
Tradescantia virginiana,Lasioglossum pectorale
Tradescantia virginiana,Lasioglossum pruinosum
Tradescantia virginiana,Lasioglossum tegulare
Tradescantia virginiana,Lasioglossum versatum
Tradescantia virginiana,Megachile brevis
Tradescantia virginiana,Osmia pumila
Tradescantia virginiana,Syrphus ribesii
Tradescantia virginiana,Tropidia mamillata
Tragopogon dubius,Bombus huntii
Tragopogon dubius,Bombus rufocinctus
Tragopogon dubius,Episyrphus balteatus
Tragopogon dubius,Heriades truncorum
Tragopogon dubius,Hylaeus annulatus
Tragopogon dubius,Hylaeus hyalinatus
Tragopogon dubius,Hylaeus leptocephalus
Tragopogon dubius,Hylaeus pictipes
Tragopogon dubius,Hylaeus punctatus
Tragopogon dubius,Lithurgus chrysurus
Tragopogon dubius,Malachius aeneus
Tragopogon dubius,Toxomerus marginatus
Tragopogon dubius,Vanessa cardui
Tragopogon pratensis,Bombus lapidarius
Tragopogon pratensis,Bombus rufocinctus
Tragopogon pratensis,Delia radicum
Tragopogon pratensis,Episyrphus balteatus
Tragopogon pratensis,Heriades truncorum
Tragopogon pratensis,Hylaeus annulatus
Tragopogon pratensis,Hylaeus hyalinatus
Tragopogon pratensis,Hylaeus leptocephalus
Tragopogon pratensis,Hylaeus pictipes
Tragopogon pratensis,Hylaeus punctatus
Tragopogon pratensis,Lithurgus chrysurus
Triadica sebifera,Apis mellifera
Trichostema dichotomum,Caupolicana electa
Trichostema lanceolatum,Anthidium edwardsii
Trichostema lanceolatum,Halictus tripartitus
Trichostema lanceolatum,Xylocopa tabaniformis
Trifolium angustifolium,Aglais io
Trifolium angustifolium,Andrena wilkella
Trifolium angustifolium,Anthidium oblongatum
Trifolium angustifolium,Aricia agestis
Trifolium angustifolium,Bombus lapidarius
Trifolium angustifolium,Colias croceus
Trifolium angustifolium,Diasemiopsis ramburialis
Trifolium angustifolium,Icaricia acmon
Trifolium angustifolium,Lycaena phlaeas
Trifolium angustifolium,Megachile ericetorum
Trifolium angustifolium,Megachile rotundata
Trifolium angustifolium,Osmia inermis
Trifolium angustifolium,Papilio machaon
Trifolium angustifolium,Pollenia pediculata
Trifolium angustifolium,Scaptomyza pallida
Trifolium angustifolium,Scathophaga stercoraria
Trifolium angustifolium,Syrphus ribesii
Trifolium angustifolium,Thymelicus lineola
Trifolium arvense,Aglais io
Trifolium arvense,Anthidium oblongatum
Trifolium arvense,Aricia agestis
Trifolium arvense,Bombus lapidarius
Trifolium arvense,Colias croceus
Trifolium arvense,Lycaena phlaeas
Trifolium arvense,Megachile ericetorum
Trifolium arvense,Megachile rotundata
Trifolium arvense,Osmia inermis
Trifolium arvense,Papilio machaon
Trifolium arvense,Pollenia pediculata
Trifolium arvense,Polyommatus icarus
Trifolium arvense,Scaptomyza pallida
Trifolium arvense,Scathophaga stercoraria
Trifolium arvense,Syrphus ribesii
Trifolium arvense,Thymelicus lineola
Trifolium arvense,Vanessa cardui
Trifolium aureum,Aglais io
Trifolium aureum,Anthidium oblongatum
Trifolium aureum,Aricia agestis
Trifolium aureum,Boloria selene
Trifolium aureum,Bombus hypnorum
Trifolium aureum,Bombus lapidarius
Trifolium aureum,Colias croceus
Trifolium aureum,Lycaena phlaeas
Trifolium aureum,Megachile ericetorum
Trifolium aureum,Megachile rotundata
Trifolium aureum,Osmia inermis
Trifolium aureum,Papilio machaon
Trifolium aureum,Pieris rapae
Trifolium aureum,Pollenia pediculata
Trifolium aureum,Polyommatus icarus
Trifolium aureum,Scaptomyza pallida
Trifolium aureum,Scathophaga stercoraria
Trifolium aureum,Syritta pipiens
Trifolium aureum,Syrphus ribesii
Trifolium aureum,Thymelicus lineola
Trifolium aureum,Vanessa atalanta
Trifolium barbigerum,Bombus melanopygus
Trifolium bifidum,Icaricia acmon
Trifolium campestre,Aglais io
Trifolium campestre,Anthidium oblongatum
Trifolium campestre,Aricia agestis
Trifolium campestre,Augochlorella aurata
Trifolium campestre,Boloria selene
Trifolium campestre,Bombus hypnorum
Trifolium campestre,Bombus lapidarius
Trifolium campestre,Celastrina ladon
Trifolium campestre,Colias croceus
Trifolium campestre,Cylindromyia signatipennis
Trifolium campestre,Elkalyce comyntas
Trifolium campestre,Episyrphus balteatus
Trifolium campestre,Eristalis arbustorum
Trifolium campestre,Eristalis tenax
Trifolium campestre,Eupeodes latifasciatus
Trifolium campestre,Halictus confusus
Trifolium campestre,Halictus rubicundus
Trifolium campestre,Hemipenthes sinuosus
Trifolium campestre,Lasioglossum hitchensi
Trifolium campestre,Lycaena phlaeas
Trifolium campestre,Megachile ericetorum
Trifolium campestre,Megachile mendica
Trifolium campestre,Megachile rotundata
Trifolium campestre,Meliscaeva cinctella
Trifolium campestre,Osmia inermis
Trifolium campestre,Papilio machaon
Trifolium campestre,Pararge aegeria
Trifolium campestre,Pieris napi
Trifolium campestre,Pieris rapae
Trifolium campestre,Pollenia pediculata
Trifolium campestre,Polyommatus icarus
Trifolium campestre,Scaptomyza pallida
Trifolium campestre,Scathophaga stercoraria
Trifolium campestre,Syritta pipiens
Trifolium campestre,Syrphus ribesii
Trifolium campestre,Thymelicus lineola
Trifolium campestre,Trichopoda pennipes
Trifolium campestre,Vanessa atalanta
Trifolium dasyphyllum,Boloria eunomia
Trifolium dasyphyllum,Bombus
Trifolium dubium,Aglais io
Trifolium dubium,Agrotis ipsilon
Trifolium dubium,Amphipyra tragopoginis
Trifolium dubium,Andrena wilkella
Trifolium dubium,Anthidium oblongatum
Trifolium dubium,Apamea sordens
Trifolium dubium,Apis mellifera
Trifolium dubium,Aricia agestis
Trifolium dubium,Autographa gamma
Trifolium dubium,Bombus
Trifolium dubium,Bombus hypnorum
Trifolium dubium,Bombus lapidarius
Trifolium dubium,Caradrina morpheus
Trifolium dubium,Chloromyia formosa
Trifolium dubium,Coccinella septempunctata
Trifolium dubium,Colias croceus
Trifolium dubium,Dysstroma truncata
Trifolium dubium,Epirrhoe alternata
Trifolium dubium,Epistrophe grossulariae
Trifolium dubium,Eristalis tenax
Trifolium dubium,Halictus confusus
Trifolium dubium,Hydraecia micacea
Trifolium dubium,Hydriomena furcata
Trifolium dubium,Idaea dimidiata
Trifolium dubium,Leucoma salicis
Trifolium dubium,Lycaena phlaeas
Trifolium dubium,Megachile ericetorum
Trifolium dubium,Megachile rotundata
Trifolium dubium,Mesapamea secalis
Trifolium dubium,Noctua comes
Trifolium dubium,Noctua pronuba
Trifolium dubium,Oligia strigilis
Trifolium dubium,Osmia inermis
Trifolium dubium,Papilio machaon
Trifolium dubium,Phragmatobia fuliginosa
Trifolium dubium,Pieris rapae
Trifolium dubium,Pollenia pediculata
Trifolium dubium,Polyommatus icarus
Trifolium dubium,Scaptomyza pallida
Trifolium dubium,Scathophaga stercoraria
Trifolium dubium,Syritta pipiens
Trifolium dubium,Syrphus ribesii
Trifolium dubium,Thymelicus lineola
Trifolium dubium,Tyria jacobaeae
Trifolium dubium,Vanessa atalanta
Trifolium dubium,Xestia c-nigrum
Trifolium dubium,Xestia xanthographa
Trifolium fragiferum,Aglais io
Trifolium fragiferum,Andrena wilkella
Trifolium fragiferum,Anthidium oblongatum
Trifolium fragiferum,Aricia agestis
Trifolium fragiferum,Bombus lapidarius
Trifolium fragiferum,Lasioglossum leucozonium
Trifolium fragiferum,Lycaena dione
Trifolium fragiferum,Lycaena phlaeas
Trifolium fragiferum,Megachile ericetorum
Trifolium fragiferum,Megachile rotundata
Trifolium fragiferum,Osmia inermis
Trifolium fragiferum,Papilio machaon
Trifolium fragiferum,Pholisora catullus
Trifolium fragiferum,Phyciodes tharos
Trifolium fragiferum,Polites sabuleti
Trifolium fragiferum,Pollenia pediculata
Trifolium fragiferum,Pyrgus communis
Trifolium fragiferum,Scaptomyza pallida
Trifolium fragiferum,Scathophaga stercoraria
Trifolium fragiferum,Syrphus ribesii
Trifolium fragiferum,Thymelicus lineola
Trifolium glomeratum,Aglais io
Trifolium glomeratum,Andrena wilkella
Trifolium glomeratum,Anthidium oblongatum
Trifolium glomeratum,Aricia agestis
Trifolium glomeratum,Bombus lapidarius
Trifolium glomeratum,Icaricia acmon
Trifolium glomeratum,Lycaena phlaeas
Trifolium glomeratum,Megachile ericetorum
Trifolium glomeratum,Megachile rotundata
Trifolium glomeratum,Osmia inermis
Trifolium glomeratum,Papilio machaon
Trifolium glomeratum,Pollenia pediculata
Trifolium glomeratum,Scaptomyza pallida
Trifolium glomeratum,Scathophaga stercoraria
Trifolium glomeratum,Syrphus ribesii
Trifolium glomeratum,Thymelicus lineola
Trifolium hirtum,Coccinella trifasciata
Trifolium hirtum,Icaricia icarioides
Trifolium hirtum,Icaricia saepiolus
Trifolium hybridum,Aglais io
Trifolium hybridum,Aglais urticae
Trifolium hybridum,Aricia agestis
Trifolium hybridum,Bombus
Trifolium hybridum,Bombus hypnorum
Trifolium hybridum,Bombus lapidarius
Trifolium hybridum,Calliopsis andreniformis
Trifolium hybridum,Chlosyne nycteis
Trifolium hybridum,Colias croceus
Trifolium hybridum,Colias philodice
Trifolium hybridum,Epeolus interruptus
Trifolium hybridum,Eristalis tenax
Trifolium hybridum,Halictus confusus
Trifolium hybridum,Halictus ligatus
Trifolium hybridum,Hoplitis pilosifrons
Trifolium hybridum,Icaricia saepiolus
Trifolium hybridum,Lasioglossum versatum
Trifolium hybridum,Nomada affabilis
Trifolium hybridum,Oarisma garita
Trifolium hybridum,Osmia conjuncta
Trifolium hybridum,Osmia cordata
Trifolium hybridum,Pieris napi
Trifolium hybridum,Plebejus saepiolus
Trifolium hybridum,Polyommatus icarus
Trifolium hybridum,Speyeria cybele
Trifolium hybridum,Syritta pipiens
Trifolium hybridum,Vanessa atalanta
Trifolium hybridum,Zodion fulvifrons
Trifolium incarnatum,Aglais io
Trifolium incarnatum,Andrena wilkella
Trifolium incarnatum,Anthidium oblongatum
Trifolium incarnatum,Aricia agestis
Trifolium incarnatum,Bombus
Trifolium incarnatum,Bombus lapidarius
Trifolium incarnatum,Bombus ternarius
Trifolium incarnatum,Colias hyale
Trifolium incarnatum,Lycaena phlaeas
Trifolium incarnatum,Megachile ericetorum
Trifolium incarnatum,Megachile rotundata
Trifolium incarnatum,Osmia inermis
Trifolium incarnatum,Papilio machaon
Trifolium incarnatum,Pollenia pediculata
Trifolium incarnatum,Polyommatus icarus
Trifolium incarnatum,Scaptomyza pallida
Trifolium incarnatum,Scathophaga stercoraria
Trifolium incarnatum,Syrphus ribesii
Trifolium incarnatum,Thymelicus lineola
Trifolium longipes,Bombus vosnesenskii
Trifolium longipes,Erynnis pacuvius
Trifolium longipes,Icaricia icarioides
Trifolium longipes,Oeneis nevadensis
Trifolium longipes,Plebejus saepiolus
Trifolium pratense,Acalymma vittatum
Trifolium pratense,Aglais io
Trifolium pratense,Aglais urticae
Trifolium pratense,Agrotis ipsilon
Trifolium pratense,Allograpta exotica
Trifolium pratense,Amphipyra tragopoginis
Trifolium pratense,Anthidium psoraleae
Trifolium pratense,Anthocharis cardamines
Trifolium pratense,Anthophora ursina
Trifolium pratense,Apamea sordens
Trifolium pratense,Araschnia levana
Trifolium pratense,Aricia agestis
Trifolium pratense,Atalopedes campestris
Trifolium pratense,Autographa gamma
Trifolium pratense,Bellardia vulgaris
Trifolium pratense,Boloria selene
Trifolium pratense,Bombus bohemicus
Trifolium pratense,Bombus hypnorum
Trifolium pratense,Bombus lapidarius
Trifolium pratense,Botanophila fugax
Trifolium pratense,Brassicogethes aeneus
Trifolium pratense,Calliopsis andreniformis
Trifolium pratense,Caradrina morpheus
Trifolium pratense,Carterocephalus palaemon
Trifolium pratense,Celastrina argiolus
Trifolium pratense,Chloromyia formosa
Trifolium pratense,Colias alexandra
Trifolium pratense,Colias christina
Trifolium pratense,Colias croceus
Trifolium pratense,Colias hyale
Trifolium pratense,Cryptocephalus castaneus
Trifolium pratense,Delia platura
Trifolium pratense,Dysstroma truncata
Trifolium pratense,Echinargus isola
Trifolium pratense,Elkalyce comyntas
Trifolium pratense,Epirrhoe alternata
Trifolium pratense,Episyrphus balteatus
Trifolium pratense,Eristalinus aeneus
Trifolium pratense,Eristalis rupium
Trifolium pratense,Euchloe ausonides
Trifolium pratense,Eudasyphora cyanicolor
Trifolium pratense,Eupeodes latifasciatus
Trifolium pratense,Exoprosopa fasciata
Trifolium pratense,Galgula partita
Trifolium pratense,Hesperia comma
Trifolium pratense,Hesperia ottoe
Trifolium pratense,Hoplitis pilosifrons
Trifolium pratense,Hydraecia micacea
Trifolium pratense,Hydriomena furcata
Trifolium pratense,Hypera meles
Trifolium pratense,Icaricia icarioides
Trifolium pratense,Idaea dimidiata
Trifolium pratense,Lapposyrphus lapponicus
Trifolium pratense,Lasioglossum leucozonium
Trifolium pratense,Lasioglossum zonulum
Trifolium pratense,Leucoma salicis
Trifolium pratense,Lonchoptera bifurcata
Trifolium pratense,Lucilia silvarum
Trifolium pratense,Lycaena phlaeas
Trifolium pratense,Macroglossum stellatarum
Trifolium pratense,Mastor vialis
Trifolium pratense,Megachile brevis
Trifolium pratense,Megachile ericetorum
Trifolium pratense,Meliscaeva cinctella
Trifolium pratense,Mesapamea secalis
Trifolium pratense,Musca autumnalis
Trifolium pratense,Nephrotoma appendiculata
Trifolium pratense,Noctua comes
Trifolium pratense,Noctua pronuba
Trifolium pratense,Ochlodes snowi
Trifolium pratense,Oligia strigilis
Trifolium pratense,Osmia caerulescens
Trifolium pratense,Osmia cordata
Trifolium pratense,Papilio machaon
Trifolium pratense,Paragus haemorrhous
Trifolium pratense,Pararge aegeria
Trifolium pratense,Phragmatobia fuliginosa
Trifolium pratense,Pieris napi
Trifolium pratense,Piruna pirus
Trifolium pratense,Plebejus saepiolus
Trifolium pratense,Polites coras
Trifolium pratense,Polites mystic
Trifolium pratense,Pollenia pediculata
Trifolium pratense,Pollenia rudis
Trifolium pratense,Scathophaga stercoraria
Trifolium pratense,Speyeria aphrodite
Trifolium pratense,Speyeria atlantis
Trifolium pratense,Speyeria cybele
Trifolium pratense,Speyeria edwardsii
Trifolium pratense,Speyeria mormonia
Trifolium pratense,Speyeria nokomis
Trifolium pratense,Speyeria zerene
Trifolium pratense,Syritta pipiens
Trifolium pratense,Syrphus ribesii
Trifolium pratense,Syrphus torvus
Trifolium pratense,Thorybes pylades
Trifolium pratense,Tyria jacobaeae
Trifolium pratense,Vespula germanica
Trifolium pratense,Xestia c-nigrum
Trifolium pratense,Xestia xanthographa
Trifolium repens,Adalia bipunctata
Trifolium repens,Agapostemon sericeus
Trifolium repens,Aglais io
Trifolium repens,Aglais urticae
Trifolium repens,Agrotis ipsilon
Trifolium repens,Albuna pyramidalis
Trifolium repens,Ammophila nigricans
Trifolium repens,Ammophila procera
Trifolium repens,Amphipyra tragopoginis
Trifolium repens,Andrena cressonii
Trifolium repens,Anthidium psoraleae
Trifolium repens,Anthocharis cardamines
Trifolium repens,Anthophora ursina
Trifolium repens,Apamea sordens
Trifolium repens,Araschnia levana
Trifolium repens,Aricia agestis
Trifolium repens,Atalopedes campestris
Trifolium repens,Athalia rosae
Trifolium repens,Autographa gamma
Trifolium repens,Boloria selene
Trifolium repens,Bombus bohemicus
Trifolium repens,Bombus hypnorum
Trifolium repens,Bombus lapidarius
Trifolium repens,Bombylius atriceps
Trifolium repens,Botanophila fugax
Trifolium repens,Caradrina morpheus
Trifolium repens,Celastrina argiolus
Trifolium repens,Ceratina dupla
Trifolium repens,Cheilosia albitarsis
Trifolium repens,Chloromyia formosa
Trifolium repens,Coccinella septempunctata
Trifolium repens,Coelioxys sayi
Trifolium repens,Coenonympha tullia
Trifolium repens,Colias croceus
Trifolium repens,Delia platura
Trifolium repens,Dysstroma truncata
Trifolium repens,Elkalyce comyntas
Trifolium repens,Epeolus bifasciatus
Trifolium repens,Epeolus interruptus
Trifolium repens,Epirrhoe alternata
Trifolium repens,Epistrophe grossulariae
Trifolium repens,Episyrphus balteatus
Trifolium repens,Eristalinus aeneus
Trifolium repens,Eristalis obscura
Trifolium repens,Erynnis tristis
Trifolium repens,Eucera rosae
Trifolium repens,Eupeodes latifasciatus
Trifolium repens,Harmonia axyridis
Trifolium repens,Helophilus hybridus
Trifolium repens,Hemiargus ceraunus
Trifolium repens,Hoplitis pilosifrons
Trifolium repens,Hoplitis spoliata
Trifolium repens,Hydraecia micacea
Trifolium repens,Hydriomena furcata
Trifolium repens,Hylaeus pictipes
Trifolium repens,Icaricia icarioides
Trifolium repens,Idaea dimidiata
Trifolium repens,Ischnopterapion virens
Trifolium repens,Lasioglossum leucozonium
Trifolium repens,Lasioglossum versatum
Trifolium repens,Leucoma salicis
Trifolium repens,Lucilia silvarum
Trifolium repens,Lycaena phlaeas
Trifolium repens,Megachile brevis
Trifolium repens,Megachile centuncularis
Trifolium repens,Megachile pusilla
Trifolium repens,Megachile texana
Trifolium repens,Meliscaeva cinctella
Trifolium repens,Mesapamea secalis
Trifolium repens,Microbembex monodonta
Trifolium repens,Musca autumnalis
Trifolium repens,Myathropa florea
Trifolium repens,Noctua comes
Trifolium repens,Nomada affabilis
Trifolium repens,Nomada articulata
Trifolium repens,Nomada superba
Trifolium repens,Oligia strigilis
Trifolium repens,Oscinella frit
Trifolium repens,Osmia atriventris
Trifolium repens,Osmia conjuncta
Trifolium repens,Osmia cordata
Trifolium repens,Osmia distincta
Trifolium repens,Osmia juxta
Trifolium repens,Osmia longula
Trifolium repens,Osmia proxima
Trifolium repens,Osmia pumila
Trifolium repens,Paragus haemorrhous
Trifolium repens,Pararge aegeria
Trifolium repens,Phragmatobia fuliginosa
Trifolium repens,Physocephala texana
Trifolium repens,Pieris napi
Trifolium repens,Plebejus saepiolus
Trifolium repens,Polites coras
Trifolium repens,Pollenia rudis
Trifolium repens,Prionyx atratus
Trifolium repens,Pygodasis ephippium
Trifolium repens,Pyrausta inornatalis
Trifolium repens,Pyrgus communis
Trifolium repens,Rhagonycha fulva
Trifolium repens,Scathophaga stercoraria
Trifolium repens,Speyeria callippe
Trifolium repens,Speyeria mormonia
Trifolium repens,Stylogaster biannulata
Trifolium repens,Syritta pipiens
Trifolium repens,Syrphus ribesii
Trifolium repens,Syrphus torvus
Trifolium repens,Syrphus vitripennis
Trifolium repens,Systoechus vulgaris
Trifolium repens,Tharsalea helloides
Trifolium repens,Thorybes mexicana
Trifolium repens,Thorybes pylades
Trifolium repens,Tipula paludosa
Trifolium repens,Trichodes apiarius
Trifolium repens,Triepeolus remigatus
Trifolium repens,Tyria jacobaeae
Trifolium repens,Vespa velutina
Trifolium repens,Vespula germanica
Trifolium repens,Xestia c-nigrum
Trifolium repens,Xestia xanthographa
Trifolium repens,Zodion fulvifrons
Trifolium subterraneum,Aglais io
Trifolium subterraneum,Andrena plana
Trifolium subterraneum,Andrena wilkella
Trifolium subterraneum,Anthidium oblongatum
Trifolium subterraneum,Aricia agestis
Trifolium subterraneum,Bombus lapidarius
Trifolium subterraneum,Lycaena phlaeas
Trifolium subterraneum,Megachile ericetorum
Trifolium subterraneum,Megachile rotundata
Trifolium subterraneum,Papilio machaon
Trifolium subterraneum,Pollenia pediculata
Trifolium subterraneum,Scaptomyza pallida
Trifolium subterraneum,Scathophaga stercoraria
Trifolium subterraneum,Syrphus ribesii
Trifolium subterraneum,Thymelicus lineola
Trifolium variegatum,Icaricia saepiolus
Trifolium willdenovii,Halictus tripartitus
Trifolium wormskioldii,Lerodea eufala
Trillium ovatum,Bombus
Trillium pusillum,Apis mellifera
Trillium sessile,Centrinites strigicollis
Triodanis perfoliata,Augochlorella aurata
Triodanis perfoliata,Bombus pensylvanicus
Triodanis perfoliata,Ceratina dupla
Triodanis perfoliata,Ceratina floridana
Triodanis perfoliata,Colletes titusensis
Triodanis perfoliata,Elkalyce comyntas
Triodanis perfoliata,Hemiargus ceraunus
Triodanis perfoliata,Hemipenthes sinuosus
Triodanis perfoliata,Lasioglossum versatum
Triodanis perfoliata,Pieris rapae
Triodanis perfoliata,Stylogaster biannulata
Triodanis perfoliata,Thecophora occidensis
Triosteum perfoliatum,Augochlorella aurata
Triosteum perfoliatum,Bombus bimaculatus
Triosteum perfoliatum,Bombus pensylvanicus
Triosteum perfoliatum,Bombus vagans
Triosteum perfoliatum,Ceratina dupla
Tripleurospermum inodorum,Anthophila fabriciana
Tripleurospermum inodorum,Bellardia vulgaris
Tripleurospermum inodorum,Bombus huntii
Tripleurospermum inodorum,Bombus lapidarius
Tripleurospermum inodorum,Bombus ternarius
Tripleurospermum inodorum,Brassicogethes aeneus
Tripleurospermum inodorum,Cercyonis pegala
Tripleurospermum inodorum,Clytus arietis
Tripleurospermum inodorum,Coccinella septempunctata
Tripleurospermum inodorum,Colias croceus
Tripleurospermum inodorum,Colias philodice
Tripleurospermum inodorum,Delia platura
Tripleurospermum inodorum,Delia radicum
Tripleurospermum inodorum,Episyrphus balteatus
Tripleurospermum inodorum,Eristalis arbustorum
Tripleurospermum inodorum,Eristalis nemorum
Tripleurospermum inodorum,Eristalis rupium
Tripleurospermum inodorum,Eristalis stipator
Tripleurospermum inodorum,Eristalis tenax
Tripleurospermum inodorum,Halictus rubicundus
Tripleurospermum inodorum,Helophilus fasciatus
Tripleurospermum inodorum,Helophilus hybridus
Tripleurospermum inodorum,Heriades truncorum
Tripleurospermum inodorum,Hylaeus annulatus
Tripleurospermum inodorum,Hylaeus hyalinatus
Tripleurospermum inodorum,Hylaeus leptocephalus
Tripleurospermum inodorum,Hylaeus pictipes
Tripleurospermum inodorum,Hylaeus punctatus
Tripleurospermum inodorum,Lithurgus chrysurus
Tripleurospermum inodorum,Lucilia sericata
Tripleurospermum inodorum,Lycaena phlaeas
Tripleurospermum inodorum,Musca autumnalis
Tripleurospermum inodorum,Myathropa florea
Tripleurospermum inodorum,Neomyia cornicina
Tripleurospermum inodorum,Pieris napi
Tripleurospermum inodorum,Pieris rapae
Tripleurospermum inodorum,Plutella xylostella
Tripleurospermum inodorum,Pollenia rudis
Tripleurospermum inodorum,Polyommatus icarus
Tripleurospermum inodorum,Rhagonycha fulva
Tripleurospermum inodorum,Scaptomyza pallida
Tripleurospermum inodorum,Scathophaga stercoraria
Tripleurospermum inodorum,Syritta pipiens
Tripleurospermum inodorum,Syrphus ribesii
Tripleurospermum inodorum,Syrphus torvus
Tripleurospermum inodorum,Syrphus vitripennis
Tripleurospermum inodorum,Tharsalea helloides
Tripleurospermum inodorum,Toxomerus marginatus
Tripleurospermum inodorum,Vespula germanica
Tripleurospermum inodorum,Xylota segnis
Triteleia clementina,Bombus griseocollis
Triteleia clementina,Halictus farinosus
Triteleia grandiflora,Bombus flavifrons
Triteleia hyacinthina,Pontia occidentalis
Tropaeolum majus,Allograpta exotica
Tropaeolum majus,Basilinna leucotis
Tropaeolum majus,Bombus
Tropaeolum majus,Bombus flavifrons
Tropaeolum majus,Bombus huntii
Tropaeolum majus,Bombus lapidarius
Tropaeolum majus,Cynanthus latirostris
Tropaeolum majus,Eugenes fulgens
Tropaeolum majus,Hyles lineata
Tropaeolum majus,Phoebis philea
Tropaeolum majus,Polistes dominula
Tropaeolum majus,Selasphorus rufus
Tulipa sylvestris,Apis mellifera
Turritis glabra,Andrena arabis
Turritis glabra,Anthocharis cardamines
Turritis glabra,Anthocharis midea
Turritis glabra,Euchloe ausonides
Turritis glabra,Hylaeus annulatus
Turritis glabra,Hylaeus hyalinatus
Turritis glabra,Hylaeus leptocephalus
Turritis glabra,Hylaeus pictipes
Turritis glabra,Hylaeus punctatus
Turritis glabra,Pontia sisymbrii
Tussilago farfara,Aglais io
Tussilago farfara,Aglais urticae
Tussilago farfara,Andrena clarkella
Tussilago farfara,Andrena dunningi
Tussilago farfara,Bombus
Tussilago farfara,Bombus lapidarius
Tussilago farfara,Botanophila fugax
Tussilago farfara,Cheilosia corydon
Tussilago farfara,Episyrphus balteatus
Tussilago farfara,Eupeodes latifasciatus
Tussilago farfara,Pieris napi
Tussilago farfara,Pollenia rudis
Tussilago farfara,Polygonia c-album
Tussilago farfara,Syrphus ribesii
Typha domingensis,Anartia jatrophae
Ulex europaeus,Aglais io
Ulex europaeus,Andrena clarkella
Ulex europaeus,Andrena wilkella
Ulex europaeus,Apis mellifera
Ulex europaeus,Aricia agestis
Ulex europaeus,Bombus
Ulex europaeus,Bombus hypnorum
Ulex europaeus,Bombus lapidarius
Ulex europaeus,Calliphora vicina
Ulex europaeus,Coccinella septempunctata
Ulex europaeus,Delia platura
Ulex europaeus,Episyrphus balteatus
Ulex europaeus,Eristalis arbustorum
Ulex europaeus,Exapion ulicis
Ulex europaeus,Halictus rubicundus
Ulex europaeus,Megachile ericetorum
Ulex europaeus,Myathropa florea
Ulex europaeus,Pararge aegeria
Ulex europaeus,Xylota segnis
Ulmus americana,Apis mellifera
Ulmus rubra,Apis mellifera
Urena lobata,Dianthidium floridiense
Urena lobata,Halictus ligatus
Urospermum picroides,Colias croceus
Urospermum picroides,Helorus ruficornis
Uvularia grandiflora,Andrena mandibularis
Uvularia grandiflora,Andrena pruni
Uvularia grandiflora,Bombus pensylvanicus
Uvularia grandiflora,Osmia atriventris
Vaccinium angustifolium,Glaucopsyche lygdamus
Vaccinium angustifolium,Platycheirus nearcticus
Vaccinium arboreum,Atlides halesus
Vaccinium corymbosum,Andrena tridens
Vaccinium corymbosum,Augochloropsis sumptuosa
Vaccinium corymbosum,Bombus hypnorum
Vaccinium corymbosum,Bombus lapidarius
Vaccinium corymbosum,Danaus plexippus
Vaccinium corymbosum,Helophilus hybridus
Vaccinium corymbosum,Merodon equestris
Vaccinium corymbosum,Myathropa florea
Vaccinium corymbosum,Osmia ribifloris
Vaccinium corymbosum,Phoebis neocypris
Vaccinium corymbosum,Syrphus ribesii
Vaccinium corymbosum,Syrphus torvus
Vaccinium corymbosum,Syrphus vitripennis
Vaccinium darrowii,Agapostemon splendens
Vaccinium darrowii,Augochlorella aurata
Vaccinium fuscatum,Bombus bimaculatus
Vaccinium fuscatum,Habropoda laboriosa
Vaccinium myrtilloides,Bombus bifarius
Vaccinium vitis-idaea,Apis mellifera
Vaccinium vitis-idaea,Bellardia vulgaris
Vaccinium vitis-idaea,Bombus
Vaccinium vitis-idaea,Bombus bohemicus
Vaccinium vitis-idaea,Bombus hypnorum
Vaccinium vitis-idaea,Bombus lapidarius
Vaccinium vitis-idaea,Bombus sylvicola
Vaccinium vitis-idaea,Episyrphus balteatus
Vaccinium vitis-idaea,Eristalis arbustorum
Vaccinium vitis-idaea,Eristalis tenax
Vaccinium vitis-idaea,Syritta pipiens
Vaccinium vitis-idaea,Syrphus torvus
Valeriana officinalis,Aglais io
Valeriana officinalis,Anthrenus verbasci
Valeriana officinalis,Araschnia levana
Valeriana officinalis,Bombus hypnorum
Valeriana officinalis,Brassicogethes aeneus
Valeriana officinalis,Calliphora vicina
Valeriana officinalis,Calliphora vomitoria
Valeriana officinalis,Carterocephalus palaemon
Valeriana officinalis,Celastrina argiolus
Valeriana officinalis,Dasytes plumbeus
Valeriana officinalis,Episyrphus balteatus
Valeriana officinalis,Epuraea aestiva
Valeriana officinalis,Eristalis arbustorum
Valeriana officinalis,Eristalis nemorum
Valeriana officinalis,Eristalis rupium
Valeriana officinalis,Helophilus hybridus
Valeriana officinalis,Heriades truncorum
Valeriana officinalis,Lycaena phlaeas
Valeriana officinalis,Papilio machaon
Valeriana officinalis,Paragus haemorrhous
Valeriana officinalis,Pieris napi
Valeriana officinalis,Pieris rapae
Valeriana officinalis,Pollenia rudis
Valeriana officinalis,Polyommatus icarus
Valeriana officinalis,Rhagonycha fulva
Valeriana officinalis,Scathophaga stercoraria
Valeriana officinalis,Syritta pipiens
Valeriana officinalis,Syrphus ribesii
Valeriana officinalis,Tharsalea hyllus
Valeriana officinalis,Tipula paludosa
Valeriana officinalis,Xestia c-nigrum
Valeriana sitchensis,Boloria chariclea
Valeriana sitchensis,Vanessa cardui
Valerianella locusta,Syritta pipiens
Verbascum phlomoides,Episyrphus balteatus
Verbascum phlomoides,Eristalis tenax
Verbascum phlomoides,Hylaeus punctatus
Verbascum phlomoides,Lasioglossum zonulum
Verbascum phlomoides,Syritta pipiens
Verbascum virgatum,Episyrphus balteatus
Verbascum virgatum,Hylaeus punctatus
Verbascum virgatum,Syritta pipiens
Verbena bonariensis,Aglais io
Verbena bonariensis,Aglais urticae
Verbena bonariensis,Anagrapha falcifera
Verbena bonariensis,Anthidium florentinum
Verbena bonariensis,Aricia agestis
Verbena bonariensis,Bombus huntii
Verbena bonariensis,Bombus hypnorum
Verbena bonariensis,Bombus lapidarius
Verbena bonariensis,Colias croceus
Verbena bonariensis,Episyrphus balteatus
Verbena bonariensis,Macroglossum stellatarum
Verbena bonariensis,Myathropa florea
Verbena bonariensis,Papilio machaon
Verbena bonariensis,Pieris napi
Verbena bonariensis,Polygonia c-album
Verbena bonariensis,Polyommatus icarus
Verbena bonariensis,Rhagonycha fulva
Verbena bracteata,Calliopsis andreniformis
Verbena bracteata,Elkalyce comyntas
Verbena bracteata,Lasioglossum tegulare
Verbena bracteata,Pholisora mejicanus
Verbena bracteata,Pyrgus communis
Verbena bracteata,Pyrgus scriptura
Verbena bracteata,Speyeria edwardsii
Verbena simplex,Achalarus lyciades
Verbena simplex,Ammophila pictipennis
Verbena simplex,Apis mellifera
Verbena simplex,Augochlorella aurata
Verbena simplex,Bombylius atriceps
Verbena simplex,Ceratina dupla
Verbena simplex,Ceratina strenua
Verbena simplex,Epeolus minimus
Verbena simplex,Hemipenthes sinuosus
Verbena simplex,Lasioglossum hitchensi
Verbena simplex,Lasioglossum tegulare
Verbena simplex,Megachile brevis
Verbena simplex,Megachile mendica
Verbena simplex,Parancistrocerus pensylvanicus
Verbena simplex,Pholisora catullus
Verbena simplex,Somula decora
Verbena simplex,Toxomerus marginatus
Verbena urticifolia,Agapostemon sericeus
Verbena urticifolia,Archytas apicifer
Verbena urticifolia,Bombus pensylvanicus
Verbena urticifolia,Calliopsis andreniformis
Verbena urticifolia,Ceratina dupla
Verbena urticifolia,Chrysanthrax cypris
Verbena urticifolia,Cochliomyia macellaria
Verbena urticifolia,Dioprosopa clavatus
Verbena urticifolia,Elkalyce comyntas
Verbena urticifolia,Epeolus bifasciatus
Verbena urticifolia,Exoprosopa fascipennis
Verbena urticifolia,Heriades leavitti
Verbena urticifolia,Lasioglossum nelumbonis
Verbena urticifolia,Lasioglossum pectorale
Verbena urticifolia,Lasioglossum versatum
Verbena urticifolia,Megachile brevis
Verbena urticifolia,Nomada texana
Verbena urticifolia,Phyciodes tharos
Verbena urticifolia,Scolia bicincta
Verbena urticifolia,Systropus macer
Verbena urticifolia,Thecophora occidensis
Verbena urticifolia,Toxophora amphitea
Verbena urticifolia,Triepeolus cressonii
Verbena urticifolia,Triepeolus lunatus
Verbena urticifolia,Zodion obliquefasciatum
Verbesina alternifolia,Lasioglossum coriaceum
Verbesina alternifolia,Lasioglossum fuscipenne
Verbesina alternifolia,Megachile petulans
Verbesina alternifolia,Syrphus ribesii
Verbesina alternifolia,Triepeolus remigatus
Verbesina encelioides,Chlosyne gorgone
Verbesina encelioides,Chrysis fuscipennis
Verbesina encelioides,Colias philodice
Verbesina encelioides,Hesperia leonardus
Verbesina encelioides,Hesperia uncas
Verbesina encelioides,Lophalia cyanicollis
Verbesina encelioides,Parevander hovorei
Verbesina encelioides,Polites sabuleti
Verbesina encelioides,Pyrgus communis
Verbesina encelioides,Speyeria aphrodite
Verbesina encelioides,Speyeria edwardsii
Verbesina helianthoides,Ammophila nigricans
Verbesina helianthoides,Ammophila pictipennis
Verbesina helianthoides,Ammophila procera
Verbesina helianthoides,Andrena rudbeckiae
Verbesina helianthoides,Apis mellifera
Verbesina helianthoides,Ashmeadiella bucconis
Verbesina helianthoides,Augochlora pura
Verbesina helianthoides,Augochlorella aurata
Verbesina helianthoides,Bombus auricomus
Verbesina helianthoides,Bombus bimaculatus
Verbesina helianthoides,Bombus pensylvanicus
Verbesina helianthoides,Calliopsis andreniformis
Verbesina helianthoides,Ceratina dupla
Verbesina helianthoides,Coelioxys rufitarsis
Verbesina helianthoides,Colletes eulophi
Verbesina helianthoides,Epeolus bifasciatus
Verbesina helianthoides,Eristalis transversa
Verbesina helianthoides,Glenostictia pictifrons
Verbesina helianthoides,Halictus rubicundus
Verbesina helianthoides,Heriades leavitti
Verbesina helianthoides,Hoplitis spoliata
Verbesina helianthoides,Lasioglossum cinctipes
Verbesina helianthoides,Lasioglossum imitatum
Verbesina helianthoides,Lasioglossum versatum
Verbesina helianthoides,Megachile brevis
Verbesina helianthoides,Megachile latimanus
Verbesina helianthoides,Megachile mendica
Verbesina helianthoides,Megachile montivaga
Verbesina helianthoides,Megachile petulans
Verbesina helianthoides,Megachile policaris
Verbesina helianthoides,Megachile pugnata
Verbesina helianthoides,Phyciodes tharos
Verbesina helianthoides,Pseudopanurgus albitarsis
Verbesina helianthoides,Rhynchanthrax parvicornis
Verbesina helianthoides,Svastra obliqua
Verbesina helianthoides,Systoechus vulgaris
Verbesina helianthoides,Toxomerus marginatus
Vernonia fasciculata,Agapostemon sericeus
Vernonia fasciculata,Archilochus colubris
Vernonia fasciculata,Bombus auricomus
Vernonia fasciculata,Ceratina dupla
Vernonia fasciculata,Exoprosopa fasciata
Vernonia fasciculata,Halictus ligatus
Vernonia fasciculata,Heriades leavitti
Vernonia fasciculata,Lasioglossum pruinosum
Vernonia fasciculata,Lasioglossum versatum
Vernonia fasciculata,Megachile inimica
Vernonia fasciculata,Megachile latimanus
Vernonia fasciculata,Melissodes agilis
Vernonia fasciculata,Melissodes niveus
Vernonia fasciculata,Melissodes vernoniae
Vernonia fasciculata,Papilio cresphontes
Vernonia fasciculata,Pieris rapae
Vernonia fasciculata,Polites coras
Vernonia fasciculata,Ptilothrix bombiformis
Vernonia fasciculata,Speyeria cybele
Vernonia fasciculata,Svastra atripes
Vernonia fasciculata,Svastra obliqua
Vernonia fasciculata,Systoechus vulgaris
Vernonia fasciculata,Systropus macer
Vernonia fasciculata,Triepeolus concavus
Vernonia fasciculata,Xylocopa virginica
Veronica arvensis,Apis mellifera
Veronica arvensis,Augochlorella aurata
Veronica arvensis,Bombus
Veronica arvensis,Bombus hypnorum
Veronica arvensis,Bombus lapidarius
Veronica arvensis,Celastrina argiolus
Veronica arvensis,Lasioglossum versatum
Veronica arvensis,Megachile rotundata
Veronica catenata,Celastrina argiolus
Veronica catenata,Euphyes vestris
Veronica catenata,Megachile rotundata
Veronica catenata,Pieris rapae
Veronica catenata,Vanessa cardui
Veronica chamaedrys,Aglais io
Veronica chamaedrys,Aglais urticae
Veronica chamaedrys,Andrena barbilabris
Veronica chamaedrys,Andrena wilkella
Veronica chamaedrys,Bombus hypnorum
Veronica chamaedrys,Bombus lapidarius
Veronica chamaedrys,Celastrina argiolus
Veronica chamaedrys,Chelostoma campanularum
Veronica chamaedrys,Delia radicum
Veronica chamaedrys,Episyrphus balteatus
Veronica chamaedrys,Halictus confusus
Veronica chamaedrys,Lasioglossum zonulum
Veronica chamaedrys,Megachile rotundata
Veronica chamaedrys,Opomyza germinationis
Veronica chamaedrys,Osmia caerulescens
Veronica chamaedrys,Paragus haemorrhous
Veronica chamaedrys,Pollenia rudis
Veronica chamaedrys,Polygonia c-album
Veronica chamaedrys,Scathophaga stercoraria
Veronica chamaedrys,Syritta pipiens
Veronica chamaedrys,Vanessa atalanta
Veronica chamaedrys,Xylota segnis
Veronica filiformis,Celastrina argiolus
Veronica filiformis,Megachile rotundata
Veronica filiformis,Pieris napi
Veronica hederifolia,Celastrina argiolus
Veronica hederifolia,Megachile rotundata
Veronica officinalis,Aglais io
Veronica officinalis,Aglais urticae
Veronica officinalis,Andrena wilkella
Veronica officinalis,Celastrina argiolus
Veronica officinalis,Episyrphus balteatus
Veronica officinalis,Halictus confusus
Veronica officinalis,Lasioglossum zonulum
Veronica officinalis,Megachile rotundata
Veronica officinalis,Pieris rapae
Veronica officinalis,Polygonia c-album
Veronica officinalis,Vanessa atalanta
Veronica officinalis,Xylota segnis
Veronica peregrina,Andrena cressonii
Veronica peregrina,Celastrina argiolus
Veronica peregrina,Lasioglossum imitatum
Veronica peregrina,Lasioglossum pruinosum
Veronica peregrina,Lasioglossum versatum
Veronica peregrina,Megachile rotundata
Veronica peregrina,Toxomerus marginatus
Veronica persica,Aglais io
Veronica persica,Aglais urticae
Veronica persica,Agrotis ipsilon
Veronica persica,Amphipyra tragopoginis
Veronica persica,Andrena wilkella
Veronica persica,Anthocharis cardamines
Veronica persica,Apamea sordens
Veronica persica,Autographa gamma
Veronica persica,Bombus lapidarius
Veronica persica,Bombylius major
Veronica persica,Brassicogethes aeneus
Veronica persica,Caradrina morpheus
Veronica persica,Celastrina argiolus
Veronica persica,Dysstroma truncata
Veronica persica,Epirrhoe alternata
Veronica persica,Episyrphus balteatus
Veronica persica,Eupeodes latifasciatus
Veronica persica,Halictus confusus
Veronica persica,Hydraecia micacea
Veronica persica,Hydriomena furcata
Veronica persica,Idaea dimidiata
Veronica persica,Lasioglossum zonulum
Veronica persica,Leucoma salicis
Veronica persica,Linepithema humile
Veronica persica,Lycaena phlaeas
Veronica persica,Megachile rotundata
Veronica persica,Mesapamea secalis
Veronica persica,Noctua comes
Veronica persica,Noctua pronuba
Veronica persica,Oligia strigilis
Veronica persica,Phragmatobia fuliginosa
Veronica persica,Pieris napi
Veronica persica,Polygonia c-album
Veronica persica,Polyommatus icarus
Veronica persica,Tyria jacobaeae
Veronica persica,Vanessa atalanta
Veronica persica,Vanessa cardui
Veronica persica,Xestia c-nigrum
Veronica persica,Xestia xanthographa
Veronica persica,Xylota segnis
Veronica polita,Apis mellifera
Veronica polita,Bombus lapidarius
Veronica polita,Celastrina argiolus
Veronica polita,Megachile rotundata
Veronica polita,Myathropa florea
Veronica polita,Papilio machaon
Veronica polita,Pieris rapae
Veronica polita,Vespula maculifrons
Veronica scutellata,Celastrina argiolus
Veronica scutellata,Megachile rotundata
Veronica serpyllifolia,Andrena milwaukeensis
Veronica wormskjoldii,Bombus mixtus
Veronicastrum virginicum,Agapostemon texanus
Veronicastrum virginicum,Ammophila procera
Veronicastrum virginicum,Bombus lapidarius
Veronicastrum virginicum,Bombus occidentalis
Veronicastrum virginicum,Ceratina dupla
Veronicastrum virginicum,Elkalyce comyntas
Veronicastrum virginicum,Eristalinus aeneus
Veronicastrum virginicum,Eristalis transversa
Veronicastrum virginicum,Exoprosopa fasciata
Veronicastrum virginicum,Halictus ligatus
Veronicastrum virginicum,Heriades leavitti
Veronicastrum virginicum,Hoplitis pilosifrons
Veronicastrum virginicum,Hoplitis spoliata
Veronicastrum virginicum,Hylaeus affinis
Veronicastrum virginicum,Lasioglossum imitatum
Veronicastrum virginicum,Lasioglossum versatum
Veronicastrum virginicum,Megachile mendica
Veronicastrum virginicum,Stictia carolina
Veronicastrum virginicum,Syritta pipiens
Veronicastrum virginicum,Thecophora occidensis
Veronicastrum virginicum,Toxomerus marginatus
Viburnum dentatum,Andrena alleghaniensis
Viburnum dentatum,Andrena pruni
Viburnum dentatum,Colletes thoracicus
Viburnum edule,Incisalia eryphon
Viburnum lantana,Aglais urticae
Viburnum lantana,Apis mellifera
Viburnum lantana,Bombus hypnorum
Viburnum lantana,Celastrina argiolus
Viburnum lantana,Episyrphus balteatus
Viburnum lantana,Eristalis tenax
Viburnum lantana,Halictus confusus
Viburnum lantana,Harmonia axyridis
Viburnum lantana,Idaea seriata
Viburnum lantana,Isomira murina
Viburnum lantana,Myathropa florea
Viburnum lantana,Pararge aegeria
Viburnum lantana,Pollenia pediculata
Viburnum lantana,Polygonia c-album
Viburnum lantana,Vanessa atalanta
Viburnum lantana,Vanessa cardui
Viburnum lentago,Eristalis transversa
Viburnum opulus,Aglais urticae
Viburnum opulus,Apis mellifera
Viburnum opulus,Bombus hypnorum
Viburnum opulus,Celastrina argiolus
Viburnum opulus,Episyrphus balteatus
Viburnum opulus,Eristalis tenax
Viburnum opulus,Myathropa florea
Viburnum opulus,Pararge aegeria
Viburnum opulus,Pieris rapae
Viburnum opulus,Polygonia c-album
Viburnum opulus,Polyommatus icarus
Viburnum opulus,Valgus hemipterus
Viburnum opulus,Vanessa atalanta
Viburnum plicatum,Syrphus vitripennis
Viburnum prunifolium,Agapostemon sericeus
Viburnum prunifolium,Andrena cressonii
Viburnum prunifolium,Andrena dunningi
Viburnum prunifolium,Andrena erythrogaster
Viburnum prunifolium,Andrena forbesii
Viburnum prunifolium,Andrena hippotes
Viburnum prunifolium,Andrena imitatrix
Viburnum prunifolium,Andrena miserabilis
Viburnum prunifolium,Andrena perplexa
Viburnum prunifolium,Andrena personata
Viburnum prunifolium,Andrena pruni
Viburnum prunifolium,Augochlorella aurata
Viburnum prunifolium,Blera umbratilis
Viburnum prunifolium,Bombylius major
Viburnum prunifolium,Bombylius pulchellus
Viburnum prunifolium,Brachyopa vacua
Viburnum prunifolium,Ceratina dupla
Viburnum prunifolium,Chlosyne nycteis
Viburnum prunifolium,Colletes inaequalis
Viburnum prunifolium,Colletes thoracicus
Viburnum prunifolium,Eristalinus aeneus
Viburnum prunifolium,Eristalis dimidiata
Viburnum prunifolium,Graphomya americana
Viburnum prunifolium,Halictus rubicundus
Viburnum prunifolium,Helophilus latifrons
Viburnum prunifolium,Hemaris thysbe
Viburnum prunifolium,Lasioglossum cressonii
Viburnum prunifolium,Lasioglossum foxii
Viburnum prunifolium,Lasioglossum imitatum
Viburnum prunifolium,Lasioglossum pectorale
Viburnum prunifolium,Lasioglossum tegulare
Viburnum prunifolium,Lasioglossum versatum
Viburnum prunifolium,Lucilia sericata
Viburnum prunifolium,Myolepta strigilata
Viburnum prunifolium,Myopa vesiculosa
Viburnum prunifolium,Nomada cressonii
Viburnum prunifolium,Nomada cuneata
Viburnum prunifolium,Nomada illinoensis
Viburnum prunifolium,Nomada obliterata
Viburnum prunifolium,Orthonevra pictipennis
Viburnum prunifolium,Osmia lignaria
Viburnum prunifolium,Osmia pumila
Viburnum prunifolium,Phormia regina
Viburnum prunifolium,Polistes fuscatus
Viburnum prunifolium,Sphecodes dichrous
Viburnum prunifolium,Sphecodes ranunculi
Viburnum prunifolium,Syritta pipiens
Viburnum prunifolium,Toxomerus marginatus
Viburnum prunifolium,Vanessa virginiensis
Vicia americana,Ancyloxypha numitor
Vicia americana,Bombus terricola
Vicia americana,Colias philodice
Vicia americana,Glaucopsyche lygdamus
Vicia americana,Icaricia icarioides
Vicia americana,Icaricia saepiolus
Vicia americana,Mastor vialis
Vicia americana,Oarisma garita
Vicia americana,Papilio canadensis
Vicia americana,Papilio polyxenes
Vicia americana,Polites themistocles
Vicia americana,Thorybes pylades
Vicia americana,Yvretta rhesus
Vicia benghalensis,Andrena nigrocaerulea
Vicia benghalensis,Bombus bifarius
Vicia benghalensis,Bombus lapidarius
Vicia benghalensis,Ceratina acantha
Vicia benghalensis,Eucera actuosa
Vicia benghalensis,Eucera lunata
Vicia benghalensis,Halictus ligatus
Vicia benghalensis,Linepithema humile
Vicia benghalensis,Melissodes lupinus
Vicia benghalensis,Osmia trevoris
Vicia cracca,Aglais io
Vicia cracca,Aglais urticae
Vicia cracca,Agrotis ipsilon
Vicia cracca,Amphipyra tragopoginis
Vicia cracca,Anthocharis cardamines
Vicia cracca,Apamea sordens
Vicia cracca,Aricia agestis
Vicia cracca,Autographa gamma
Vicia cracca,Boloria selene
Vicia cracca,Bombus bohemicus
Vicia cracca,Bombus centralis
Vicia cracca,Bombus hypnorum
Vicia cracca,Bombus lapidarius
Vicia cracca,Caradrina morpheus
Vicia cracca,Carterocephalus palaemon
Vicia cracca,Celastrina argiolus
Vicia cracca,Chrysotoxum arcuatum
Vicia cracca,Colias croceus
Vicia cracca,Colias hyale
Vicia cracca,Dysstroma truncata
Vicia cracca,Epirrhoe alternata
Vicia cracca,Epistrophe grossulariae
Vicia cracca,Episyrphus balteatus
Vicia cracca,Eristalis arbustorum
Vicia cracca,Euphydryas aurinia
Vicia cracca,Helophilus hybridus
Vicia cracca,Hesperia comma
Vicia cracca,Hydraecia micacea
Vicia cracca,Hydriomena furcata
Vicia cracca,Hylaeus hyalinatus
Vicia cracca,Icaricia saepiolus
Vicia cracca,Idaea dimidiata
Vicia cracca,Leucoma salicis
Vicia cracca,Lycaena phlaeas
Vicia cracca,Mastor vialis
Vicia cracca,Mesapamea secalis
Vicia cracca,Noctua comes
Vicia cracca,Noctua pronuba
Vicia cracca,Ochlodes sylvanoides
Vicia cracca,Oligia strigilis
Vicia cracca,Papilio zelicaon
Vicia cracca,Phragmatobia fuliginosa
Vicia cracca,Pieris napi
Vicia cracca,Polites coras
Vicia cracca,Syritta pipiens
Vicia cracca,Syrphus ribesii
Vicia cracca,Tyria jacobaeae
Vicia cracca,Xestia c-nigrum
Vicia cracca,Xestia xanthographa
Vicia cracca,Xylota segnis
Vicia gigantea,Glaucopsyche lygdamus
Vicia gigantea,Schinia suetus
Vicia hirsuta,Andrena wilkella
Vicia hirsuta,Boloria selene
Vicia hirsuta,Bombus lapidarius
Vicia hirsuta,Coccinella septempunctata
Vicia hirsuta,Harmonia axyridis
Vicia hirsuta,Hesperia comma
Vicia hirsuta,Megachile ericetorum
Vicia hirsuta,Osmia inermis
Vicia hirsuta,Oulema melanopus
Vicia hirsuta,Pieris napi
Vicia hirsuta,Pieris rapae
Vicia hirsuta,Polistes dominula
Vicia hirsuta,Polyommatus icarus
Vicia hirsuta,Scathophaga stercoraria
Vicia hirsuta,Thymelicus lineola
Vicia lathyroides,Andrena wilkella
Vicia lathyroides,Boloria selene
Vicia lathyroides,Harmonia axyridis
Vicia lathyroides,Megachile ericetorum
Vicia lathyroides,Osmia inermis
Vicia lathyroides,Pieris napi
Vicia lathyroides,Pieris rapae
Vicia lathyroides,Polistes dominula
Vicia lathyroides,Thymelicus lineola
Vicia sativa,Aglais urticae
Vicia sativa,Andrena wilkella
Vicia sativa,Anthocharis cardamines
Vicia sativa,Autographa gamma
Vicia sativa,Boloria selene
Vicia sativa,Bombus
Vicia sativa,Bombus hypnorum
Vicia sativa,Bombus lapidarius
Vicia sativa,Brassicogethes aeneus
Vicia sativa,Carterocephalus palaemon
Vicia sativa,Coccinella septempunctata
Vicia sativa,Colias croceus
Vicia sativa,Episyrphus balteatus
Vicia sativa,Eristalis arbustorum
Vicia sativa,Eristalis tenax
Vicia sativa,Helophilus hybridus
Vicia sativa,Hesperia comma
Vicia sativa,Pararge aegeria
Vicia sativa,Pieris napi
Vicia sativa,Pieris rapae
Vicia sativa,Polyommatus icarus
Vicia sativa,Rhagonycha fulva
Vicia sativa,Syrphus ribesii
Vicia tetrasperma,Andrena wilkella
Vicia tetrasperma,Apis mellifera
Vicia tetrasperma,Boloria selene
Vicia tetrasperma,Bombus lapidarius
Vicia tetrasperma,Harmonia axyridis
Vicia tetrasperma,Hesperia comma
Vicia tetrasperma,Megachile centuncularis
Vicia tetrasperma,Megachile ericetorum
Vicia tetrasperma,Osmia inermis
Vicia tetrasperma,Pieris napi
Vicia tetrasperma,Pieris rapae
Vicia tetrasperma,Polistes dominula
Vicia tetrasperma,Thymelicus lineola
Vicia villosa,Anastrangalia laetifica
Vicia villosa,Andrena wilkella
Vicia villosa,Anthocharis cardamines
Vicia villosa,Anthocharis sara
Vicia villosa,Anthophora edwardsii
Vicia villosa,Autographa californica
Vicia villosa,Battus philenor
Vicia villosa,Boloria selene
Vicia villosa,Bombus
Vicia villosa,Bombus californicus
Vicia villosa,Bombus citrinus
Vicia villosa,Bombus lapidarius
Vicia villosa,Bombus perplexus
Vicia villosa,Bombus sonorus
Vicia villosa,Bombus terricola
Vicia villosa,Bruchus brachialis
Vicia villosa,Burnsius communis
Vicia villosa,Callophrys dumetorum
Vicia villosa,Cecropterus lyciades
Vicia villosa,Celastrina argiolus
Vicia villosa,Coccinella septempunctata
Vicia villosa,Coenonympha california
Vicia villosa,Colias croceus
Vicia villosa,Colias eurytheme
Vicia villosa,Danaus plexippus
Vicia villosa,Elkalyce comyntas
Vicia villosa,Epargyreus clarus
Vicia villosa,Episyrphus balteatus
Vicia villosa,Eristalis arbustorum
Vicia villosa,Eristalis tenax
Vicia villosa,Erynnis propertius
Vicia villosa,Erynnis tristis
Vicia villosa,Eucera frater
Vicia villosa,Euchloe ausonides
Vicia villosa,Euclidia ardita
Vicia villosa,Euphyes bimacula
Vicia villosa,Glaucopsyche lygdamus
Vicia villosa,Gymnoclytia occidua
Vicia villosa,Habropoda depressa
Vicia villosa,Helophilus fasciatus
Vicia villosa,Helophilus hybridus
Vicia villosa,Hemaris diffinis
Vicia villosa,Hemaris thetis
Vicia villosa,Hesperia comma
Vicia villosa,Hoplitis pilosifrons
Vicia villosa,Icaricia icarioides
Vicia villosa,Junonia grisea
Vicia villosa,Limenitis bredowii
Vicia villosa,Lon melane
Vicia villosa,Lon zabulon
Vicia villosa,Megachile mendica
Vicia villosa,Nastra lherminier
Vicia villosa,Osmia caerulescens
Vicia villosa,Papilio eurymedon
Vicia villosa,Papilio zelicaon
Vicia villosa,Pieris napi
Vicia villosa,Pieris rapae
Vicia villosa,Polistes fuscatus
Vicia villosa,Polites sabuleti
Vicia villosa,Polyommatus icarus
Vicia villosa,Strymon melinus
Vicia villosa,Syrphus ribesii
Vicia villosa,Thymelicus lineola
Vicia villosa,Vanessa atalanta
Vicia villosa,Vanessa cardui
Vicia villosa,Vanessa virginiensis
Vicia villosa,Wallengrenia egeremet
Vicia villosa,Xylocopa californica
Vicia villosa,Xylocopa tabaniformis
Vicia villosa,Xylocopa virginica
Vicia villosa,Zerene eurydice
Vigna luteola,Anthidiellum perplexum
Vigna luteola,Anthidium maculifrons
Vigna luteola,Coelioxys sayi
Vigna luteola,Dianthidium floridiense
Vigna luteola,Epeolus zonatus
Vigna luteola,Halictus ligatus
Vigna luteola,Megachile exilis
Vigna luteola,Megachile mendica
Vigna luteola,Megachile pseudobrevis
Viguiera dentata,Augochlora aurifera
Viguiera dentata,Augochlorella pomoniella
Viguiera dentata,Coelioxys mexicanus
Viguiera dentata,Exomalopsis mellipes
Viguiera dentata,Exomalopsis similis
Viguiera dentata,Halictus ligatus
Viguiera dentata,Megachile albitarsis
Viguiera dentata,Melissodes tepaneca
Viguiera dentata,Melissoptila otomita
Viguiera dentata,Thessalia leanira
Vinca major,Bombus lapidarius
Vinca major,Bombylius major
Vinca major,Macroglossum stellatarum
Vinca major,Pieris rapae
Vinca minor,Anthocharis cardamines
Vinca minor,Bombus lapidarius
Vinca minor,Pieris napi
Vincetoxicum nigrum,Pollenia rudis
Viola adunca,Erynnis icelus
Viola canadensis,Bombus huntii
Viola canadensis,Osmia tristella
Viola canadensis,Pieris rapae
Viola glabella,Boloria epithore
Viola odorata,Aglais io
Viola odorata,Aglais urticae
Viola odorata,Anthocharis cardamines
Viola odorata,Apis mellifera
Viola odorata,Boloria selene
Viola odorata,Bombus hypnorum
Viola odorata,Bombus lapidarius
Viola odorata,Bombylius major
Viola odorata,Chrysomela vigintipunctata
Viola odorata,Episyrphus balteatus
Viola odorata,Halictus confusus
Viola odorata,Pieris napi
Viola odorata,Pieris rapae
Viola odorata,Polygonia c-album
Viola odorata,Vanessa cardui
Viola palustris,Aglais io
Viola palustris,Bombus
Viola palustris,Bombylius major
Viola palustris,Chrysomela vigintipunctata
Viola palustris,Halictus confusus
Viola palustris,Vanessa cardui
Viola pedata,Anagrapha falcifera
Viola pedata,Anthophora ursina
Viola pedata,Apis mellifera
Viola pedata,Bombus affinis
Viola pedata,Bombus pensylvanicus
Viola pedata,Eristalis stipator
Viola pedata,Lapposyrphus lapponicus
Viola pedata,Pieris rapae
Viola pubescens,Anthophora ursina
Viola pubescens,Augochlorella aurata
Viola pubescens,Bombylius major
Viola pubescens,Ceratina dupla
Viola pubescens,Lasioglossum coriaceum
Viola pubescens,Lasioglossum imitatum
Viola pubescens,Lasioglossum versatum
Viola pubescens,Osmia atriventris
Viola pubescens,Osmia pumila
Viola pubescens,Toxomerus marginatus
Viola riviniana,Aglais io
Viola riviniana,Aglais urticae
Viola riviniana,Anthocharis cardamines
Viola riviniana,Apis mellifera
Viola riviniana,Boloria selene
Viola riviniana,Bombus
Viola riviniana,Bombus hypnorum
Viola riviniana,Bombus lapidarius
Viola riviniana,Bombylius major
Viola riviniana,Pieris napi
Viola riviniana,Pieris rapae
Viola sagittata,Osmia pumila
Viola sororia,Andrena erigeniae
Viola sororia,Andrena pruni
Viola sororia,Ceratina dupla
Viola striata,Apis mellifera
Viola striata,Bombus auricomus
Viola striata,Bombus impatiens
Viola striata,Bombus pensylvanicus
Viola striata,Bombus vagans
Viola striata,Bombylius major
Viola striata,Ceratina calcarata
Viola striata,Osmia atriventris
Viola striata,Osmia conjuncta
Viola striata,Osmia pumila
Viola tricolor,Aglais io
Viola tricolor,Aglais urticae
Viola tricolor,Anthocharis cardamines
Viola tricolor,Anthophora villosula
Viola tricolor,Boloria selene
Viola tricolor,Bombus hypnorum
Viola tricolor,Bombus lapidarius
Viola tricolor,Bombus rufocinctus
Viola tricolor,Pieris napi
Visnaga daucoides,Eriopis chilensis
Vitis rotundifolia,Agapostemon splendens
Vitis rotundifolia,Apis mellifera
Vitis rotundifolia,Augochloropsis sumptuosa
Vitis rotundifolia,Megachile mendica
Vitis rotundifolia,Megachile petulans
Vitis rotundifolia,Megachile pseudobrevis
Vitis vulpina,Bombus impatiens
Vitis vulpina,Bombus pensylvanicus
Wisteria floribunda,Ancistrocerus gazella
Wisteria floribunda,Apis mellifera
Wisteria floribunda,Bombus
Wisteria floribunda,Brassicogethes aeneus
Wisteria floribunda,Episyrphus balteatus
Wisteria floribunda,Myathropa florea
Wisteria floribunda,Polistes dominula
Wisteria sinensis,Andrena wilkella
Wisteria sinensis,Bombus
Wisteria sinensis,Megachile ericetorum
Wisteria sinensis,Megachile sculpturalis
Wisteria sinensis,Osmia inermis
Xerophyllum tenax,Andrena nivalis
Xerophyllum tenax,Apis mellifera
Xerophyllum tenax,Calliphora vomitoria
Xerophyllum tenax,Coelioxys
Xerophyllum tenax,Cosmosalia chrysocoma
Xerophyllum tenax,Hadromyia crawfordi
Xerophyllum tenax,Syritta pipiens
Xerophyllum tenax,Syrphus ribesii
Ximenia americana,Agapostemon splendens
Ximenia americana,Augochloropsis sumptuosa
Ximenia americana,Megachile mendica
Ximenia americana,Melissodes communis
Xyris brevifolia,Lasioglossum nymphale
Xyris brevifolia,Megachile pseudobrevis
Xyris elliottii,Apis mellifera
Xyris elliottii,Augochloropsis sumptuosa
Xyris elliottii,Bombus impatiens
Xyris elliottii,Lasioglossum nymphale
Xyris elliottii,Megachile pseudobrevis
Xyris laxifolia,Toxomerus floralis
Yucca filamentosa,Megachile sculpturalis
Zantedeschia aethiopica,Anthrenus verbasci
Zantedeschia aethiopica,Bruchidius villosus
Zantedeschia aethiopica,Episyrphus balteatus
Zantedeschia aethiopica,Vanessa atalanta
Zanthoxylum americanum,Anagrapha falcifera
Zanthoxylum americanum,Andrena cressonii
Zanthoxylum americanum,Andrena forbesii
Zanthoxylum americanum,Andrena hippotes
Zanthoxylum americanum,Andrena imitatrix
Zanthoxylum americanum,Andrena mandibularis
Zanthoxylum americanum,Andrena miserabilis
Zanthoxylum americanum,Andrena pruni
Zanthoxylum americanum,Apis mellifera
Zanthoxylum americanum,Augochlorella aurata
Zanthoxylum americanum,Brachypalpus oarus
Zanthoxylum americanum,Ceratina calcarata
Zanthoxylum americanum,Colletes inaequalis
Zanthoxylum americanum,Eristalis dimidiata
Zanthoxylum americanum,Eupeodes americanus
Zanthoxylum americanum,Halictus ligatus
Zanthoxylum americanum,Halictus rubicundus
Zanthoxylum americanum,Lasioglossum cinctipes
Zanthoxylum americanum,Lasioglossum coeruleum
Zanthoxylum americanum,Lasioglossum cressonii
Zanthoxylum americanum,Lasioglossum foxii
Zanthoxylum americanum,Lasioglossum imitatum
Zanthoxylum americanum,Lasioglossum versatum
Zanthoxylum americanum,Myopa vesiculosa
Zanthoxylum americanum,Nomada cressonii
Zanthoxylum americanum,Nomada cuneata
Zanthoxylum americanum,Nomada illinoensis
Zanthoxylum americanum,Nomada luteoloides
Zanthoxylum americanum,Orthonevra nitida
Zanthoxylum americanum,Osmia lignaria
Zanthoxylum americanum,Osmia pumila
Zanthoxylum americanum,Phormia regina
Zanthoxylum americanum,Polistes fuscatus
Zanthoxylum americanum,Scathophaga furcata
Zeltnera davyi,Ceratina acantha
Zinnia grandiflora,Erynnis funeralis
Zinnia grandiflora,Junonia evarete
Zizia aurea,Allognosta obscuriventris
Zizia aurea,Anagrapha falcifera
Zizia aurea,Andrena forbesii
Zizia aurea,Andrena imitatrix
Zizia aurea,Andrena nuda
Zizia aurea,Bibio albipennis
Zizia aurea,Bombus vagans
Zizia aurea,Centrinites strigicollis
Zizia aurea,Ceratina dupla
Zizia aurea,Chloromyia formosa
Zizia aurea,Chrysis fuscipennis
Zizia aurea,Colletes aestivalis
Zizia aurea,Ectemnius lapidarius
Zizia aurea,Ectemnius trifasciatus
Zizia aurea,Elkalyce comyntas
Zizia aurea,Episyron biguttatus
Zizia aurea,Euptychia cymela
Zizia aurea,Gymnoclytia immaculata
Zizia aurea,Halictus parallelus
Zizia aurea,Halictus rubicundus
Zizia aurea,Hoplitis pilosifrons
Zizia aurea,Languria mozardi
Zizia aurea,Lasioglossum foxii
Zizia aurea,Lasioglossum pruinosum
Zizia aurea,Lasioglossum tegulare
Zizia aurea,Lasioglossum versatum
Zizia aurea,Melangyna fisherii
Zizia aurea,Meromyza americana
Zizia aurea,Nomada affabilis
Zizia aurea,Nomada articulata
Zizia aurea,Nomada denticulata
Zizia aurea,Nomada superba
Zizia aurea,Onthophagus pennsylvanicus
Zizia aurea,Orthonevra pictipennis
Zizia aurea,Osmia atriventris
Zizia aurea,Osmia pumila
Zizia aurea,Phormia regina
Zizia aurea,Phyciodes tharos
Zizia aurea,Pyrausta orphisalis
Zizia aurea,Sphecodes dichrous
Zizia aurea,Sphecodes ranunculi
Zizia aurea,Sphegina rufiventris
Zizia aurea,Syrphus ribesii
Zizia aurea,Thaumatomyia glabra
Zizia aurea,Thecophora occidensis
Zizia aurea,Trichopoda pennipes
Zizia aurea,Tropidia mamillata
Zizia aurea,Zodion fulvifrons
